item_id,abc_class,avg_daily_demand,demand_std,revenue,inventory_risk_score,risk_category,actual_30d_units,predicted_30d_units,forecast_gap,forecast_gap_pct
FOODS_3_090,A,46.60109589041096,39.84424043255374,251738.72,1.5245204546780493,High Risk,17210,16666.73264346639,-543.2673565336117,-3.1566958543498647
FOODS_3_586,A,45.23041095890411,30.41405694850241,277352.88,1.5104603129093737,High Risk,12535,12783.575074294595,248.57507429459474,1.9830480597893478
FOODS_3_252,A,30.833972602739728,22.714568006572367,177819.52000000002,1.4196241197433477,High Risk,8755,9018.24457417714,263.24457417714075,3.0067912527371874
FOODS_3_120,A,25.596164383561643,28.325887778080002,465257.18000000005,1.3965154353076337,High Risk,7914,7682.181234235123,-231.81876576487684,-2.929223727127582
FOODS_3_587,A,25.153972602739724,12.653090673399658,227693.76,1.3763577442799202,High Risk,7445,7608.847506224607,163.84750622460706,2.200772414030988
FOODS_3_555,A,22.683561643835617,13.907196558387598,139095.6,1.363610854599178,High Risk,7332,7422.532965027677,90.53296502767716,1.2347649349110361
FOODS_3_226,A,19.275890410958905,17.341216213497493,118199.76,1.3498910639080834,High Risk,5825,6111.414613613346,286.41461361334586,4.916989074907225
FOODS_3_694,A,19.400547945205478,12.702774579736435,118964.16,1.3436710503075098,High Risk,6331,6468.384713825631,137.38471382563057,2.170031808965891
FOODS_3_681,A,17.157808219178083,18.43709058537781,64598.75,1.3412723469018721,High Risk,6464,6493.628810583903,29.628810583903032,0.458366500369787
FOODS_3_714,A,19.21123287671233,10.457185930555257,110791.18000000001,1.33928512387188,High Risk,5991,6114.448640596576,123.4486405965763,2.060568195569626
FOODS_3_282,A,17.715616438356165,14.019021743308521,162285.36,1.336740846574616,High Risk,6010,6230.434914458241,220.4349144582411,3.6678022372419488
FOODS_3_202,A,16.435342465753426,13.623658359371744,269766.11,1.329576895231202,High Risk,5852,5688.933096454367,-163.06690354563307,-2.7865157817093826
FOODS_3_069,A,1.5610958904109589,6.403677939494202,16978.56,1.327690815900944,High Risk,225,216.48127123453634,-8.518728765463663,-3.7861016735394064
FOODS_3_723,A,14.826849315068493,12.732276745883627,81298.46,1.3200768461234986,High Risk,5824,6013.25954534204,189.25954534203993,3.249648786779532
FOODS_3_377,A,14.383835616438356,13.283213116531588,88201.68,1.319081863180794,High Risk,3901,3971.3418690621456,70.34186906214563,1.803175315615115
FOODS_2_306,A,0.8386301369863014,3.1425418871325803,12244.72,1.312864438621382,High Risk,213,230.86097344890052,17.860973448900523,8.385433544084753
FOODS_3_288,A,13.093698630136986,12.936147708279211,71170.03,1.3126258124966923,High Risk,5170,5100.481780658156,-69.51821934184409,-1.3446464089331545
FOODS_1_096,A,10.884109589041095,15.490341038382049,270349.19,1.3108834198328638,High Risk,4099,4175.1013995945505,76.10139959455046,1.8565845229214555
FOODS_3_499,A,13.657260273972602,10.901113011763645,124932.7,1.3108112924879392,High Risk,3379,3154.2933972989163,-224.70660270108374,-6.650091823056636
FOODS_2_360,A,10.013698630136986,14.652411164630138,34397.64,1.3064280456595387,High Risk,5276,5168.234371345995,-107.76562865400501,-2.042563090485311
FOODS_3_808,A,9.464109589041096,14.70830659575792,33578.9,1.305496247324384,High Risk,552,715.8992996380341,163.8992996380341,29.691902108339512
FOODS_3_811,A,11.956438356164384,11.379861748348196,82045.08,1.3042666700781074,High Risk,4909,4762.830769432547,-146.16923056745327,-2.9775765037167097
FOODS_2_255,A,1.861095890410959,5.964831976113977,15873.16,1.3038964814261598,High Risk,304,334.1277707382246,30.127770738224626,9.910450900731785
FOODS_3_804,A,12.282465753424658,10.31015029861881,84282.28,1.3031432693841356,High Risk,3727,3816.7668068269163,89.76680682691631,2.408553979793837
HOUSEHOLD_1_459,A,11.651232876712328,10.504367795974646,41293.11,1.3008619226795306,High Risk,3190,3322.4723593799445,132.47235937994446,4.152738538556252
HOUSEHOLD_1_334,A,12.173424657534246,9.222638603429967,43100.52,1.3000949312596155,High Risk,3776,3956.6471479961156,180.64714799611556,4.784087605829332
FOODS_3_376,A,10.35068493150685,12.069442846015246,37780.0,1.300074587709799,High Risk,3401,3196.2928649359924,-204.70713506400762,-6.0190277878273335
FOODS_1_218,A,12.494794520547945,8.379502341704194,44065.64,1.2996697516682987,High Risk,3072,3200.4985152860777,128.4985152860777,4.182894377802008
FOODS_2_326,A,10.858630136986301,10.763954509193603,37958.64,1.298332328907866,High Risk,3696,3734.221749762751,38.22174976275119,1.0341382511566881
HOUSEHOLD_1_356,A,0.5909589041095891,1.9345484851911545,12854.72,1.2976861728640499,High Risk,1,11.608980289498993,10.608980289498993,1060.8980289498993
FOODS_3_444,A,2.961917808219178,8.103193490546147,75364.88,1.2975266078939638,High Risk,0,6.438162214871889,6.438162214871889,
FOODS_3_362,A,10.177808219178083,11.191004717615078,93343.44,1.2970544556527028,High Risk,4391,4637.72598035917,246.72598035916963,5.618901852861982
FOODS_3_739,A,10.769041095890412,10.404590097959618,58558.25,1.2970350789763778,High Risk,3954,3925.5936756364167,-28.40632436358328,-0.7184199383809631
FOODS_3_541,A,6.933698630136987,12.275363896927814,24709.64,1.2954089907352075,High Risk,402,530.6666630216204,128.66666302162037,32.00663259244288
HOUSEHOLD_1_110,A,11.287397260273973,8.079583604237307,160518.03,1.293192299255189,High Risk,3594,3469.0189844407655,-124.98101555923449,-3.4774906944695183
FOODS_3_073,A,1.070958904109589,3.2195033585224455,11498.68,1.293107902588609,High Risk,0,7.31796937536383,7.31796937536383,
FOODS_3_635,A,7.282739726027398,11.55154797031463,25846.399999999998,1.2923722893378253,High Risk,478,582.755492244785,104.75549224478505,21.91537494660775
FOODS_3_318,A,9.066301369863014,10.551962733558977,48799.52,1.2917435192310958,High Risk,4666,4777.338347427378,111.33834742737781,2.3861626109596616
FOODS_3_607,A,10.21013698630137,8.839698209624853,91788.88,1.2905582779009477,High Risk,2798,3089.4836026294424,291.48360262944243,10.417569786613381
FOODS_3_080,A,11.394520547945206,6.792462138642669,69871.2,1.2904493904583225,High Risk,3280,3323.4737941973012,43.47379419730123,1.3254205547957694
FOODS_3_441,A,1.7572602739726026,4.809353400644794,44679.86,1.2898017311257457,High Risk,0,6.438162214871889,6.438162214871889,
FOODS_3_329,A,7.175890410958904,10.823265420589493,77666.16,1.2894511600402112,High Risk,4405,4391.492077579396,-13.50792242060379,-0.30664977118283293
HOUSEHOLD_1_418,A,9.71041095890411,8.857337439846745,34414.2,1.2886711183467172,High Risk,3161,3227.1100812473223,66.11008124732234,2.091429333986787
FOODS_3_086,A,8.342739726027398,10.07658033526994,31451.75,1.288346220457834,High Risk,3585,3599.547426957376,14.547426957376047,0.4057859681276443
FOODS_3_404,A,6.91972602739726,10.522672278412845,24359.04,1.2881575645909709,High Risk,370,538.5840314768932,168.5840314768932,45.563251750511675
FOODS_3_150,A,3.148767123287671,7.404164713041573,21854.239999999998,1.2877069947821482,High Risk,2893,2981.7229314106958,88.72293141069576,3.0668140826372543
FOODS_3_099,A,10.742739726027397,6.844621555064039,98361.76,1.2874299534583227,High Risk,3171,3305.634594506583,134.6345945065832,4.245808719854406
FOODS_3_319,A,6.681917808219178,10.186365701155752,23720.059999999998,1.2867353324936324,High Risk,475,699.1261585176997,224.12615851769965,47.18445442477887
FOODS_3_295,A,8.948219178082192,8.952498092432117,26128.56,1.2862975962253036,High Risk,3298,3401.6197486716137,103.6197486716137,3.1418965637238845
HOUSEHOLD_1_465,A,9.142739726027397,8.71645600358692,32399.89,1.2861989770461313,High Risk,3509,3439.6556140912726,-69.34438590872742,-1.9761865462732238
FOODS_3_501,A,8.577808219178083,9.150494170491365,25047.2,1.2858140122877308,High Risk,3121,3234.891766791399,113.89176679139882,3.649207522954143
HOUSEHOLD_1_366,A,0.8652054794520548,2.420661106125173,18821.68,1.2858067034727925,High Risk,0,12.324486081393955,12.324486081393955,
FOODS_3_800,A,2.0295890410958903,5.134603759220259,13992.539999999999,1.2856191421231125,High Risk,2101,2090.262482814831,-10.737517185169054,-0.5110669769238008
FOODS_3_389,A,10.093424657534246,7.084100017564695,61892.88,1.2851058143515186,High Risk,3121,3130.367073304936,9.367073304936184,0.30013051281436026
FOODS_3_462,A,8.608767123287672,8.853506449207822,31422.0,1.2849139285750366,High Risk,2568,2557.177170169438,-10.822829830562114,-0.42144975975709165
HOUSEHOLD_1_521,A,8.463013698630137,8.470630298344018,29646.14,1.2831861259379573,High Risk,1955,2059.392751446252,104.39275144625208,5.33978268267274
FOODS_3_702,A,8.210684931506849,8.654049267700096,89366.28,1.2830845239052115,High Risk,2472,2138.785557145565,-333.2144428544352,-13.47954865916
FOODS_3_064,A,6.795890410958904,9.291847609423895,29262.699999999997,1.2829609606883636,High Risk,2531,2406.144647997829,-124.855352002171,-4.933044330390004
FOODS_3_382,A,1.4249315068493151,3.6428651112730392,10023.78,1.2824907559156298,High Risk,423,511.23371875386965,88.23371875386965,20.859035166399444
FOODS_3_785,A,6.8561643835616435,9.022663925879483,74173.53,1.281878294424398,High Risk,756,562.2460288920079,-193.75397110799213,-25.62883215714182
FOODS_2_181,A,8.056986301369863,8.332862545656202,54087.76,1.2815284424786721,High Risk,3364,3416.7576498081085,52.757649808108454,1.5683011239033429
FOODS_3_491,A,8.485205479452055,7.591114598917766,45259.78,1.28028128945592,High Risk,3040,3143.0153181477253,103.01531814772534,3.3886617811751756
FOODS_3_305,A,0.5887671232876712,1.555737042417733,10057.32,1.2795697576264842,High Risk,625,598.0610984005258,-26.938901599474207,-4.310224255915873
FOODS_3_524,A,5.298630136986302,8.375611104460765,18722.78,1.2794432933484616,High Risk,244,382.5812768511267,138.5812768511267,56.7956052668552
HOUSEHOLD_2_514,A,0.15534246575342467,0.42170516778754985,11068.08,1.2788534785915422,High Risk,52,53.53340844172177,1.5334084417217682,2.9488623879264773
FOODS_3_059,A,1.4416438356164383,3.4857919397522963,9996.26,1.278623742990297,High Risk,1475,1487.8323304132089,12.832330413208865,0.8699885025904316
FOODS_3_516,A,9.17068493150685,6.260418300282437,126527.93999999999,1.2786150110358425,High Risk,2954,3064.3476133558734,110.34761335587336,3.7355319348636886
HOUSEHOLD_1_447,A,8.66027397260274,6.902220813506843,30639.12,1.2786083722640667,High Risk,2458,2640.832121713181,182.8321217131811,7.43824742527181
HOUSEHOLD_1_303,A,8.016986301369863,7.427164314773859,28187.89,1.278179027819097,High Risk,2153,2180.961568593641,27.961568593641005,1.2987258984505807
FOODS_2_316,A,0.795068493150685,2.018325962552749,28961.960000000003,1.2779207737076308,High Risk,449,446.6974863995763,-2.3025136004237083,-0.5128092651277747
FOODS_3_458,A,9.505205479452055,5.466217059201844,68694.12,1.277683293743869,High Risk,3039,3155.8895467744687,116.88954677446873,3.8463161163036768
FOODS_1_205,A,0.6035616438356164,1.5477557102886739,11624.28,1.2774282508908157,High Risk,307,297.6476260753519,-9.352373924648077,-3.046375871220872
HOBBIES_1_384,A,0.2663013698630137,0.7010064151675772,10027.56,1.2772075208084233,High Risk,228,224.2181630443778,-3.7818369556221967,-1.6587004191325423
FOODS_3_154,A,3.841643835616438,6.968678116266385,41785.56,1.2767536729533129,High Risk,1457,1452.5989153839844,-4.401084616015623,-0.30206483294547865
HOUSEHOLD_1_060,A,0.16410958904109588,0.43063629372648227,17920.079999999998,1.2763115453128842,High Risk,55,58.00970220227015,3.009702202270148,5.472185822309361
FOODS_3_767,A,4.0947945205479455,7.118139456100534,14491.619999999999,1.2762139681611055,High Risk,200,298.2560514417473,98.25605144174727,49.12802572087364
FOODS_3_030,A,6.121643835616438,7.687048008212661,30610.719999999998,1.275421078623722,High Risk,2786,2879.5788135882244,93.57881358822442,3.3588949600942004
HOUSEHOLD_2_152,A,0.20191780821917807,0.5209206638199778,10009.8,1.275286978613437,High Risk,73,74.11932613595809,1.1193261359580902,1.533323473915192
FOODS_3_764,A,3.1254794520547944,5.998915824467678,33715.84,1.275165302116079,High Risk,2024,1969.218677517003,-54.781322482996984,-2.7065870791994557
HOUSEHOLD_1_339,A,7.613150684931507,6.941713423011989,26979.72,1.2751599244190952,High Risk,1713,1813.5680555749975,100.56805557499752,5.870873063339026
FOODS_1_085,A,8.705753424657534,5.791905673317352,30863.28,1.2751241223424739,High Risk,2496,2626.877233618438,130.8772336184379,5.243478910995108
HOBBIES_1_048,A,6.867397260273973,7.288815735380339,12031.68,1.2746482178775562,High Risk,2250,2274.4987685087394,24.49876850873943,1.0888341559439747
HOUSEHOLD_1_523,A,0.2432876712328767,0.6193996660248033,18158.89,1.2745808351631198,High Risk,87,91.95549072967883,4.955490729678829,5.6959663559526765
HOUSEHOLD_1_436,A,0.2989041095890411,0.7569710045912088,10858.27,1.2745526264823588,High Risk,2,7.163280822206218,5.163280822206218,258.1640411103109
HOUSEHOLD_2_395,A,0.753972602739726,1.8236192363012684,10099.84,1.2742183563956933,High Risk,223,207.79337301750422,-15.206626982495777,-6.819115238787345
FOODS_1_204,A,4.098630136986301,6.826079893840712,14618.64,1.2741484255550313,High Risk,1413,1569.383072977292,156.38307297729193,11.067450316864255
HOBBIES_1_354,A,5.947671232876712,7.426427394356582,498872.82,1.2740978193685737,High Risk,1602,1613.5627011704166,11.56270117041663,0.7217666148824363
FOODS_3_307,A,1.1402739726027398,2.6538791871402614,16564.76,1.2740875367538853,High Risk,1410,1430.6557668080045,20.6557668080045,1.4649480005676951
FOODS_1_180,A,1.0715068493150686,2.4975919733222747,38991.66,1.2737455221653404,High Risk,196,200.79700321076956,4.79700321076956,2.4474506177395714
FOODS_2_302,A,0.7928767123287671,1.8909293510075034,28940.120000000003,1.2734999268240208,High Risk,535,518.7438259114862,-16.25617408851383,-3.0385372128063235
FOODS_3_109,A,6.014794520547945,7.2644748971895,21954.0,1.2733581227092265,High Risk,1790,1777.7749098956165,-12.225090104383526,-0.6829659276191914
HOBBIES_1_166,A,0.403013698630137,0.9938378031022228,15203.58,1.2733164912105461,High Risk,371,356.705591603945,-14.294408396055019,-3.8529402684784415
HOUSEHOLD_1_118,A,6.025479452054794,7.24864036751525,21333.21,1.273290120874835,High Risk,1801,1704.3448684159202,-96.65513158407975,-5.366748005778998
FOODS_2_398,A,3.8104109589041095,6.472464271605357,33795.58,1.273244319019346,High Risk,1304,1227.444097589048,-76.55590241095206,-5.8708514118828266
FOODS_1_107,A,0.6978082191780822,1.6722127708644987,12877.720000000001,1.2732171908611114,High Risk,284,296.4926267494036,12.492626749403598,4.398812235705493
HOUSEHOLD_1_019,A,7.126575342465753,6.775407349357991,25246.29,1.2731436715597066,High Risk,1767,1905.5737034089075,138.57370340890748,7.842314850532399
FOODS_3_455,A,6.817534246575343,6.925245395622584,61090.78,1.273020447563471,High Risk,1909,2053.535291906046,144.53529190604604,7.571256778734732
HOBBIES_1_257,A,0.1884931506849315,0.4706562686210795,11569.12,1.2728224073330534,High Risk,46,54.32777494199183,8.327774941991827,18.103858569547448
FOODS_3_039,A,1.0813698630136985,2.4806642308507296,15709.06,1.2727503742826607,High Risk,1330,1369.4756337421531,39.47563374215315,2.968092762567906
FOODS_3_135,A,7.052876712328767,6.686963605973431,38099.64,1.2725945040799185,High Risk,1944,1974.4393349173226,30.43933491732264,1.5658094093272963
FOODS_3_406,A,6.353972602739726,7.018018296920537,18518.670000000002,1.2725802894150389,High Risk,2118,2146.0960541221552,28.096054122155238,1.3265370218203607
HOBBIES_1_387,A,3.801095890410959,6.369838398364337,14978.02,1.272529436674885,High Risk,1114,1083.9965265492538,-30.00347345074624,-2.693310004555318
FOODS_1_018,A,7.776986301369863,6.063572656416089,27533.96,1.272425492262975,High Risk,3295,3341.9299244136264,46.929924413626395,1.4242769169537601
HOBBIES_1_349,A,0.2810958904109589,0.692043735447868,10524.48,1.2724150241020293,High Risk,246,246.70731751009282,0.7073175100928211,0.28752744312716305
FOODS_1_004,A,6.075616438356164,7.045425366697298,43461.74,1.2723689467810277,High Risk,0,6.713471951468819,6.713471951468819,
FOODS_1_032,A,6.294794520547946,6.986947096768913,22290.32,1.2723555534894238,High Risk,2074,2141.5979219070314,67.59792190703138,3.259301924157733
FOODS_2_347,A,7.204383561643835,6.5012495344498555,53337.0,1.2722587531321194,High Risk,2440,2411.8246655980493,-28.17533440195075,-1.15472681975208
FOODS_3_134,A,3.9164383561643836,6.406729336321458,99755.1,1.272126714781406,High Risk,1848,1808.7204122314952,-39.279587768504825,-2.125518818642036
HOBBIES_1_371,A,5.751232876712328,7.036609420993613,10075.539999999999,1.2721124739855472,High Risk,1611,1601.0319391536564,-9.968060846343633,-0.6187498973521808
HOBBIES_1_254,A,5.585205479452055,7.02265060831211,14270.199999999999,1.2720150210500938,High Risk,1886,1901.4421356914768,15.442135691476778,0.8187770780210382
HOBBIES_1_260,A,0.24082191780821918,0.5916467800743234,11049.52,1.2720075535077462,High Risk,23,15.771496293328141,-7.228503706671859,-31.42827698552982
FOODS_3_233,A,5.504109589041096,7.011958589837599,50489.3,1.2719685383531658,High Risk,2423,2556.5138108084707,133.51381080847068,5.5102687085625535
FOODS_2_128,A,4.488767123287671,6.719327853266735,15419.32,1.2718266628813073,High Risk,2496,2461.1111786270576,-34.8888213729424,-1.3977893178262182
HOUSEHOLD_1_448,A,6.8613698630136986,6.599406476354057,24293.55,1.2717546098507395,High Risk,2592,2607.593914760904,15.593914760904227,0.6016170818250087
HOBBIES_1_405,A,0.2252054794520548,0.5517557356821543,10422.96,1.2717128369555177,High Risk,59,60.419672610144275,1.419672610144275,2.4062247629563984
FOODS_3_511,A,4.897534246575343,6.851869576382517,124322.48000000001,1.271651200000665,High Risk,2747,2805.024524291425,58.02452429142522,2.1122870146132224
HOUSEHOLD_1_351,A,7.409041095890411,6.154098190578442,26255.38,1.2715176514360353,High Risk,1929,2042.3856480114382,113.3856480114382,5.877949611790472
FOODS_3_435,A,4.024109589041096,6.386429637733523,21694.56,1.2714199297052924,High Risk,1932,2038.1667301124658,106.16673011246576,5.4951723660696565
HOBBIES_1_015,A,3.9972602739726026,6.365112256901209,10210.599999999999,1.2713998568134557,High Risk,989,980.6224781362736,-8.377521863726429,-0.8470699558874042
FOODS_2_298,A,0.2104109589041096,0.5135607974450698,10717.460000000001,1.2713520574584702,High Risk,98,103.27991153944895,5.279911539448946,5.3876648361723944
HOUSEHOLD_2_459,A,0.20657534246575343,0.5043635822741054,14733.16,1.271350212367732,High Risk,73,67.18999844508107,-5.810001554918927,-7.958906239614969
HOUSEHOLD_2_391,A,0.2243835616438356,0.5458505530431587,10397.46,1.2712101725775184,High Risk,77,78.52225422110293,1.5222542211029264,1.9769535338999045
HOBBIES_1_184,A,0.22684931506849315,0.5505842252297817,10499.039999999999,1.2710661624580841,High Risk,64,62.67297813998991,-1.3270218600100918,-2.0734716562657685
FOODS_2_021,A,3.492054794520548,5.911104264697798,11995.8,1.271025752381276,High Risk,1725,1682.5217188266497,-42.4782811733503,-2.4625090535275533
HOUSEHOLD_1_427,A,1.09013698630137,2.417470040210561,23710.84,1.2706152492998108,High Risk,4,14.998850959331358,10.998850959331358,274.97127398328394
FOODS_2_209,A,0.6038356164383561,1.4047980168603602,13157.88,1.2706069887000178,High Risk,215,211.02999708008855,-3.970002919911451,-1.8465129860053262
HOUSEHOLD_1_430,A,4.879452054794521,6.663442698430107,17165.73,1.2705760127427317,High Risk,1259,1273.9022702764112,14.902270276411173,1.183659275330514
HOUSEHOLD_2_223,A,0.18958904109589042,0.45841134979831044,10351.04,1.2705632783572818,High Risk,46,47.791299489977256,1.7912994899772556,3.894129326037512
FOODS_2_206,A,0.46657534246575344,1.094897379572734,16992.73,1.2703029615742727,High Risk,222,232.12544408337763,10.12544408337763,4.561010848368302
HOUSEHOLD_1_056,A,0.3665753424657534,0.8683595366836988,15911.720000000001,1.2702951604027501,High Risk,183,148.22093476610712,-34.77906523389288,-19.004953679722885
FOODS_1_215,A,1.6016438356164384,3.3420508608372,10756.640000000001,1.2701527838407276,High Risk,542,561.1455168161083,19.145516816108284,3.5323831764037426
HOBBIES_1_180,A,0.18767123287671234,0.4492450368933663,13661.9,1.2698588092772918,High Risk,85,73.9052986441107,-11.094701355889299,-13.052589830458
HOBBIES_1_087,A,0.47506849315068495,1.103847531690477,21260.42,1.269694775282337,High Risk,62,45.77213307828041,-16.22786692171959,-26.173978905999334
FOODS_2_013,A,4.706301369863014,6.446889819466362,30708.76,1.2695826230839635,High Risk,2252,2186.442799838235,-65.5572001617652,-2.9110657265437476
FOODS_3_263,A,2.547945205479452,4.721806162507646,23371.52,1.2695495007001523,High Risk,2829,2838.2252832538725,9.225283253872476,0.32609696903048696
HOUSEHOLD_1_327,A,6.532054794520548,6.2368249644268605,22977.7,1.269433349409423,High Risk,1875,1877.8568284688067,2.856828468806725,0.15236418500302534
HOUSEHOLD_1_277,A,6.291780821917809,6.333913328271616,22281.67,1.2693747950773686,High Risk,1367,1409.414079536458,42.414079536458075,3.10271247523468
HOBBIES_1_357,A,0.3304109589041096,0.7746186720103216,17089.38,1.2693616265286238,High Risk,92,96.3476296840821,4.347629684082094,4.725684439219667
FOODS_1_055,A,2.7904109589041095,4.992476235255894,42604.3,1.2692741778127408,High Risk,701,700.8348000569268,-0.1651999430731621,-0.023566325688040242
FOODS_2_117,A,0.7331506849315068,1.650140029694524,15975.72,1.2692683171185566,High Risk,324,311.45267116040714,-12.547328839592865,-3.872632357899032
HOBBIES_1_246,A,0.29835616438356166,0.6984479793664984,11949.19,1.269057117658148,High Risk,84,99.53964410103498,15.53964410103498,18.49957631075593
FOODS_2_197,A,6.3871232876712325,6.220220802612033,76959.94,1.2690471234043,High Risk,1973,1946.6577943301236,-26.34220566987642,-1.3351346006019473
HOUSEHOLD_2_051,A,0.33315068493150685,0.7745062283894174,12123.52,1.2688166684786086,High Risk,142,138.1111077988713,-3.888892201128698,-2.738656479668097
FOODS_3_572,A,2.2739726027397262,4.2950903860451115,20859.12,1.2688073853627526,High Risk,2594,2549.481839293786,-44.518160706214076,-1.7161974057908278
FOODS_3_741,A,5.201643835616438,6.387152898842255,25631.100000000002,1.2687010362953428,High Risk,1765,1721.2493143890786,-43.75068561092144,-2.4787923858879
HOUSEHOLD_1_029,A,1.530958904109589,3.1373509729367424,41350.08,1.2686261299082418,High Risk,495,471.5568781145471,-23.44312188545291,-4.7359842192834165
HOUSEHOLD_1_276,A,0.17671232876712328,0.4158481933449395,11587.679999999998,1.2686256851293303,High Risk,54,58.781988603005516,4.781988603005516,8.855534450010214
FOODS_1_043,A,5.765205479452055,6.294450724201424,41243.36,1.2684255592454843,High Risk,0,6.438162214871889,6.438162214871889,
HOUSEHOLD_1_179,A,6.341917808219178,6.095775430315062,22242.12,1.2683924367171322,High Risk,1340,1375.464324502858,35.46432450285806,2.646591380810303
FOODS_3_760,A,6.429041095890411,6.050942087727895,67576.92,1.2683797546071702,High Risk,2298,2228.357071179054,-69.64292882094605,-3.0305887215381224
FOODS_1_150,A,0.9673972602739725,2.094579274870118,18638.7,1.268321934255664,High Risk,448,449.0642730606387,1.0642730606386976,0.23756095103542357
HOBBIES_1_125,A,0.2553424657534247,0.5936590167801604,10917.54,1.2683203464911363,High Risk,87,79.17665648184314,-7.823343518156861,-8.992348871444667
FOODS_3_682,A,6.010684931506849,6.178414836326766,76989.42,1.2681734492881844,High Risk,2548,2551.7275052071427,3.7275052071427126,0.14629141315316768
FOODS_2_140,A,0.6756164383561644,1.503073480727522,24610.68,1.2681520662001,High Risk,363,349.80690874690873,-13.193091253091268,-3.634460400300625
FOODS_3_744,A,7.329041095890411,5.34216518550618,60992.28,1.2680855514933096,High Risk,2041,2033.821180004946,-7.1788199950540275,-0.3517305240104864
FOODS_3_324,A,3.5323287671232877,5.5754788766670025,38370.0,1.2680066165836918,High Risk,412,346.3107450894387,-65.68925491056132,-15.943993910330418
HOUSEHOLD_1_184,A,0.7358904109589041,1.6126213581864914,32101.95,1.2675834845850686,High Risk,287,275.5616672412213,-11.4383327587787,-3.9854817974838674
FOODS_2_088,A,0.48164383561643836,1.0819111285352025,13132.26,1.2675212255610315,High Risk,210,230.98005943425989,20.980059434259886,9.990504492504709
HOBBIES_1_186,A,0.25589041095890414,0.5855196004971038,14866.59,1.2672688802283376,High Risk,131,134.231818945939,3.231818945939011,2.4670373633122225
FOODS_3_789,A,5.5638356164383564,6.096232619548708,30054.63,1.2672407472198162,High Risk,2633,2626.064050796109,-6.935949203891141,-0.2634238208845857
FOODS_3_281,A,5.314520547945206,6.115830206976782,25849.789999999997,1.2672156195259867,High Risk,2697,2729.499722235283,32.499722235283116,1.205032340944869
FOODS_2_317,A,0.24246575342465754,0.5531290220649018,12349.470000000001,1.2669846068506563,High Risk,129,121.76183667504459,-7.2381633249554085,-5.610979321670859
HOBBIES_1_158,A,5.1627397260273975,6.04847805354766,433035.12,1.2668346337084138,High Risk,1633,1660.056501486127,27.05650148612699,1.6568586335656454
HOUSEHOLD_2_289,A,0.6646575342465754,1.4421844844279277,14289.56,1.2665062575393542,High Risk,365,333.4404141703734,-31.5595858296266,-8.646461871130574
HOBBIES_1_393,A,0.2095890410958904,0.4759679190932221,21989.7,1.2664773238141647,High Risk,57,59.69855098041292,2.698550980412918,4.734299965636699
FOODS_3_020,A,3.225205479452055,5.1326306372460655,11272.679999999998,1.266402225596635,High Risk,1470,1417.9046554803492,-52.09534451965078,-3.543900987731346
FOODS_3_540,A,3.5572602739726027,5.39252684177922,38586.1,1.266374896190007,High Risk,2281,2251.080031335484,-29.91996866451609,-1.311704018610964
HOUSEHOLD_1_150,A,0.23232876712328768,0.5253208197692638,10579.34,1.2663412748217349,High Risk,83,75.65660704876639,-7.343392951233611,-8.847461387028446
HOUSEHOLD_1_357,A,0.8498630136986302,1.7974834675119695,37051.020000000004,1.266127274750437,High Risk,579,508.8813070888675,-70.11869291113248,-12.110309656499565
HOBBIES_1_362,A,0.2945205479452055,0.6589374197492264,10432.13,1.2660594545959518,High Risk,81,84.21577675112259,3.21577675112259,3.970094754472333
FOODS_3_756,A,7.627123287671233,4.487109358581261,69597.5,1.2659724358973423,High Risk,2224,2260.4974127256933,36.497412725693266,1.6410707160833302
FOODS_2_256,A,1.0038356164383562,2.0819038063410122,22977.120000000003,1.2659404184773497,High Risk,356,338.43540989290875,-17.56459010709125,-4.933873625587429
HOUSEHOLD_1_477,A,0.4523287671232877,0.9869253801976252,22255.48,1.2654852403359738,High Risk,112,102.32024955615485,-9.679750443845151,-8.642634324861742
HOUSEHOLD_1_032,A,1.7008219178082191,3.2270140213788276,65052.880000000005,1.2653620436813713,High Risk,1077,1063.0781664717051,-13.921833528294883,-1.2926493526736196
HOUSEHOLD_1_389,A,5.794520547945205,5.666290547108658,20348.12,1.2653469335046619,High Risk,1294,1286.0843190248033,-7.915680975196665,-0.6117218682532198
FOODS_1_113,A,3.6112328767123287,5.295782368447422,12816.539999999999,1.2653042920216977,High Risk,1168,1299.5504279412075,131.55042794120754,11.26287910455544
FOODS_1_088,A,0.9635616438356165,1.984604605323468,18560.04,1.2652712204020558,High Risk,500,482.1654388946349,-17.834561105365083,-3.5669122210730166
FOODS_3_578,A,2.7446575342465755,4.536627249059383,29686.55,1.265071857445901,High Risk,292,275.4456859779636,-16.554314022036408,-5.669285623985072
HOBBIES_1_269,A,0.24465753424657535,0.5416398731983912,10474.890000000001,1.2650658598102216,High Risk,48,56.500469860339166,8.500469860339166,17.70931220903993
HOUSEHOLD_1_204,A,1.524931506849315,2.93373566325736,10464.08,1.2649903237109112,High Risk,512,484.0496905979493,-27.95030940205072,-5.459044805088031
HOUSEHOLD_1_414,A,5.378630136986302,5.664617919791463,18865.17,1.2648291132218332,High Risk,1507,1511.0660232554458,4.066023255445771,0.2698091078597061
HOUSEHOLD_2_454,A,0.34136986301369865,0.7452513688807031,9930.619999999999,1.264806598872282,High Risk,94,95.89516077091525,1.895160770915254,2.0161284796970786
FOODS_1_012,A,6.035342465753424,5.452463818691526,132590.87,1.264762181745807,High Risk,1764,1744.8588112359923,-19.141188764007666,-1.08510140385531
HOBBIES_1_275,A,0.45123287671232876,0.9717606913954716,20334.61,1.264666343651888,High Risk,49,29.633972317688485,-19.366027682311515,-39.52250547410513
HOBBIES_1_243,A,0.2720547945205479,0.5966127069774084,13780.93,1.2646433564180826,High Risk,85,88.22891024862646,3.2289102486264625,3.798717939560544
HOUSEHOLD_1_254,A,5.869315068493151,5.486890210181814,20780.31,1.26459447130337,High Risk,1821,1901.2694676153112,80.26946761531121,4.407988336919891
FOODS_2_019,A,4.298356164383562,5.521280739798482,52108.82,1.2645092111831728,High Risk,1299,1253.7946951248496,-45.20530487515043,-3.4800080735296715
FOODS_1_159,A,0.6413698630136986,1.3497209145548876,13194.65,1.2644812906400562,High Risk,182,166.61073513459945,-15.389264865400548,-8.455640035934367
FOODS_3_002,A,2.9257534246575343,4.65472349954793,26699.01,1.2644611806951835,High Risk,0,13.330087459021179,13.330087459021179,
HOUSEHOLD_1_223,A,0.33095890410958906,0.7185827003497084,11439.76,1.2643981375082127,High Risk,200,202.10814152481726,2.108141524817256,1.054070762408628
FOODS_3_327,A,3.4364383561643836,5.0632544151269006,41139.84,1.2643776858472728,High Risk,921,958.0195111549729,37.01951115497286,4.019490896305414
HOUSEHOLD_2_039,A,0.33863013698630134,0.7342860341230623,13017.92,1.2643668496928742,High Risk,103,95.25960292848052,-7.740397071519482,-7.514948613125711
HOBBIES_1_027,A,0.25643835616438354,0.5604029250235362,18765.27,1.2643232778286677,High Risk,82,84.37376649772234,2.373766497722343,2.894837192344321
HOUSEHOLD_1_096,A,6.026027397260274,5.363276756907725,85789.14,1.264317811886933,High Risk,2016,2091.373697319783,75.37369731978288,3.7387746686400236
HOUSEHOLD_1_267,A,0.4095890410958904,0.8807593424637938,14542.1,1.2643059364822813,High Risk,256,223.42952942753348,-32.57047057246652,-12.722840067369734
HOUSEHOLD_1_462,A,2.81972602739726,4.534855713291734,22907.32,1.264275115016716,High Risk,847,887.0844030950677,40.08440309506773,4.732515123384619
FOODS_1_200,A,5.57972602739726,5.506848167553226,19624.52,1.2642242365982164,High Risk,1870,2063.572537745092,193.57253774509218,10.351472606689422
HOUSEHOLD_1_399,A,6.978630136986301,4.674271812533132,24707.84,1.2641346638719748,High Risk,2331,2281.27263620386,-49.7273637961398,-2.133306040160438
FOODS_2_379,A,0.5128767123287671,1.0867919248882658,13066.560000000001,1.2640721631874774,High Risk,204,203.770863151131,-0.22913684886898977,-0.11232198473970087
HOUSEHOLD_1_409,A,6.60931506849315,4.959492899881128,71025.88,1.2640681214497889,High Risk,2135,2063.568714058612,-71.43128594138807,-3.3457276787535393
FOODS_1_099,A,6.512602739726027,5.016714192215094,23021.54,1.2640170731269407,High Risk,1809,1952.6986879109763,143.69868791097633,7.943542725869339
FOODS_2_352,A,1.3326027397260274,2.574631187830516,48541.62,1.2639869066014808,High Risk,933,924.98363120715,-8.016368792850017,-0.8592035147749213
FOODS_2_334,A,0.7923287671232877,1.6232235862746953,28862.16,1.263853975532645,High Risk,499,494.9847654000297,-4.015234599970313,-0.8046562324589804
HOBBIES_1_093,A,0.2273972602739726,0.4942143403303484,16348.04,1.2637927604566614,High Risk,60,64.38588704105314,4.385887041053138,7.309811735088563
HOUSEHOLD_2_406,A,0.256986301369863,0.556224118273619,11726.980000000001,1.2637268367347494,High Risk,89,87.62070621596197,-1.3792937840380262,-1.5497682966719395
HOUSEHOLD_1_272,A,1.7465753424657535,3.1946353957114004,63530.810000000005,1.2636995292782496,High Risk,1174,1071.0226517267868,-102.97734827321324,-8.771494742181707
HOUSEHOLD_2_153,A,0.4115068493150685,0.8747104148025105,14698.32,1.2636093154020944,High Risk,129,132.8549941702263,3.8549941702262913,2.9883675738188304
FOODS_2_077,A,0.49424657534246574,1.039422861194808,11305.6,1.263494320324212,High Risk,324,357.3437522401625,33.34375224016247,10.291281555605702
FOODS_2_371,A,5.443561643835617,5.392789602116069,36610.0,1.263454754387698,High Risk,2245,2189.806022421683,-55.19397757831712,-2.458529068076486
FOODS_2_295,A,0.32136986301369863,0.6857659302722797,16377.830000000002,1.2632658167844688,High Risk,140,144.5986919403456,4.598691940345589,3.284779957389706
FOODS_1_171,A,0.6852054794520548,1.4057881654423163,13050.199999999999,1.2632491242655575,High Risk,245,240.31858099735467,-4.6814190026453275,-1.910783266385848
FOODS_3_219,A,3.362191780821918,4.867304199322845,17907.97,1.2631614202743964,High Risk,1655,1690.1743973792506,35.17439737925065,2.1253412313746614
FOODS_3_349,A,6.397260273972603,4.900153313375486,39228.0,1.263150312559295,High Risk,2214,2215.3030764881205,1.303076488120496,0.058856209942208484
HOUSEHOLD_1_051,A,6.087945205479452,5.080248578608649,64884.46,1.2631235462084744,High Risk,1795,1761.1209083768886,-33.879091623111435,-1.8874145751037013
HOUSEHOLD_1_506,A,3.0852054794520547,4.649174795600479,42001.840000000004,1.2630779987312506,High Risk,862,843.7040021671236,-18.295997832876424,-2.12250554905759
FOODS_1_082,A,5.324109589041096,5.342466730736171,18954.7,1.2630521355175022,High Risk,1790,1930.7202042671302,140.72020426713016,7.861463925537998
FOODS_3_809,A,3.663835616438356,5.038697232452113,13373.0,1.2630267761341563,High Risk,954,969.2483510565645,15.248351056564502,1.5983596495350632
HOBBIES_1_033,A,0.2501369863013699,0.5350486365167512,14853.53,1.2629546185948826,High Risk,78,84.48592516676528,6.485925166765284,8.315288675340108
FOODS_1_151,A,0.33616438356164385,0.7113622543290016,14527.68,1.2628514533599844,High Risk,101,104.40633064068577,3.4063306406857663,3.372604594738383
HOUSEHOLD_1_191,A,5.1416438356164385,5.326237432713389,55550.32,1.262808221267795,High Risk,1723,1737.7222018206703,14.722201820670307,0.8544516436837091
FOODS_3_403,A,4.132876712328767,5.216931632968177,22414.2,1.262806978828958,High Risk,1876,1767.2974615606608,-108.70253843933915,-5.794378381627887
HOUSEHOLD_1_441,A,3.839178082191781,5.091936288311367,38816.01,1.262751942362398,High Risk,1448,1673.5746778176297,225.57467781762966,15.578361727736855
FOODS_1_098,A,0.7690410958904109,1.5476625683756156,15103.119999999999,1.2626654101731292,High Risk,320,324.11902576919255,4.119025769192547,1.2871955528726708
FOODS_1_161,A,6.022739726027397,5.0159272932111945,21415.22,1.262656595114757,High Risk,1377,1617.9536357238044,240.95363572380438,17.498448491198577
FOODS_3_414,A,0.6805479452054795,1.3808301648371932,12739.92,1.262570072315745,High Risk,225,234.65469252251458,9.65469252251458,4.290974454450924
FOODS_1_038,A,0.41753424657534244,0.8705903737431613,15147.519999999999,1.2624851263670898,High Risk,179,160.34455822693732,-18.655441773062677,-10.422034510090882
FOODS_2_276,A,5.988767123287671,4.985991322586773,71011.5,1.262430026919227,High Risk,1727,1731.1487843417146,4.148784341714645,0.24023070884277042
HOBBIES_1_020,A,0.27095890410958906,0.5727486442992425,12540.52,1.2623648610590583,High Risk,76,78.99356418944885,2.993564189448847,3.938900249274799
FOODS_3_348,A,4.97945205479452,5.260635233978816,14532.320000000002,1.2623539279040692,High Risk,1622,1601.6124072771709,-20.38759272282914,-1.25694159820155
FOODS_3_353,A,0.5901369863013699,1.2020860797534354,19163.52,1.262216422865483,High Risk,265,258.7743009398157,-6.225699060184297,-2.349320400069546
HOUSEHOLD_1_513,A,0.5794520547945206,1.1814612214260407,21071.100000000002,1.2622040557115806,High Risk,405,410.913240819542,5.913240819542011,1.4600594616153115
HOBBIES_1_311,A,0.28,0.5894477212265687,18360.81,1.262176033377499,High Risk,108,98.95048887793641,-9.049511122063592,-8.379176964873697
HOBBIES_1_083,A,0.26301369863013696,0.5543882709600692,15283.2,1.2621429665601238,High Risk,99,103.94708770458818,4.947087704588185,4.9970582874628136
FOODS_2_285,A,2.38,3.882557208797239,34574.26,1.2621058138263261,High Risk,991,953.8579008271616,-37.14209917283836,-3.747941389791963
FOODS_3_136,A,5.411780821917808,5.142957505213011,88644.92,1.262093070653842,High Risk,1906,1902.1918328413328,-3.8081671586671746,-0.19979890654077517
FOODS_1_110,A,4.1189041095890415,5.100319863166922,29461.12,1.2620279016857692,High Risk,8,13.106777053934874,5.106777053934874,63.83471317418592
HOUSEHOLD_1_233,A,0.36383561643835616,0.7562340348203225,14886.960000000001,1.2619509967267892,High Risk,30,24.37031199632024,-5.62968800367976,-18.765626678932534
FOODS_2_016,A,4.354794520547945,5.141983549115314,19868.75,1.2618972397949177,High Risk,1341,1416.4821912686891,75.48219126868912,5.628798752325811
HOUSEHOLD_1_358,A,0.5131506849315068,1.047497476779536,18659.390000000003,1.261845415452866,High Risk,340,293.4904859776694,-46.50951402233062,-13.679268830097241
HOUSEHOLD_1_517,A,5.78027397260274,4.957196333144974,20216.14,1.2618061871849442,High Risk,1955,1900.8766676692117,-54.123332330788344,-2.7684568967155165
FOODS_3_339,A,3.6421917808219177,4.867909990428322,10616.27,1.2617770357719462,High Risk,1324,1374.0589630316504,50.058963031650364,3.7808884464992727
FOODS_2_029,A,1.6106849315068492,2.8821648143194136,58670.420000000006,1.2616866877401414,High Risk,1121,1067.8217885022425,-53.1782114977575,-4.74381904529505
FOODS_1_002,A,0.3786301369863014,0.7808219823520123,13101.36,1.2615794679381627,High Risk,119,121.31649896939663,2.3164989693966334,1.9466377894089355
FOODS_3_668,A,6.382465753424658,4.499751151982396,39137.28,1.2613068424349292,High Risk,1815,1834.8145307198306,19.8145307198306,1.0917096815333664
FOODS_1_173,A,4.0887671232876714,4.987439401323393,29848.0,1.2613038933448473,High Risk,1043,1092.0524507729378,49.052450772937846,4.70301541447151
FOODS_3_241,A,0.9835616438356164,1.8837853428776343,10675.56,1.26125917833424,High Risk,610,604.0000721175527,-5.9999278824473095,-0.9835947348274279
HOUSEHOLD_1_400,A,0.4676712328767123,0.9496339612252003,11897.789999999999,1.2612444274841725,High Risk,244,229.4444024119869,-14.555597588013086,-5.965408847546347
HOUSEHOLD_2_324,A,0.28328767123287674,0.5869412348261733,14742.47,1.261242793982778,High Risk,92,97.30232889523737,5.302328895237366,5.763400973084094
FOODS_3_801,A,3.5487671232876714,4.7470929631724745,12953.0,1.261208317746197,High Risk,1212,1218.3345980247382,6.33459802473817,0.5226566027011692
FOODS_2_222,A,5.285753424657535,4.978962571327119,49221.06,1.2610417898322175,High Risk,1647,1716.69970547085,69.69970547084995,4.2319189721220365
HOUSEHOLD_2_050,A,0.3608219178082192,0.7384439088246912,11168.16,1.2610154805745115,High Risk,94,99.22079035610993,5.22079035610993,5.554032293733968
HOUSEHOLD_1_335,A,0.3167123287671233,0.6508801612925884,10597.81,1.2609768410278435,High Risk,137,118.76128204361336,-18.238717956386637,-13.312932814880757
HOBBIES_1_193,A,0.46273972602739727,0.934030156310068,14175.73,1.2608662298949447,High Risk,152,145.4619862884259,-6.538013711574109,-4.301324810246125
FOODS_3_430,A,0.4578082191780822,0.9243816070066899,9992.58,1.2608536260051058,High Risk,156,144.3934889978774,-11.606511002122602,-7.4400711552067955
HOUSEHOLD_2_356,A,0.30767123287671233,0.6315634173147511,11088.240000000002,1.2608500100609485,High Risk,72,65.44801512968577,-6.551984870314229,-9.099978986547539
HOBBIES_1_347,A,0.2895890410958904,0.5952457075297528,10443.160000000002,1.2608128294737657,High Risk,92,81.04460442396058,-10.955395576039422,-11.908038669608068
HOUSEHOLD_2_359,A,0.31616438356164384,0.6477708686028035,11300.24,1.2607934210067862,High Risk,107,106.45797616336283,-0.5420238366371706,-0.5065643333057669
HOUSEHOLD_1_016,A,0.7065753424657534,1.3857061276201736,12569.51,1.2607920859198107,High Risk,422,459.4671484650375,37.467148465037496,8.878471200245851
HOBBIES_1_031,A,0.2517808219178082,0.5191887722889487,10090.61,1.2607582024425428,High Risk,91,87.92241760816226,-3.077582391837737,-3.3819586723491613
HOUSEHOLD_2_449,A,0.5117808219178083,1.0247677416219676,10534.849999999999,1.260719586870381,High Risk,249,235.40630772109856,-13.593692278901443,-5.459314168233511
FOODS_1_093,A,0.4591780821917808,0.9247395305166971,10109.34,1.2607120474379163,High Risk,133,150.66003626710457,17.660036267104573,13.278222757221483
HOUSEHOLD_1_428,A,0.35534246575342465,0.7235082501078938,10337.09,1.2606798439736027,High Risk,127,116.72487352152902,-10.27512647847098,-8.09065077044959
FOODS_3_173,A,0.3186301369863014,0.6505753826397287,13743.84,1.2606070124692255,High Risk,81,84.92137377862636,3.9213737786263607,4.841202195835013
FOODS_1_046,A,5.658082191780822,4.7644225540268135,20028.68,1.2605736189075625,High Risk,1742,1804.3294749333372,62.329474933337224,3.5780410409493237
HOUSEHOLD_1_198,A,5.563287671232877,4.799169807737977,19696.82,1.2605539726877284,High Risk,1717,1742.1058035347298,25.10580353472983,1.462190071912046
FOODS_3_755,A,3.1764383561643834,4.44004466518503,11119.359999999999,1.2605359190395105,High Risk,1373,1354.5374791749587,-18.462520825041338,-1.3446846922826903
FOODS_2_271,A,0.3115068493150685,0.6357437414369982,12479.310000000001,1.260534696766154,High Risk,102,102.24009315194596,0.24009315194595615,0.23538544308427073
HOBBIES_1_410,A,0.2635616438356164,0.540609994838823,27754.66,1.2605215766787299,High Risk,83,85.2938482044775,2.2938482044774986,2.7636725355150586
HOUSEHOLD_2_485,A,0.48054794520547944,0.9620247477414932,12223.38,1.2605063688255378,High Risk,151,151.56658532700663,0.566585327006635,0.37522207086532117
HOUSEHOLD_1_020,A,0.42876712328767125,0.8620972617384011,10908.05,1.260422793865958,High Risk,192,197.1991290031252,5.1991290031251935,2.7078796891277053
HOBBIES_1_146,A,0.555068493150685,1.0985217941994787,9986.69,1.260330549049037,High Risk,238,207.48564355951277,-30.514356440487234,-12.821158168271946
FOODS_2_152,A,4.881369863013699,4.918787789856933,41552.14,1.2603228999486762,High Risk,1558,1571.8097214449297,13.809721444929664,0.8863749322804662
FOODS_2_093,A,1.3008219178082192,2.352453197548396,11821.29,1.2602377433685525,High Risk,506,513.348603094929,7.34860309492899,1.4522931017646223
HOBBIES_1_077,A,0.28465753424657536,0.5794604472721252,10068.38,1.2602119946069972,High Risk,85,85.25697021826004,0.25697021826003663,0.3023179038353372
FOODS_3_697,A,6.115068493150685,4.420041777593191,66960.0,1.2600957444860148,High Risk,2010,2025.9532189219112,15.95321892191123,0.7936924836771756
FOODS_3_566,A,3.175890410958904,4.383852578500546,11592.0,1.2600318865746296,High Risk,929,1017.3591236985258,88.35912369852576,9.511208148388134
HOBBIES_1_353,A,2.5276712328767124,3.856202102791265,9960.28,1.2600242179654266,High Risk,681,681.6203628443805,0.6203628443804519,0.09109586554779028
HOUSEHOLD_1_083,A,5.2912328767123284,4.789095916388624,18733.61,1.2600200051442547,High Risk,1475,1473.7525352935627,-1.247464706437313,-0.0845738784025297
HOUSEHOLD_1_368,A,0.32493150684931504,0.6560700056049751,10019.28,1.2599969697673155,High Risk,130,130.10095346789112,0.10095346789111659,0.07765651376239738
HOBBIES_1_198,A,0.7783561643835616,1.4909694489748788,23807.58,1.2599458021611418,High Risk,182,183.67144227436867,1.6714422743686725,0.9183748760267431
FOODS_3_351,A,3.0164383561643837,4.260463839007922,10570.25,1.2599248765287028,High Risk,1407,1372.3250772913157,-34.674922708684335,-2.464457903957664
FOODS_3_399,A,4.348767123287671,4.836346682489748,55679.88,1.2598897978237396,High Risk,1608,1477.2993900698984,-130.70060993010156,-8.128147383712783
HOBBIES_1_334,A,0.4523287671232877,0.898554791888403,9872.980000000001,1.2598823433955402,High Risk,112,125.35729001484962,13.357290014849625,11.92615179897288
FOODS_1_191,A,0.5271232876712328,1.0380292575468708,11684.01,1.2598684500640749,High Risk,137,143.8604540409377,6.860454040937697,5.007630686815837
FOODS_3_757,A,3.6865753424657535,4.635684452784521,35878.840000000004,1.2597947628463275,High Risk,2120,2035.5666519386816,-84.43334806131838,-3.982705097231999
FOODS_3_440,A,0.7315068493150685,1.4032101856007275,13321.66,1.2597219200773262,High Risk,219,219.105903594416,0.10590359441599162,0.048357805669402565
FOODS_2_032,A,1.350958904109589,2.4029203505259322,9856.640000000001,1.2597070745025802,High Risk,290,308.7350883958628,18.735088395862817,6.460375308918214
FOODS_2_282,A,1.6465753424657534,2.8189198602203946,40521.2,1.2596976160986106,High Risk,806,802.0864657265322,-3.9135342734678034,-0.4855501579984867
HOUSEHOLD_1_004,A,2.5843835616438358,3.8798235694226517,21525.41,1.2596913303642026,High Risk,742,734.8399243947116,-7.160075605288398,-0.9649697581251211
FOODS_2_069,A,0.3367123287671233,0.6751227871523163,11032.42,1.2596696110272256,High Risk,109,103.7803841823843,-5.219615817615704,-4.78863836478505
HOUSEHOLD_1_439,A,4.68931506849315,4.818710771172126,16452.3,1.2596580413283949,High Risk,666,671.22992449502,5.229924495019986,0.7852739482011992
FOODS_1_010,A,0.5293150684931507,1.0377055987842654,12349.869999999999,1.259631172776266,High Risk,182,179.67671950767297,-2.3232804923270294,-1.2765277430368294
FOODS_3_077,A,4.626849315068493,4.813250436687364,46367.88,1.2596199321745392,High Risk,0,16.659178644227275,16.659178644227275,
HOUSEHOLD_1_514,A,5.55013698630137,4.609952800291093,78965.79,1.259550210214206,High Risk,1804,1799.3869993141393,-4.613000685860698,-0.25570957238695663
HOUSEHOLD_2_492,A,0.6331506849315068,1.2245534045491209,13681.119999999999,1.259542351694516,High Risk,146,148.79143274892363,2.7914327489236257,1.9119402389887847
FOODS_2_244,A,3.8723287671232876,4.670405746220832,83575.8,1.2595178460579095,High Risk,1145,1146.2315468708307,1.231546870830698,0.10755867867517012
HOUSEHOLD_1_431,A,1.1008219178082193,2.0114019694668586,30049.640000000003,1.259487829574239,High Risk,407,410.1638185177397,3.163818517739685,0.7773509871596277
HOUSEHOLD_2_468,A,0.3991780821917808,0.7917423806561683,13084.080000000002,1.2594519446787704,High Risk,211,209.4443395362349,-1.5556604637650935,-0.7372798406469637
FOODS_3_313,A,5.574794520547945,4.550742536235357,39346.66,1.2592989885980297,High Risk,1917,1961.3463203125616,44.3463203125616,2.3133187434826086
FOODS_2_050,A,2.9657534246575343,4.153096464492117,10825.0,1.2592526034297324,High Risk,559,554.7340681584999,-4.265931841500105,-0.7631362864937576
HOBBIES_1_376,A,0.2876712328767123,0.5753560517795828,17009.37,1.2592106234951035,High Risk,80,77.48385003875622,-2.5161499612437837,-3.1451874515547296
HOUSEHOLD_1_435,A,0.353972602739726,0.7016926247804068,10245.56,1.25912951105298,High Risk,120,124.9361193275682,4.936119327568207,4.113432772973505
FOODS_2_243,A,0.34986301369863015,0.693750225646254,9990.78,1.259119792543404,High Risk,102,101.38487493489066,-0.6151250651093392,-0.6030637893228816
FOODS_3_363,A,4.2276712328767125,4.701090093740542,39319.84,1.2591062703693616,High Risk,1111,1104.539564542286,-6.460435457714084,-0.5814973409283604
HOUSEHOLD_1_173,A,3.444931506849315,4.4305001592954865,12196.78,1.2590605756992945,High Risk,1088,1093.3573311715618,5.357331171561782,0.49240176209207553
HOUSEHOLD_1_401,A,0.3273972602739726,0.6495904382415197,11316.650000000001,1.2590091534490802,High Risk,117,110.98763159846445,-6.012368401535554,-5.138776411568849
FOODS_3_420,A,0.4449315068493151,0.8702367092257441,13565.52,1.2589566098460925,High Risk,119,118.08566243339607,-0.9143375666039333,-0.7683508963058263
FOODS_1_157,A,0.7594520547945205,1.4316240850847253,14580.83,1.258950516512998,High Risk,233,215.7620164784905,-17.237983521509506,-7.398276189489058
HOUSEHOLD_1_148,A,0.5142465753424658,0.997360064023747,11081.21,1.2589316338649346,High Risk,3,8.2237694791196,5.2237694791196,174.12564930398668
HOUSEHOLD_1_063,A,0.549041095890411,1.0604788604648878,19974.730000000003,1.2589276913567575,High Risk,373,357.60507157760736,-15.394928422392638,-4.1273266547969545
FOODS_3_370,A,3.6106849315068494,4.489681946560872,91915.42000000001,1.2589045132871057,High Risk,1923,1916.3333808955247,-6.6666191044753305,-0.3466780605551394
HOUSEHOLD_1_214,A,4.913972602739726,4.665605872515241,33540.32,1.2588634435342423,High Risk,1594,1581.7530746733626,-12.246925326637438,-0.7683140104540426
FOODS_1_154,A,2.9284931506849317,4.085424389174594,16033.5,1.258860997702323,High Risk,824,875.694864367593,51.69486436759303,6.273648588300125
HOUSEHOLD_1_419,A,0.3454794520547945,0.6812185837356283,11243.699999999999,1.2587728602127777,High Risk,113,105.14712834130346,-7.852871658696543,-6.949443945749153
FOODS_2_097,A,0.4463013698630137,0.8696923457396806,12521.460000000001,1.2587582805655684,High Risk,157,153.68718688508798,-3.312813114912018,-2.110072047714661
HOUSEHOLD_1_255,A,0.3610958904109589,0.7105044383992436,12481.460000000001,1.2587537258948913,High Risk,131,131.7877234665309,0.7877234665309061,0.6013156233060352
FOODS_1_140,A,0.4813698630136986,0.9337074371312819,12263.86,1.258726563709305,High Risk,113,87.68915899695597,-25.310841003044033,-22.39897433897702
FOODS_3_133,A,4.201643835616438,4.632672881396963,12266.160000000002,1.258669274356237,High Risk,1432,1393.8470697082676,-38.152930291732446,-2.6643107745623213
HOUSEHOLD_1_151,A,4.569589041095891,4.65319087953081,15351.44,1.2586206232938701,High Risk,1271,1270.8111061384388,-0.18889386156115506,-0.014861830177903624
FOODS_3_037,A,1.3635616438356164,2.3680615397227336,12483.38,1.2585835874608904,High Risk,793,801.1554111496512,8.155411149651172,1.028425113449076
FOODS_3_676,A,0.66,1.2495063426415456,17600.32,1.2585430505958046,High Risk,378,415.89027474118075,37.89027474118075,10.023882206661574
HOUSEHOLD_1_234,A,4.703287671232877,4.6211845689697,16651.99,1.2584560096079958,High Risk,1458,1454.3271794893878,-3.672820510612155,-0.25190812829987347
FOODS_2_289,A,1.404109589041096,2.4191468340746676,12758.69,1.2584497415260638,High Risk,625,625.4528196381699,0.452819638169899,0.07245114210718384
FOODS_3_695,A,4.993424657534247,4.571464214247859,72539.48,1.2584009902943956,High Risk,1808,1631.2745915568953,-176.7254084431047,-9.774635422738092
FOODS_2_204,A,4.786575342465754,4.602081760875704,16698.84,1.258387424195283,High Risk,1464,1497.535830512408,33.53583051240798,2.2906988054923487
FOODS_1_081,A,0.8868493150684932,1.6289270500461233,19312.23,1.2583849666155908,High Risk,249,248.19976484966986,-0.8002351503301384,-0.3213795784458387
HOUSEHOLD_2_195,A,0.3643835616438356,0.7107539956003827,19906.72,1.2582853969738736,High Risk,124,126.59007350196747,2.590073501967467,2.0887689531995703
FOODS_2_357,A,2.4465753424657533,3.6267361607910287,16520.64,1.258262597007559,High Risk,979,948.7899142366624,-30.210085763337588,-3.0858105989108875
HOBBIES_1_120,A,0.2893150684931507,0.5687782620122628,11277.36,1.2582432734573257,High Risk,120,125.57036716836052,5.570367168360519,4.641972640300432
HOUSEHOLD_1_474,A,3.210958904109589,4.203691550096383,11368.4,1.2582161896278767,High Risk,904,963.344916491294,59.34491649129404,6.564703151691818
HOUSEHOLD_1_091,A,0.39452054794520547,0.7643556961902045,10009.35,1.258102681164882,High Risk,124,125.19117167618181,1.1911716761818099,0.9606223195014595
HOBBIES_1_143,A,0.3304109589041096,0.6448829685915148,10161.42,1.2581009582703047,High Risk,98,93.13608806067853,-4.8639119393214685,-4.963175448287212
FOODS_2_242,A,1.3172602739726027,2.2787767342201515,11981.93,1.258092307538339,High Risk,632,621.4975897758653,-10.502410224134678,-1.661773769641563
HOUSEHOLD_2_507,A,0.4432876712328767,0.853275498239691,11272.98,1.2580567211267981,High Risk,222,196.17041613403498,-25.82958386596502,-11.63494768737163
FOODS_3_228,A,5.870684931506849,4.1470954248127,35999.04,1.2580520498445684,High Risk,1676,1666.177859299548,-9.82214070045211,-0.5860465811725603
FOODS_3_746,A,3.5367123287671234,4.350799328315585,25379.719999999998,1.2580479856072646,High Risk,1064,1108.855274132027,44.855274132027034,4.215721253010059
HOUSEHOLD_2_200,A,0.4010958904109589,0.7744897482113654,10151.960000000001,1.257958736138139,High Risk,132,141.76685696397982,9.76685696397982,7.399134063621076
FOODS_1_170,A,4.216712328767123,4.529480200569528,91558.81999999999,1.2579514490515569,High Risk,1289,1313.610805699378,24.610805699378034,1.909294468532043
HOUSEHOLD_2_389,A,2.2443835616438355,3.398692777533371,16138.24,1.2578768911154479,High Risk,651,560.1393087696891,-90.86069123031086,-13.957095427083082
HOUSEHOLD_2_315,A,0.37753424657534246,0.7290995374018701,10569.26,1.257815090047767,High Risk,105,110.29148169358272,5.291481693582725,5.03950637484069
FOODS_3_474,A,4.1687671232876715,4.491215488789827,28606.079999999998,1.257733857292048,High Risk,1679,1483.9845993687225,-195.01540063127754,-11.614973235930764
FOODS_3_042,A,4.883561643835616,4.476898275478911,29946.0,1.2577290473437577,High Risk,1543,1494.2633083266094,-48.736691673390624,-3.1585671855729505
FOODS_2_315,A,2.5082191780821916,3.6320281912127568,22779.55,1.2576751268687874,High Risk,1178,1122.801361092461,-55.19863890753891,-4.685792776531316
HOUSEHOLD_1_042,A,0.7887671232876712,1.445088776115967,28685.710000000003,1.2576195656713933,High Risk,523,522.5450714440561,-0.45492855594386583,-0.08698442752272768
HOUSEHOLD_1_160,A,0.9115068493150685,1.644177775350035,33150.62,1.2575985816567568,High Risk,595,578.1854577583653,-16.81454224163474,-2.825973485989032
FOODS_1_137,A,2.7073972602739724,3.791478389589798,19754.0,1.2575912199477444,High Risk,576,549.9140402486823,-26.08595975131766,-4.528812456825983
FOODS_3_783,A,2.2956164383561646,3.4179106000750203,45573.48,1.2574775709741257,High Risk,790,784.8351101056392,-5.16488989436084,-0.6537835309317519
FOODS_3_066,A,3.093424657534247,4.039715895893468,33477.34,1.2573658827531522,High Risk,1197,1198.216002273746,1.2160022737459713,0.10158749154101682
FOODS_2_325,A,4.657534246575342,4.422156954654926,21250.0,1.257212765811928,High Risk,1358,1388.0327067288629,30.032706728862877,2.21153952348033
HOUSEHOLD_2_344,A,0.575068493150685,1.0728380253219911,12358.3,1.2572045219599504,High Risk,261,222.76408184253916,-38.235918157460844,-14.649777071824078
FOODS_1_196,A,1.4331506849315068,2.395539655354009,10452.0,1.2571630478585407,High Risk,408,410.3669814434329,2.3669814434329055,0.58014251064532
FOODS_3_283,A,1.4342465753424658,2.39030190798428,15154.36,1.2570287426189986,High Risk,497,518.0433306351166,21.043330635116604,4.2340705503252725
FOODS_3_147,A,1.3654794520547946,2.294586573828832,16441.72,1.256982813633421,High Risk,1575,1543.9508147502813,-31.049185249718676,-1.9713768412519797
HOBBIES_1_253,A,0.36054794520547945,0.686861171667797,16940.09,1.2569553261485287,High Risk,83,77.05943930168067,-5.940560698319331,-7.157302046167868
FOODS_2_175,A,4.72,4.360496827687146,40044.159999999996,1.2568798895461382,High Risk,1590,1585.060654868212,-4.939345131788059,-0.3106506372193748
HOBBIES_1_306,A,0.33945205479452056,0.6471936814486787,17321.22,1.2568635521848586,High Risk,122,134.67897275414109,12.678972754141085,10.39260061814843
HOUSEHOLD_1_222,A,1.8224657534246576,2.866967148845992,66299.84000000001,1.2568474895174833,High Risk,1136,1158.7305252283463,22.730525228346323,2.000926516579782
HOUSEHOLD_1_490,A,0.38054794520547947,0.7216684833534043,17953.88,1.2568358639800197,High Risk,148,142.572132956755,-5.427867043244987,-3.6674777319222884
HOBBIES_1_135,A,0.29315068493150687,0.5604897359214082,20998.73,1.2567194140357767,High Risk,102,106.92258303277272,4.922583032772721,4.826061796836001
HOBBIES_1_060,A,0.31315068493150683,0.5966630434112562,32921.16,1.2566589862611492,High Risk,104,101.04012809193674,-2.9598719080632634,-2.8460306808300606
FOODS_1_094,A,0.9887671232876712,1.732330793653248,12775.86,1.256610657214612,High Risk,357,342.22013319802454,-14.779866801975459,-4.140018712037944
HOUSEHOLD_1_496,A,0.3701369863013699,0.6997914835476589,10713.43,1.2566035181843311,High Risk,108,112.08058810014984,4.080588100149839,3.778322314953555
HOUSEHOLD_1_416,A,2.3375342465753426,3.385934741228858,31636.39,1.2565894129807293,High Risk,698,677.6586816776057,-20.341318322394272,-2.9142289860163713
HOUSEHOLD_2_238,A,0.38273972602739725,0.7220279520835391,13877.369999999999,1.2565654640409376,High Risk,155,140.92541322002884,-14.074586779971156,-9.080378567723328
FOODS_2_233,A,2.498904109589041,3.519763548716093,39338.08,1.2564815576940846,High Risk,1013,1022.3891780702616,9.38917807026155,0.9268685163140722
HOUSEHOLD_1_207,A,0.36575342465753424,0.6902839737356826,10639.949999999999,1.2564796522731096,High Risk,83,73.89189499556943,-9.10810500443057,-10.973620487265746
FOODS_1_184,A,3.6504109589041094,4.197048525897344,13324.0,1.2564731646145517,High Risk,726,711.0224168099,-14.97758319009995,-2.063027987617073
FOODS_1_199,A,0.8893150684931507,1.5725170554695833,20382.95,1.2564356767997669,High Risk,251,247.28442343743885,-3.7155765625611537,-1.4803093874745632
HOUSEHOLD_2_408,A,0.453972602739726,0.846505138906224,14051.36,1.2563985185537359,High Risk,136,136.04656655471518,0.04656655471518434,0.03424011376116495
FOODS_3_245,A,4.0139726027397264,4.275978503393741,35956.12,1.2563910501525943,High Risk,1169,1214.364494712311,45.36449471231094,3.880624013029165
HOUSEHOLD_1_106,A,4.695890410958904,4.272136211464692,157665.31000000003,1.2563210734751946,High Risk,1669,1646.1017709892985,-22.89822901070147,-1.3719729784722272
FOODS_2_241,A,4.641369863013699,4.276339499516292,39855.22,1.2563025415586966,High Risk,1594,1575.6373442523193,-18.36265574768072,-1.151985931473069
HOUSEHOLD_1_429,A,5.202465753424658,4.126041654380832,55884.4,1.2562363520093736,High Risk,1868,1806.6240277924883,-61.37597220751172,-3.285651617104482
HOUSEHOLD_1_535,A,3.675342465753425,4.173028038435535,93502.55,1.2562225601614112,High Risk,1495,1394.5233508313593,-100.47664916864073,-6.720846098236838
HOBBIES_2_075,A,1.1202739726027398,1.9111677767183655,11775.44,1.2561372134854532,High Risk,259,239.98950519998525,-19.010494800014754,-7.339959382245079
HOBBIES_1_280,A,0.383013698630137,0.7167392993000727,15185.12,1.2561325334053082,High Risk,112,112.55319226994237,0.5531922699423717,0.49392166959140327
FOODS_2_368,A,4.131506849315069,4.240213748972675,118679.6,1.256030318282705,High Risk,1191,1166.1929675391427,-24.807032460857272,-2.082874262036715
FOODS_1_104,A,2.8758904109589043,3.7558679167685947,37159.38,1.255967783002029,High Risk,724,701.9417398766745,-22.058260123325454,-3.0467210115090406
FOODS_2_080,A,2.253150684931507,3.256887163355048,17149.600000000002,1.25595941037245,High Risk,3,9.095366039986565,6.0953660399865655,203.17886799955218
HOBBIES_1_068,A,0.4161643835616438,0.7716628131663843,10534.84,1.255855852943911,High Risk,123,128.78854113200316,5.788541132003161,4.706131001628585
FOODS_3_402,A,0.4657534246575342,0.8579930916200899,11016.0,1.2558290987486447,High Risk,133,142.99992807230726,9.999928072307256,7.518742911509214
FOODS_2_056,A,3.6986301369863015,4.126410773002202,94230.0,1.2558059926036098,High Risk,1197,1183.7961316610786,-13.203868338921438,-1.1030800617311143
FOODS_3_575,A,0.41013698630136985,0.759524330003355,9837.28,1.25574976054407,High Risk,132,145.86280606951308,13.862806069513084,10.502125810237185
HOUSEHOLD_2_457,A,0.46794520547945206,0.8587163058309756,11050.76,1.255640080936667,High Risk,125,129.3629045442816,4.362904544281605,3.490323635425284
FOODS_3_654,A,4.895616438356164,4.115728903549488,30019.92,1.2556261729607743,High Risk,1711,1683.5818037464987,-27.418196253501264,-1.6024661749562397
FOODS_3_688,A,3.9024657534246576,4.146114473287163,26778.719999999998,1.2555917956501694,High Risk,1603,1382.6497274022558,-220.35027259774415,-13.746118065985288
HOUSEHOLD_1_345,A,0.7624657534246575,1.347231849129199,11697.84,1.25558198503085,High Risk,196,185.85006517350402,-10.14993482649598,-5.178538176783663
HOUSEHOLD_1_408,A,0.8695890410958904,1.5152395112756945,17390.97,1.2555700343316911,High Risk,440,432.9521110276161,-7.047888972383873,-1.601792948269062
HOBBIES_1_342,A,0.29726027397260274,0.5556142620603908,21209.54,1.2555174514458554,High Risk,97,91.54283100174169,-5.457168998258311,-5.625947420884857
HOBBIES_1_215,A,0.40684931506849314,0.7504139292797914,16135.66,1.2555155739106232,High Risk,148,146.11541901408026,-1.8845809859197402,-1.2733655310268515
FOODS_1_217,A,3.415068493150685,3.9815335326757566,44126.1,1.2554205744545888,High Risk,1104,1097.892295528835,-6.107704471165107,-0.5532341006490132
HOBBIES_1_413,A,0.6542465753424658,1.1677190910509576,11458.11,1.2553983576806225,High Risk,346,314.2916581595677,-31.708341840432297,-9.164260647523784
HOUSEHOLD_1_328,A,2.9167123287671233,3.720455206162917,52045.64,1.2553581823157898,High Risk,1218,1277.7767123225747,59.77671232257467,4.907776052756541
HOBBIES_1_104,A,0.31397260273972605,0.5839235181517983,27470.08,1.2553575876257357,High Risk,100,102.36061399550563,2.3606139955056307,2.3606139955056307
FOODS_3_398,A,0.88,1.5247514836435192,18955.84,1.2553558456657832,High Risk,249,241.223947782286,-7.77605221771401,-3.122912537234542
FOODS_2_248,A,0.6295890410958904,1.1253578808443678,13724.800000000001,1.255314704480428,High Risk,306,294.63696916622047,-11.363030833779533,-3.713408769208998
FOODS_1_026,A,0.4742465753424657,0.863383692142779,12079.380000000001,1.2552636238127575,High Risk,139,108.53128633757724,-30.468713662422758,-21.919937886635076
FOODS_2_031,A,1.558904109589041,2.4579687140154443,11324.44,1.255254116298782,High Risk,310,294.1045830223188,-15.89541697768118,-5.127553863768123
FOODS_3_381,A,1.0602739726027397,1.788543343427884,11399.94,1.255202808290846,High Risk,27,30.67502807758778,3.675028077587779,13.61121510217696
FOODS_3_393,A,4.689863013698631,4.070996577684443,60056.22,1.2550858272480117,High Risk,1831,1761.7991242482271,-69.20087575177286,-3.7794033725708824
FOODS_3_493,A,0.7512328767123287,1.314601625107891,20030.670000000002,1.2550216979726643,High Risk,463,474.7209643830111,11.720964383011108,2.531525784667626
HOUSEHOLD_1_304,A,5.025479452054794,3.9695549516760993,42018.200000000004,1.255004990617262,High Risk,1567,1519.737020144634,-47.262979855365984,-3.016144215403062
HOUSEHOLD_2_172,A,0.4715068493150685,0.8540421375349864,10222.74,1.2549811745290111,High Risk,177,171.60662693221536,-5.393373067784637,-3.0471034281269134
FOODS_3_174,A,0.7813698630136986,1.359429896657314,17309.899999999998,1.2549254159647754,High Risk,350,343.27269999691987,-6.727300003080131,-1.9220857151657518
FOODS_1_067,A,2.5254794520547947,3.403934757145219,18436.0,1.2549122508572976,High Risk,679,705.69200928055,26.692009280549996,3.9310764772533133
FOODS_3_772,A,2.6671232876712327,3.5092390602132855,52951.880000000005,1.2549035802525244,High Risk,989,928.2117523977427,-60.78824760225734,-6.146435551289923
FOODS_1_187,A,0.9038356164383562,1.5468606368764288,32782.22,1.2549003872013165,High Risk,439,439.213018395148,0.21301839514802623,0.04852355242551851
FOODS_3_788,A,0.7536986301369863,1.3145448815776022,10156.48,1.2548712285135728,High Risk,360,396.36192695048436,36.36192695048436,10.100535264023433
FOODS_3_751,A,0.5997260273972602,1.0667242941157409,10901.220000000001,1.2548711660392722,High Risk,270,250.28338198284666,-19.716618017153337,-7.3024511174642
HOUSEHOLD_2_388,A,0.44273972602739725,0.8029359326958618,11218.130000000001,1.2548607449590243,High Risk,150,161.13526435216147,11.135264352161471,7.423509568107647
HOUSEHOLD_1_252,A,0.38136986301369863,0.6959013922890142,13182.240000000002,1.2547862814462705,High Risk,147,138.73384635373586,-8.266153646264144,-5.623233772968805
FOODS_1_058,A,2.180821917808219,3.09822116478581,15600.68,1.2547821369880263,High Risk,2,7.972767385374019,5.972767385374019,298.63836926870096
HOUSEHOLD_1_152,A,0.38465753424657534,0.7015507275893509,14011.92,1.2547813652988518,High Risk,141,133.92671282195855,-7.073287178041454,-5.0165157291074145
FOODS_2_136,A,0.9293150684931507,1.5807282862513474,10742.82,1.2547638712543694,High Risk,344,318.46587156428336,-25.53412843571664,-7.422711754568791
FOODS_3_227,A,3.4232876712328766,3.9048360705311738,33491.86,1.2547506737905305,High Risk,1044,1094.7681711966318,50.76817119663178,4.862851647186953
HOBBIES_1_014,A,3.2043835616438354,3.8108012341655657,12564.4,1.254734602320637,High Risk,682,698.3023535953548,16.302353595354816,2.390374427471381
FOODS_2_261,A,0.42273972602739723,0.7666508476898463,15378.4,1.25473105334483,High Risk,127,130.6033123058129,3.603312305812892,2.8372537841046395
HOBBIES_1_034,A,0.5698630136986301,1.0143779920446543,10081.0,1.254717701412898,High Risk,166,157.2477093603215,-8.752290639678506,-5.2724642407701845
HOUSEHOLD_1_410,A,3.852602739726027,4.004816922689743,55824.840000000004,1.2546133347224544,High Risk,919,868.2615240904613,-50.73847590953869,-5.521052873725647
FOODS_1_193,A,1.210958904109589,1.975012558894936,23371.85,1.2545691554748994,High Risk,252,264.0407055013209,12.040705501320872,4.778057738619394
HOBBIES_1_042,A,0.3747945205479452,0.6816068210936286,10711.44,1.254568244909529,High Risk,122,124.8243376590664,2.8243376590664013,2.3150308680872143
HOUSEHOLD_2_477,A,0.7912328767123288,1.3648003649579334,17036.48,1.254561602853153,High Risk,314,266.27694768366473,-47.72305231633527,-15.198424304565371
FOODS_2_126,A,0.5668493150684931,1.0050828301747081,10089.02,1.2544994358737214,High Risk,287,312.01291434296616,25.012914342966155,8.71530116479657
FOODS_3_322,A,1.0717808219178082,1.7788989904313612,9830.59,1.2544994348958713,High Risk,520,494.4147605210047,-25.585239478995277,-4.920238361345246
HOUSEHOLD_1_235,A,2.561917808219178,3.3933868663318765,34315.11,1.2544789701717,High Risk,584,555.4902998375629,-28.50970016243707,-4.881797973020046
FOODS_3_734,A,4.811780821917808,3.9413240060203516,31262.14,1.2544670709871513,High Risk,1435,1406.288755640662,-28.711244359338025,-2.0007835790479462
HOUSEHOLD_1_373,A,3.4315068493150687,3.8737041950602342,42835.5,1.2544650481995376,High Risk,989,1043.2763130615074,54.27631306150738,5.487999298433507
HOUSEHOLD_1_205,A,1.647123287671233,2.518416398251008,35711.28,1.254452632860492,High Risk,407,419.2249358510697,12.224935851069688,3.0036697422775647
FOODS_2_294,A,3.246301369863014,3.7937933427885295,11849.0,1.2544138077192368,High Risk,1174,1153.2279443766906,-20.77205562330937,-1.7693403427009684
FOODS_3_570,A,4.055342465753425,4.000028117944396,25687.04,1.254394243487378,High Risk,1237,1261.6479378120196,24.647937812019563,1.9925576242538046
FOODS_2_364,A,3.395068493150685,3.849466414707391,33954.08,1.2543731965741516,High Risk,1092,1032.7106799514872,-59.289320048512764,-5.429424912867469
HOUSEHOLD_1_364,A,0.3917808219178082,0.7081240631852774,10590.28,1.2543573942360668,High Risk,125,123.40801961881468,-1.5919803811853228,-1.2735843049482583
HOBBIES_1_251,A,0.3750684931506849,0.678837049992895,21250.56,1.254320127519626,High Risk,106,113.8772233521811,7.877223352181105,7.431342785076514
HOUSEHOLD_1_302,A,0.4241095890410959,0.7628462008568917,12275.64,1.2543146086017203,High Risk,98,104.83067449382744,6.830674493827445,6.970076014109637
HOBBIES_1_049,A,0.3473972602739726,0.6306982549831192,9991.84,1.2543024251984938,High Risk,121,123.70018994695707,2.7001899469570674,2.23156193963394
HOBBIES_1_236,A,0.8506849315068493,1.4482602454215243,36883.520000000004,1.2543007894018392,High Risk,3,9.72257911870506,6.72257911870506,224.08597062350196
FOODS_3_294,A,1.2665753424657533,2.0352889864505483,11458.18,1.2542381493347616,High Risk,414,368.0532923451341,-45.94670765486592,-11.098238563977276
FOODS_1_147,A,0.5564383561643835,0.9828445831102844,10382.109999999999,1.2542376695628659,High Risk,179,177.58344667104183,-1.416553328958173,-0.7913705748369683
HOBBIES_1_126,A,0.4043835616438356,0.7274762312514534,14140.08,1.2541955097205315,High Risk,144,146.2162569629801,2.216256962980111,1.539067335402855
FOODS_3_690,A,0.4304109589041096,0.7713036985070654,15678.58,1.2541634918881521,High Risk,164,169.88285364667536,5.882853646675358,3.58710588211912
FOODS_3_503,A,4.664383561643835,3.920624816082612,42222.0,1.2541332351631036,High Risk,1774,1729.9734573417518,-44.02654265824822,-2.4817667789316924
HOUSEHOLD_2_341,A,0.766027397260274,1.313357331707926,14850.960000000001,1.2541011065482939,High Risk,200,205.92946303660366,5.929463036603664,2.964731518301832
HOBBIES_1_144,A,0.3972602739726027,0.7135636546715496,16355.999999999998,1.2540703901173544,High Risk,134,136.35279019792674,2.352790197926737,1.7558135805423412
FOODS_3_571,A,0.4715068493150685,0.8388250654107829,15856.06,1.2540556196172439,High Risk,155,162.65064154034854,7.650641540348545,4.935897767966803
FOODS_3_321,A,4.581369863013698,3.9176342109169275,24748.559999999998,1.254016895904644,High Risk,1413,1455.5612820428619,42.561282042861876,3.0121218713985756
FOODS_1_210,A,1.9895890410958905,2.857039710382698,14230.76,1.253990644246282,High Risk,4,9.192678988615913,5.1926789886159135,129.81697471539783
FOODS_1_090,A,0.7805479452054794,1.3316991233948607,10085.460000000001,1.2539537881561138,High Risk,282,267.0203754237767,-14.979624576223273,-5.3119236085898125
FOODS_3_574,A,3.0967123287671234,3.66876188893989,67583.94,1.253911878644211,High Risk,1237,1209.5533074545785,-27.446692545421456,-2.218811038433424
HOBBIES_1_100,A,0.35013698630136986,0.630486319038419,14415.839999999998,1.2538953011577008,High Risk,123,127.14222175950785,4.142221759507848,3.3676599670795513
FOODS_2_166,A,1.778904109589041,2.631188010588466,12888.02,1.2538707090623347,High Risk,388,377.2983337254249,-10.701666274575075,-2.7581614109729573
HOUSEHOLD_2_369,A,0.6131506849315068,1.0671826493643064,14479.859999999999,1.2538621785215571,High Risk,178,179.77544986593153,1.7754498659315345,0.9974437449053565
FOODS_1_123,A,1.0186301369863013,1.6793306969338333,13160.77,1.2538376958131237,High Risk,308,310.9685230711177,2.9685230711177155,0.9638061919213361
FOODS_1_083,A,2.166301369863014,3.009533362069793,15793.0,1.2537876579515017,High Risk,465,485.151608244055,20.151608244055012,4.333679192269895
HOUSEHOLD_1_228,A,0.42575342465753424,0.7572395053249839,14716.380000000001,1.2537483575704746,High Risk,169,161.97527153486442,-7.024728465135581,-4.156644062210403
FOODS_2_144,A,1.1515068493150684,1.8593469087072907,10465.26,1.2537206370898182,High Risk,573,559.6950372878239,-13.30496271217612,-2.321983021322185
HOUSEHOLD_2_472,A,0.41698630136986303,0.74169316811995,12906.560000000001,1.2536951337653002,High Risk,123,124.84286689911089,1.8428668991108879,1.4982657716348682
FOODS_2_002,A,2.3265753424657536,3.140569068311763,15904.7,1.25369002095643,High Risk,793,776.0863229133339,-16.913677086666098,-2.132872268179836
FOODS_1_047,A,1.0063013698630137,1.655674867804587,13002.42,1.2536634140644638,High Risk,325,307.1578121846208,-17.84218781537919,-5.489903943193597
HOUSEHOLD_1_415,A,0.3747945205479452,0.6694363281922633,17210.07,1.2536369783010262,High Risk,145,131.20359401580373,-13.79640598419627,-9.514762747721566
FOODS_1_031,A,1.2947945205479452,2.0449056470845592,16730.04,1.2536284359499161,High Risk,425,413.02641599731544,-11.97358400268456,-2.8173138829846027
FOODS_3_485,A,0.9410958904109589,1.5600113497874626,12031.3,1.2535977361292208,High Risk,524,493.76425097190923,-30.235749028090765,-5.770181112231062
FOODS_1_129,A,3.245753424657534,3.697916250067548,75621.62,1.253568791970667,High Risk,1070,1103.9501456077123,33.95014560771233,3.172910804459096
FOODS_3_079,A,1.88986301369863,2.7278957893436813,41245.04,1.2535620393839406,High Risk,740,710.0438695156134,-29.956130484386563,-4.04812574113332
FOODS_2_151,A,2.0065753424657533,2.8406014802266477,13752.72,1.2535164321695467,High Risk,641,635.4618192980734,-5.538180701926649,-0.8639907491305224
HOUSEHOLD_2_501,A,0.4002739726027397,0.7109139640625263,11644.17,1.2535121012882662,High Risk,157,152.9086041184975,-4.091395881502507,-2.605984637899686
HOUSEHOLD_2_316,A,0.3975342465753425,0.7062687260182041,10503.0,1.2535103857934855,High Risk,173,158.91181439749988,-14.088185602500118,-8.143459885838219
HOBBIES_1_210,A,0.6791780821917808,1.163211260648547,13561.359999999999,1.2534895370049088,High Risk,133,140.65882313244683,7.658823132446827,5.758513633418667
FOODS_3_142,A,1.3964383561643836,2.166750518630054,20281.12,1.253488323734948,High Risk,530,474.83852024480376,-55.16147975519624,-10.407826368904951
HOBBIES_1_004,A,1.7465753424657535,2.572627280443775,29579.999999999996,1.2534861884961013,High Risk,495,483.4985239944093,-11.501476005590689,-2.3235305061799374
HOUSEHOLD_1_126,A,0.37589041095890413,0.6688214288097183,12273.160000000002,1.253447777607995,High Risk,126,115.00303177885182,-10.99696822114818,-8.72775255646681
FOODS_3_448,A,1.2049315068493152,1.9196458201400688,13048.0,1.253446538685506,High Risk,143,131.27844202165727,-11.72155797834273,-8.196893691148762
FOODS_2_272,A,1.9816438356164383,2.811116509674336,13544.24,1.2534400048337888,High Risk,707,697.4393305090248,-9.560669490975215,-1.3522870567150234
FOODS_3_530,A,5.166849315068493,3.626256551370308,31683.12,1.2533897885068788,High Risk,1409,1469.6482918416623,60.648291841662285,4.304350024248565
FOODS_2_102,A,0.5298630136986301,0.9224885813139686,21215.980000000003,1.253340471544058,High Risk,190,199.9991539519075,9.999153951907488,5.262712606267099
FOODS_3_194,A,1.8967123287671233,2.7181505038671263,20630.54,1.2533092953666836,High Risk,539,514.7025400400968,-24.29745995990322,-4.507877543581302
FOODS_2_299,A,2.5476712328767124,3.2777769373873906,17869.24,1.2532982755387654,High Risk,857,977.2518526301728,120.25185263017283,14.031721427091345
HOUSEHOLD_1_362,A,0.38958904109589043,0.6897448667765685,11333.34,1.2532819622106979,High Risk,111,111.81504902974173,0.8150490297417292,0.734278405172729
FOODS_2_253,A,0.6263013698630137,1.0751783639232153,17841.4,1.25326488272864,High Risk,341,332.5382300488603,-8.461769951139672,-2.4814574636773234
FOODS_1_042,A,3.45013698630137,3.7359190254957073,12191.22,1.2532648504513526,High Risk,1198,1202.8926437319349,4.892643731934868,0.40840097929339464
FOODS_3_691,A,0.37068493150684934,0.6574953696034216,10120.44,1.2532545853146986,High Risk,92,95.94374045532017,3.9437404553201674,4.286674407956704
FOODS_3_759,A,0.9794520547945206,1.6022267069360627,10627.78,1.253219058141519,High Risk,312,303.0211531764081,-8.97884682359188,-2.8778355203820127
FOODS_1_048,A,0.5164383561643836,0.8981442605763764,11272.300000000001,1.2532000683049571,High Risk,163,167.87699952213586,4.876999522135861,2.9920242467091174
HOUSEHOLD_1_137,A,0.4326027397260274,0.7604069733594161,20492.44,1.2531948406891698,High Risk,134,140.38226374734896,6.382263747348958,4.762883393543999
FOODS_3_124,A,2.769041095890411,3.4134284832655806,54979.32000000001,1.253178555944098,High Risk,932,911.6325102168718,-20.367489783128235,-2.1853529810223424
HOUSEHOLD_1_294,A,5.02986301369863,3.633216062428886,37151.25,1.2530957710015445,High Risk,1350,1380.2524808307116,30.252480830711647,2.2409245059786405
HOUSEHOLD_2_402,A,0.43589041095890413,0.7642854104258808,14271.27,1.25309096767264,High Risk,154,154.5491858792674,0.5491858792674122,0.35661420731650145
FOODS_2_345,A,0.6131506849315068,1.0500973825207853,18152.81,1.2530630554946753,High Risk,187,203.2050265085009,16.205026508500907,8.665789576738453
FOODS_3_689,A,1.4873972602739727,2.2554049009410653,15737.52,1.253062012382109,High Risk,604,620.3236732188074,16.323673218807357,2.7025949037760526
FOODS_2_191,A,0.6386301369863013,1.0898712969295519,20808.780000000002,1.253053615624108,High Risk,191,187.04135318592427,-3.9586468140757347,-2.0725899550134734
FOODS_3_646,A,1.0701369863013699,1.7226144777471415,10414.12,1.253053597770152,High Risk,653,680.1876818859643,27.187681885964253,4.163504117299273
FOODS_2_356,A,1.2693150684931507,1.9859925543113213,11532.130000000001,1.2530425219972285,High Risk,499,512.0430836473334,13.043083647333447,2.6138444183032963
FOODS_2_250,A,0.5953424657534246,1.0214633887822822,23837.81,1.2530382442776715,High Risk,148,169.27479302789604,21.274793027896038,14.374860153983809
HOBBIES_1_109,A,0.5323287671232877,0.9206211049185469,10873.140000000001,1.2530244630368692,High Risk,108,107.36665099079475,-0.6333490092052472,-0.5864342677826363
HOUSEHOLD_1_395,A,0.5621917808219178,0.9670343906375011,10007.09,1.2529497896089934,High Risk,168,173.1841854334104,5.184185433410391,3.0858246627442805
FOODS_3_823,A,1.1868493150684931,1.87281022342012,12147.74,1.2528945136721676,High Risk,142,137.95131077876118,-4.048689221238817,-2.851189592421702
FOODS_3_787,A,1.678082191780822,2.46169595856607,14958.0,1.2528736027549994,High Risk,423,457.74727560469364,34.74727560469364,8.214485958556416
FOODS_3_299,A,2.79013698630137,3.395838575440324,15118.14,1.2528662675085662,High Risk,1181,1152.410391535631,-28.589608464368894,-2.420796652359771
HOUSEHOLD_1_066,A,5.035342465753424,3.588311191248494,54401.84,1.2528527484539786,High Risk,1635,1602.5426523513122,-32.4573476486878,-1.9851588775955842
FOODS_3_292,A,2.8504109589041096,3.425531001581468,36511.44,1.252814951786682,High Risk,1223,1175.6135273431057,-47.386472656894284,-3.874609375052681
HOBBIES_1_147,A,2.5424657534246577,3.229756729324421,93600.24,1.2527986472204216,High Risk,783,777.0798907583767,-5.920109241623322,-0.756080362914856
HOUSEHOLD_1_341,A,0.5863013698630137,1.001959585697498,10443.2,1.2527847999719626,High Risk,199,222.2608033951027,23.2608033951027,11.688845927187286
FOODS_3_461,A,2.1167123287671235,2.883899444599647,11732.76,1.2526996381348336,High Risk,992,832.0627367057671,-159.93726329423293,-16.122707993370256
HOBBIES_1_026,A,0.34876712328767123,0.6134107932947092,22870.84,1.2526852166785247,High Risk,113,117.72500168107149,4.72500168107149,4.181417416877425
FOODS_2_373,A,0.5484931506849315,0.9390754087263357,11496.640000000001,1.2526317647611611,High Risk,228,229.8265650730589,1.8265650730589016,0.8011250320433779
FOODS_3_107,A,3.2764383561643835,3.603159057386756,29658.32,1.2526309181037938,High Risk,936,908.5097979950132,-27.490202004986827,-2.936987393695174
FOODS_1_086,A,1.887123287671233,2.662503905537943,12604.210000000001,1.2526107378932685,High Risk,633,649.561899518242,16.561899518241944,2.6164138259465943
HOUSEHOLD_2_509,A,0.4336986301369863,0.7525338704832395,14198.61,1.2525539020891738,High Risk,129,120.31365666163035,-8.686343338369653,-6.733599487108258
HOUSEHOLD_1_314,A,0.4602739726027397,0.7957718711609801,13406.400000000001,1.2525458920139179,High Risk,128,118.64805522268428,-9.351944777315722,-7.306206857277909
FOODS_1_216,A,0.8835616438356164,1.441041318574489,17012.04,1.2524614028144347,High Risk,304,307.86563544936155,3.865635449361548,1.2715906083426145
HOUSEHOLD_2_427,A,0.8136986301369863,1.3384827440205853,10750.369999999999,1.25241288674388,High Risk,291,287.84343596237426,-3.156564037625742,-1.0847299098370247
FOODS_2_383,A,1.5172602739726027,2.254280213892205,10742.44,1.252377086505977,High Risk,628,599.4692162503878,-28.53078374961217,-4.543118431466906
FOODS_2_048,A,0.6219178082191781,1.0483314301464244,18093.91,1.2523456793095846,High Risk,164,164.73005825068577,0.7300582506857722,0.4451574699303489
FOODS_3_495,A,1.9232876712328768,2.679383472518434,12791.09,1.2523344192802675,High Risk,779,812.6480638055567,33.64806380555672,4.319392016117678
FOODS_3_333,A,2.3468493150684933,3.0446971168910406,16960.68,1.2523145455000613,High Risk,903,741.2077448516228,-161.7922551483772,-17.917193261171338
FOODS_3_672,A,3.8723287671232876,3.697173088693697,35385.88,1.2523100324436731,High Risk,1184,1231.0645178148675,47.064517814867486,3.9750437343638074
HOBBIES_1_339,A,0.7032876712328767,1.1714682142124762,20484.66,1.2522976462051387,High Risk,250,244.8393103940653,-5.160689605934692,-2.064275842373877
FOODS_2_065,A,2.8219178082191783,3.3577357408502193,9918.88,1.2522905290781448,High Risk,900,851.0104193557827,-48.98958064421731,-5.4432867382463686
FOODS_2_359,A,1.5964383561643836,2.338716618795069,11892.04,1.2522903407560775,High Risk,405,447.9963791294263,42.996379129426316,10.616389908500325
FOODS_3_634,A,2.52986301369863,3.172886510035468,36745.35,1.2522543168867348,High Risk,1060,1059.1367351025888,-0.8632648974112271,-0.08144008466143653
FOODS_3_473,A,4.8282191780821915,3.547944855147147,71049.54,1.2521563224297734,High Risk,1217,1190.2550577970921,-26.74494220290785,-2.1976123420630937
FOODS_3_534,A,1.9342465753424658,2.677526374558645,34452.8,1.2521510709195451,High Risk,553,563.3964587340222,10.39645873402219,1.8800106209805045
FOODS_1_065,A,0.8663013698630136,1.40592987873595,11193.48,1.252119850195382,High Risk,246,251.8402126049637,5.84021260496371,2.3740701646193947
HOBBIES_1_124,A,0.636986301369863,1.0659285042321442,13903.500000000002,1.2520913732154642,High Risk,186,181.107835866943,-4.892164133057008,-2.630195770460757
HOUSEHOLD_2_076,A,0.5,0.8516262070252365,16370.250000000002,1.2520658324624476,High Risk,139,140.0969316915386,1.0969316915386003,0.7891594903155398
FOODS_2_189,A,1.2684931506849315,1.9416591374837016,11522.31,1.2520639947335168,High Risk,538,536.4008840171009,-1.599115982899093,-0.2972334540704634
FOODS_2_263,A,0.5232876712328767,0.8881733447733678,12024.720000000001,1.2520448876852788,High Risk,215,204.5542549768533,-10.445745023146713,-4.858486057277541
FOODS_2_186,A,0.5265753424657534,0.8933115545602087,9902.28,1.252041983409873,High Risk,168,170.48582324416955,2.485823244169552,1.4796566929580666
HOBBIES_1_157,A,0.4073972602739726,0.7010152513056035,16772.76,1.2519705428366454,High Risk,139,139.05629614026364,0.05629614026364038,0.04050082033355423
HOUSEHOLD_1_308,A,0.4095890410958904,0.7044205997514879,10304.32,1.2519590200568438,High Risk,160,156.07314210829594,-3.92685789170406,-2.4542861823150375
FOODS_2_240,A,1.7161643835616438,2.447919922884419,12695.000000000002,1.2519549888052504,High Risk,355,342.18140244530224,-12.81859755469776,-3.6108725506190877
HOUSEHOLD_1_281,A,0.5663013698630137,0.953345074773989,10207.050000000001,1.2519250031784406,High Risk,231,221.19515441496543,-9.80484558503457,-4.244521898283364
FOODS_2_045,A,0.5134246575342466,0.8699864694645961,13059.59,1.2519005989584244,High Risk,146,151.39198799806425,5.391987998064252,3.69314246442757
FOODS_2_164,A,3.3873972602739726,3.5533062458091913,35747.28,1.2518900746347936,High Risk,1110,1102.4304546081341,-7.569545391865859,-0.6819410262942215
HOUSEHOLD_1_257,A,1.1616438356164382,1.797552470845935,22098.2,1.2518562133404065,High Risk,412,358.04085300611644,-53.959146993883564,-13.096880338321254
FOODS_3_249,A,1.2183561643835616,1.8693244337412809,11885.980000000001,1.2518450161097456,High Risk,647,625.8558653290141,-21.144134670985864,-3.2680269970611846
FOODS_2_022,A,1.5276712328767124,2.2373364104699434,38910.530000000006,1.2518356448378913,High Risk,526,504.72038976455815,-21.27961023544185,-4.045553276699971
HOBBIES_1_195,A,0.3731506849315068,0.6423802952433918,15346.499999999998,1.2517726486952376,High Risk,130,127.86912427845698,-2.1308757215430205,-1.639135170417708
FOODS_3_231,A,2.6326027397260274,3.1940236170045977,52267.44,1.2517422911648208,High Risk,828,802.3024267813369,-25.697573218663138,-3.1035716447660797
HOUSEHOLD_2_438,A,0.5556164383561644,0.9319413200466733,17986.559999999998,1.2516798917924215,High Risk,229,233.13339275348272,4.133392753482724,1.8049750015208401
FOODS_3_342,A,3.0813698630136988,3.4209081451961327,15003.23,1.2516754776813936,High Risk,1492,1482.38025332885,-9.619746671150097,-0.6447551388170306
FOODS_3_271,A,0.9323287671232877,1.4847618436593821,15239.970000000001,1.2516736367864365,High Risk,0,12.5511107610988,12.5511107610988,
HOUSEHOLD_2_135,A,0.5778082191780822,0.9659030034920455,21047.82,1.25166090764295,High Risk,162,152.80732134083436,-9.192678659165637,-5.674492999484961
HOUSEHOLD_1_246,A,2.763835616438356,3.2637098860287277,40150.24,1.251658088225971,High Risk,926,966.2476151207004,40.2476151207004,4.346394721457926
FOODS_3_592,A,1.434794520547945,2.1213514190757494,38294.26,1.2516382340819303,High Risk,886,895.6131117628497,9.613111762849712,1.0850013276354078
FOODS_2_227,A,0.7583561643835617,1.2353687567654403,12348.650000000001,1.2515998178053358,High Risk,258,259.7304634978401,1.7304634978401054,0.670722285984537
HOBBIES_1_123,A,0.5808219178082191,0.9690549840640484,16917.600000000002,1.2515871894349697,High Risk,146,148.62171538325086,2.6217153832508586,1.79569546798004
FOODS_2_397,A,0.9232876712328767,1.469384330885303,10533.279999999999,1.25158501538162,High Risk,342,330.8542336797232,-11.145766320276778,-3.2589960000809293
FOODS_3_780,A,1.3394520547945206,2.0052287709156142,14569.22,1.251556335309875,High Risk,485,463.7657267023746,-21.234273297625407,-4.378200679922764
HOBBIES_1_361,A,0.37397260273972605,0.640833803005811,39280.24,1.2515508382247376,High Risk,120,127.35718537760172,7.3571853776017235,6.130987814668103
HOBBIES_1_164,A,0.5975342465753425,0.9937841632183665,19559.72,1.251543400347829,High Risk,218,210.66359550681284,-7.33640449318716,-3.365323162012459
FOODS_2_266,A,1.7326027397260273,2.43788385395731,56949.5,1.2515065801851657,High Risk,595,616.7217215192526,21.721721519252583,3.6507094990340474
HOUSEHOLD_1_014,A,0.603013698630137,1.001200546720473,39551.969999999994,1.2514979807033604,High Risk,149,156.23437616184262,7.234376161842619,4.855286014659475
FOODS_3_753,A,2.262191780821918,2.911788085752711,44911.22,1.2514769822610852,High Risk,712,688.2394473555713,-23.760552644428685,-3.337156270284928
FOODS_2_370,A,1.1693150684931506,1.7913469495269236,21211.96,1.2514622612791275,High Risk,390,378.67340811330706,-11.326591886692938,-2.904254329921266
FOODS_3_125,A,0.690958904109589,1.1324218226390024,12559.560000000001,1.2514499956435758,High Risk,296,247.58965498238442,-48.41034501761558,-16.354846289734994
HOBBIES_1_321,A,0.5926027397260274,0.9842832156491094,14448.84,1.2514487814400546,High Risk,174,181.87420598405305,7.874205984053049,4.525405737961522
HOUSEHOLD_1_040,A,3.892602739726027,3.580951258247099,69467.32,1.251441674617652,High Risk,1281,1238.3298192806667,-42.6701807193333,-3.331005520634918
FOODS_2_224,A,0.5202739726027398,0.8723705314895728,10966.880000000001,1.2514363576620404,High Risk,211,219.7713803501805,8.771380350180493,4.157052298663741
HOUSEHOLD_1_293,A,1.0567123287671232,1.6445814053700083,47257.920000000006,1.2514358754776174,High Risk,4,11.101328021491478,7.101328021491478,177.53320053728694
HOUSEHOLD_1_377,A,0.4389041095890411,0.7430827658017368,14353.920000000002,1.251379678091128,High Risk,112,116.00527279022495,4.00527279022495,3.5761364198437056
FOODS_3_750,A,1.3545205479452054,2.01401300885181,12218.68,1.2513617080220347,High Risk,648,647.5584543863163,-0.44154561368372924,-0.06813975519810636
FOODS_3_110,A,0.43917808219178084,0.7427363682734148,18476.460000000003,1.2513285322187808,High Risk,137,131.24620549340094,-5.753794506599064,-4.1998500048168355
HOBBIES_1_134,A,2.603835616438356,3.138143341016584,36780.48,1.2513260435093216,High Risk,818,806.4970329730626,-11.502967026937426,-1.406230687889661
FOODS_2_028,A,0.8627397260273972,1.3769261506011492,12222.56,1.2513249401286273,High Risk,354,350.0148708267235,-3.985129173276505,-1.125742704315397
FOODS_2_236,A,1.4183561643835616,2.086783249196601,15427.46,1.2513248762475508,High Risk,491,488.19269846594557,-2.8073015340544316,-0.5717518399296194
HOUSEHOLD_1_531,A,0.4602739726027397,0.7755406756273907,13322.4,1.2512853299676832,High Risk,119,122.50125354351363,3.501253543513627,2.9422298684988464
HOUSEHOLD_1_095,A,0.5731506849315069,0.9505401915910214,12489.24,1.2512517964806442,High Risk,228,220.22639144421623,-7.773608555783767,-3.4094774367472667
FOODS_3_644,A,2.8608219178082193,3.2706245274776964,17542.2,1.2512036701013995,High Risk,2,9.555702668750303,7.555702668750303,377.7851334375152
HOUSEHOLD_1_417,A,0.49945205479452054,0.8357094130766067,9982.52,1.251201947977855,High Risk,145,144.76231056956277,-0.23768943043722857,-0.16392374512912317
HOUSEHOLD_1_062,A,1.652054794520548,2.335876586418374,30029.4,1.2511847060615822,High Risk,514,485.06437662160704,-28.93562337839296,-5.629498711749603
FOODS_1_108,A,1.1487671232876713,1.7533759045829094,10482.5,1.2511679013464958,High Risk,461,460.485067970095,-0.514932029905026,-0.11169892188829197
HOBBIES_1_028,A,0.3704109589041096,0.6293289399440011,10788.960000000001,1.2511096900682726,High Risk,127,121.6995034377136,-5.300496562286398,-4.173619340382991
FOODS_1_059,A,1.2424657534246575,1.8662026876580364,24074.399999999998,1.2510743312068944,High Risk,429,406.59267256891286,-22.40732743108714,-5.22315324733966
HOUSEHOLD_2_401,A,0.873972602739726,1.384844107784922,10622.7,1.2510687954932644,High Risk,234,235.3715400677125,1.3715400677124876,0.5861282340651657
FOODS_3_178,A,2.2454794520547945,2.86644579324313,15085.32,1.2510650319080903,High Risk,912,926.7046088846033,14.704608884603317,1.6123474654170304
HOUSEHOLD_1_248,A,0.4413698630136986,0.7418051705954909,14419.310000000001,1.2510412855704311,High Risk,153,140.7981252962158,-12.201874703784199,-7.975081505741306
HOUSEHOLD_1_219,A,0.6358904109589041,1.0403082521869225,15038.6,1.2510115511195397,High Risk,129,133.5876740670691,4.587674067069088,3.556336486100068
HOUSEHOLD_1_157,A,0.961917808219178,1.5028707867373425,15692.63,1.2509991391861865,High Risk,297,252.41006522606995,-44.589934773930054,-15.0134460518283
FOODS_1_028,A,1.15013698630137,1.7480149593263576,11443.94,1.2509909097432055,High Risk,411,361.84678636777375,-49.153213632226255,-11.959419375237532
HOBBIES_1_338,A,0.9704109589041096,1.5133284142705623,31807.61,1.2509707170715916,High Risk,247,216.11524828763396,-30.88475171236604,-12.503948061686657
FOODS_2_346,A,3.844109589041096,3.513521559726318,33378.58,1.250959254720007,High Risk,1312,1338.925652294661,26.92565229466095,2.0522600834345237
FOODS_2_066,A,0.6898630136986301,1.1184842897731757,15057.640000000001,1.250938201249039,High Risk,217,217.15992695609899,0.15992695609898533,0.07369905811013149
FOODS_3_813,A,0.8435616438356165,1.338519457385448,13887.06,1.2509363483618967,High Risk,374,370.68326046098247,-3.316739539017533,-0.8868287537480035
HOBBIES_1_001,A,0.4895890410958904,0.815730582696657,14766.82,1.250934868137084,High Risk,159,161.8922302078471,2.892230207847092,1.8190127093377937
HOBBIES_1_213,A,0.5049315068493151,0.8392944930481998,15235.18,1.2509200997883976,High Risk,145,147.3245948261313,2.324594826131289,1.6031688456077855
HOBBIES_1_021,A,0.4386301369863014,0.7345285848064472,19019.88,1.2508489491807444,High Risk,121,125.12446780802884,4.1244678080288395,3.40865108101557
HOBBIES_1_105,A,0.5356164383561643,0.884671985886683,13059.4,1.250816358056952,High Risk,174,171.81703159307833,-2.182968406921674,-1.2545795442078587
HOBBIES_1_392,A,0.5175342465753424,0.8568998096040273,24519.22,1.250815988216953,High Risk,164,168.94360581268666,4.9436058126866556,3.0143937882235705
FOODS_1_080,A,0.5854794520547946,0.9604155506133455,16198.460000000001,1.2508133503065733,High Risk,214,215.13056970637103,1.130569706371034,0.5283036011079598
HOBBIES_1_116,A,0.48054794520547944,0.798930311180993,11348.38,1.2507730372369226,High Risk,170,156.4525441189445,-13.547455881055498,-7.969091694738529
FOODS_3_577,A,1.0632876712328767,1.6280950496836444,13218.68,1.2507575296705828,High Risk,400,387.6589965187231,-12.341003481276914,-3.0852508703192285
HOBBIES_1_237,A,0.46876712328767123,0.7798046027249523,13653.78,1.2507253625274037,High Risk,95,90.60892634323068,-4.391073656769322,-4.6221827965992865
HOBBIES_1_415,A,0.6284931506849315,1.0226587083397631,15323.92,1.2507107830162385,High Risk,161,159.5669989129152,-1.43300108708479,-0.8900627870091863
FOODS_3_298,A,0.5547945205479452,0.9114750776516946,37928.25,1.2506879146058552,High Risk,164,172.0666017569963,8.066601756996306,4.918659607924577
HOBBIES_1_050,A,0.48,0.7965119905281294,18777.82,1.2506794503875298,High Risk,179,177.91703178230048,-1.0829682176995163,-0.6050101774857634
FOODS_2_103,A,1.4778082191780821,2.1179719086162208,37644.15,1.250615398390588,High Risk,455,436.8875159929062,-18.112484007093826,-3.9807657158447967
FOODS_2_112,A,1.864109589041096,2.5080084585398668,21825.5,1.2505852587997657,High Risk,610,601.6877035648338,-8.312296435166218,-1.3626715467485604
HOUSEHOLD_1_344,A,1.9956164383561643,2.6245844188389924,57762.119999999995,1.2505644854566027,High Risk,500,515.1881186455848,15.188118645584836,3.037623729116967
HOBBIES_1_160,A,0.3504109589041096,0.5896765080064852,25058.68,1.2505166922014903,High Risk,126,120.02534546379981,-5.974654536200191,-4.7417893144445955
FOODS_2_143,A,0.6627397260273973,1.0679609483557257,9870.13,1.2504802415077967,High Risk,193,193.52566446813773,0.5256644681377338,0.27236500939778957
FOODS_3_413,A,3.875068493150685,3.4474098224911494,14144.0,1.2504598582530813,High Risk,1178,1166.3836229547005,-11.616377045299487,-0.9861101057130294
HOUSEHOLD_2_262,A,0.5652054794520548,0.9224493910860028,10253.109999999999,1.2504439030985073,High Risk,161,157.88927160930075,-3.1107283906992507,-1.9321294352169258
FOODS_2_054,A,2.647945205479452,3.083500837597999,28705.050000000003,1.2504424352229482,High Risk,800,762.2735075304757,-37.72649246952426,-4.7158115586905325
FOODS_3_557,A,1.8315068493150686,2.4670687582017115,16728.82,1.250421170450446,High Risk,699,628.1630495399228,-70.83695046007722,-10.134041553659117
FOODS_3_372,A,4.015890410958904,3.4384968688300117,48078.24,1.2504080995334474,High Risk,1043,1082.0725517717676,39.07255177176762,3.7461698726526964
FOODS_1_005,A,1.455068493150685,2.0813235475893,18800.94,1.250389024886354,High Risk,623,628.8116777829911,5.811677782991069,0.9328535767240881
HOBBIES_1_276,A,0.4136986301369863,0.6884146932921851,12049.800000000001,1.2503859484748157,High Risk,115,108.74599856662145,-6.254001433378548,-5.438262115981346
HOUSEHOLD_1_161,A,0.4747945205479452,0.7835282009824749,20721.239999999998,1.2503834422072515,High Risk,233,204.91684921545,-28.083150784550014,-12.052854413969962
HOBBIES_1_241,A,1.0312328767123287,1.5719205935543759,76505.92,1.2503539304954479,High Risk,339,336.52135849599284,-2.4786415040071574,-0.731162685547834
FOODS_1_034,A,0.606027397260274,0.9798556665292345,13108.15,1.2502705021301552,High Risk,224,212.98237683920104,-11.017623160798962,-4.918581768213822
FOODS_2_348,A,0.8663013698630136,1.3494368229901503,18908.760000000002,1.2502496626424546,High Risk,282,286.51760571104234,4.517605711042336,1.6019878407951544
HOUSEHOLD_1_326,A,0.6065753424657534,0.979516465039698,10795.81,1.250216105060758,High Risk,165,176.93417365525025,11.934173655250248,7.232832518333483
FOODS_3_738,A,2.9147945205479453,3.1956611572277662,15978.24,1.2502064543168465,High Risk,981,987.6885726463183,6.688572646318335,0.6818116866787293
HOUSEHOLD_1_476,A,0.6156164383561644,0.9915662256695991,10875.48,1.250155512012434,High Risk,202,201.40921066320328,-0.5907893367967176,-0.29246996871124636
HOUSEHOLD_1_473,A,4.390410958904109,3.346634553492375,36764.1,1.2501243904028883,High Risk,1242,1288.3901568435017,46.3901568435017,3.735117298188543
FOODS_3_272,A,0.5049315068493151,0.8251346224777417,18393.14,1.25011585934383,High Risk,132,134.26165744383215,2.2616574438321493,1.713376851387992
FOODS_2_301,A,1.0402739726027397,1.574763265998211,11000.220000000001,1.2501105691355086,High Risk,414,384.96241483653046,-29.037585163469544,-7.0139094597752525
FOODS_3_081,A,0.6616438356164384,1.0578148981389244,11195.199999999999,1.2501099548308934,High Risk,215,237.38598466762377,22.385984667623774,10.412085891918034
FOODS_3_546,A,2.8673972602739726,3.1640026317735965,62575.68000000001,1.250104421089344,High Risk,1063,1032.2445196218832,-30.755480378116772,-2.893271907630929
FOODS_2_198,A,1.6345205479452054,2.2514238612129067,53169.86,1.2500250438979332,High Risk,443,438.4895882548727,-4.510411745127328,-1.0181516354689228
FOODS_1_162,A,3.6876712328767125,3.378390584182476,26381.6,1.2500132435842282,High Risk,1276,1276.0838568050729,0.08385680507285542,0.006571849927339767
FOODS_3_476,A,2.5936986301369864,3.0106440873852813,56603.66,1.2499861040099642,High Risk,1096,1086.705881711875,-9.294118288124992,-0.8480034934420613
HOUSEHOLD_1_022,A,0.7652054794520547,1.201736787354546,13518.119999999999,1.2499652699793353,High Risk,282,254.9862708438793,-27.01372915612069,-9.579336580184641
HOUSEHOLD_1_113,A,2.0134246575342467,2.5973162251681545,42183.26,1.2499571259191806,High Risk,600,588.7686114616322,-11.23138853836781,-1.8718980897279685
FOODS_2_322,A,2.6715068493150684,3.0500141162232457,28382.940000000002,1.249940096030711,High Risk,921,888.8239322045205,-32.176067795479526,-3.493601280725247
HOUSEHOLD_1_262,A,3.266849315068493,3.2911221491433396,11566.28,1.2499224839584895,High Risk,1168,1115.9103952199541,-52.089604780045875,-4.459726436647763
HOUSEHOLD_1_044,A,0.4827397260273973,0.7879283455735139,31663.14,1.2499170618249638,High Risk,110,125.24152150546969,15.241521505469692,13.855928641336082
FOODS_1_152,A,0.8175342465753425,1.2722643458395315,23501.45,1.2498933434390769,High Risk,275,264.8178967974218,-10.182103202578219,-3.702582982755716
FOODS_3_208,A,1.207945205479452,1.7736515564027886,21515.92,1.2498857963519672,High Risk,341,347.59283850997053,6.592838509970534,1.9333837272640861
HOUSEHOLD_1_289,A,0.7005479452054795,1.1082414928109925,13192.13,1.249878486571109,High Risk,284,283.61973470331986,-0.3802652966801361,-0.13389623122540004
HOUSEHOLD_2_346,A,1.023013698630137,1.5440962318730271,12434.22,1.2498722242779488,High Risk,361,309.1841800043926,-51.8158199956074,-14.353412741165483
FOODS_3_636,A,3.6654794520547944,3.3566869575577583,46930.18,1.2498596387163061,High Risk,1283,1260.1160582948137,-22.883941705186317,-1.783627568603766
FOODS_3_097,A,1.9805479452054795,2.562435965504599,15378.160000000002,1.2498545236919747,High Risk,884,877.741011469248,-6.258988530752049,-0.708030376781906
HOUSEHOLD_1_287,A,0.924931506849315,1.4143522284266912,15615.71,1.249808141589673,High Risk,446,457.9094794605297,11.909479460529724,2.670286874558234
HOBBIES_1_225,A,0.4010958904109589,0.6602680174556829,41963.18,1.2497917913232313,High Risk,74,86.045367940039,12.045367940039,16.277524243295947
FOODS_2_051,A,1.1353424657534246,1.680016575065846,10322.02,1.2497460078782803,High Risk,480,465.38164902292914,-14.618350977070861,-3.0454897868897626
HOUSEHOLD_1_011,A,0.8504109589041096,1.3102379902142678,14351.72,1.249660187307501,High Risk,377,402.3931658026389,25.39316580263892,6.7355877460580675
HOUSEHOLD_1_270,A,0.5597260273972603,0.898444154114082,20089.78,1.2496368743648807,High Risk,252,246.91021695766207,-5.0897830423379276,-2.0197551755309235
FOODS_3_267,A,1.3490410958904109,1.9251064854956907,11226.72,1.2496096083610995,High Risk,475,456.3384947225252,-18.661505277474816,-3.928737953152593
FOODS_1_178,A,0.653972602739726,1.03461167602102,23822.260000000002,1.2495808752358104,High Risk,172,173.4105144397231,1.4105144397231015,0.8200665347227335
HOUSEHOLD_1_117,A,0.49726027397260275,0.8036080262729491,14465.55,1.2495479544424022,High Risk,147,146.89021521768444,-0.10978478231555755,-0.07468352538473302
FOODS_3_211,A,0.7487671232876713,1.1673623455149513,12517.14,1.2495316492221624,High Risk,264,265.10155796702196,1.1015579670219608,0.4172568056901367
FOODS_3_652,A,4.712328767123288,3.152815026053982,68449.28,1.2495238266917341,High Risk,1504,1545.0798487503844,41.07984875038437,2.7313729222330037
FOODS_2_183,A,3.8619178082191783,3.320151423383631,126582.08,1.2495170554943524,High Risk,1165,1105.3741353992114,-59.625864600788645,-5.118099965732931
FOODS_2_062,A,0.5794520547945206,0.9248938232574025,12200.279999999999,1.2495058294997357,High Risk,207,208.9492643068762,1.949264306876188,0.941673578201057
HOUSEHOLD_1_136,A,1.3386301369863014,1.9070949119543636,19397.420000000002,1.2494749954084492,High Risk,255,264.01572392763705,9.015723927637055,3.535578010838061
FOODS_2_367,A,0.9361643835616439,1.4182893270903543,16815.75,1.2494748704285787,High Risk,288,277.74209135931363,-10.257908640686367,-3.561773833571655
HOUSEHOLD_2_366,A,1.0142465753424657,1.5187924103977033,15724.439999999999,1.2494744651184027,High Risk,325,302.2997743242995,-22.700225675700494,-6.98468482329246
HOUSEHOLD_1_127,A,1.1545205479452054,1.6915350653224326,33627.72,1.2494506568173196,High Risk,349,362.70397819229834,13.703978192298337,3.9266413158447957
FOODS_3_262,A,0.5591780821917808,0.8938935273983311,13378.24,1.249445066860331,High Risk,175,168.81809320812755,-6.18190679187245,-3.532518166784257
HOUSEHOLD_1_355,A,0.6378082191780822,1.0076689310670561,18577.440000000002,1.2494152128695748,High Risk,140,143.1813623285792,3.181362328579212,2.2724016632708657
FOODS_1_087,A,3.024109589041096,3.156287072393058,66137.64,1.24940021952217,High Risk,828,858.1060622432796,30.106062243279553,3.635997855468545
HOBBIES_1_421,A,0.5980821917808219,0.9494465618087541,18056.06,1.249377194449538,High Risk,158,144.0794427165192,-13.920557283480804,-8.810479293342281
HOUSEHOLD_2_037,A,0.6805479452054795,1.0674073393473162,28990.96,1.2493622568928777,High Risk,192,192.51930359212312,0.5193035921231228,0.27047062089745977
HOBBIES_1_262,A,0.43917808219178084,0.7126076643346267,14394.94,1.2493611040341637,High Risk,154,150.1750844759239,-3.82491552407609,-2.4837113792701886
FOODS_3_184,A,1.347123287671233,1.9110957253927126,16759.56,1.2493572517346438,High Risk,591,586.1189643895218,-4.881035610478193,-0.8258943503347197
FOODS_2_297,A,1.437808219178082,2.00973122208524,18572.0,1.2493423715199494,High Risk,406,387.16573222573663,-18.834267774263367,-4.638982210409696
HOBBIES_2_024,A,0.6095890410958904,0.9645205613571965,10613.249999999998,1.2493010557711866,High Risk,151,154.89506859333594,3.8950685933359352,2.579515624725785
HOUSEHOLD_2_453,A,0.7002739726027397,1.093604784169892,16537.32,1.2492950481258835,High Risk,205,205.21214392151632,0.212143921516315,0.1034848397640561
FOODS_3_396,A,0.5158904109589041,0.8269869826597832,19972.02,1.249293836963475,High Risk,119,114.93302437710719,-4.066975622892812,-3.417626573859506
FOODS_3_113,A,2.75013698630137,3.0266073634523414,12543.14,1.2492660621116232,High Risk,812,812.187091268249,0.18709126824899158,0.023040796582388126
HOBBIES_1_137,A,0.5013698630136987,0.8046339398216361,16816.9,1.2492532016447788,High Risk,162,172.2006233685534,10.200623368553408,6.296681091699635
HOUSEHOLD_1_156,A,2.0465753424657533,2.573878638293678,20393.1,1.2492428489735203,High Risk,488,500.36899303879244,12.36899303879244,2.5346297210640243
FOODS_2_212,A,1.0671232876712329,1.5764569265791657,19004.45,1.2492366231008414,High Risk,559,553.6032208258634,-5.3967791741365545,-0.965434557090618
FOODS_3_236,A,1.8597260273972602,2.4157029293610095,17052.94,1.249224551787151,High Risk,825,819.3761335179034,-5.62386648209656,-0.6816807857086739
FOODS_2_070,A,1.8336986301369862,2.3902638376585665,40014.61,1.2491878924935802,High Risk,2,9.053468034815518,7.053468034815518,352.6734017407759
HOUSEHOLD_2_465,A,0.6802739726027397,1.0625645855665666,17976.920000000002,1.2491744502313944,High Risk,243,237.21941619313534,-5.780583806864655,-2.3788410727838087
HOBBIES_1_046,A,0.45095890410958905,0.727210937645386,31090.01,1.2491499906232315,High Risk,153,154.30401525883946,1.3040152588394562,0.8522975547970302
HOBBIES_1_155,A,1.3939726027397261,1.9518363016785922,96570.24,1.2491296584678795,High Risk,433,431.81664994650083,-1.1833500534991686,-0.2732910054270597
FOODS_3_725,A,2.0178082191780824,2.541615400164829,21208.16,1.2491133113822825,High Risk,692,702.5171911203156,10.517191120315601,1.5198253064039886
FOODS_3_590,A,1.6326027397260274,2.196706488232624,15912.320000000002,1.249097923288981,High Risk,865,857.7864395134362,-7.213560486563779,-0.833937628504483
HOBBIES_1_211,A,1.5797260273972602,2.142709264984988,27222.02,1.2490688620095343,High Risk,401,439.02048519205624,38.02048519205624,9.481417753629986
FOODS_2_232,A,1.1484931506849314,1.6687540633537499,10626.72,1.2490635130822223,High Risk,307,300.717187229119,-6.28281277088098,-2.0465188178765406
HOUSEHOLD_1_009,A,0.4663013698630137,0.7488650531104497,30584.94,1.2490589038554099,High Risk,118,128.55470077168195,10.55470077168195,8.944661670916908
FOODS_3_163,A,1.4175342465753424,1.973493702376192,10943.92,1.249052046070844,High Risk,599,552.1083607420469,-46.8916392579531,-7.828320410342755
FOODS_2_372,A,0.5210958904109589,0.8295177202705827,17079.96,1.2490073838777405,High Risk,169,176.4691506202373,7.469150620237286,4.419615751619696
FOODS_3_769,A,2.5643835616438357,2.9048758333693745,12534.529999999999,1.248995075798299,High Risk,1116,1133.8819295681762,17.881929568176247,1.6023234380086242
FOODS_2_194,A,2.5142465753424657,2.876167137268344,61907.32,1.2489926677757173,High Risk,951,920.6539389793572,-30.346061020642765,-3.1909633039582297
FOODS_2_365,A,0.6150684931506849,0.9655864269716941,24624.660000000003,1.2489817810260706,High Risk,249,238.99057138886437,-10.009428611135633,-4.019850847845636
HOUSEHOLD_1_420,A,0.6471232876712328,1.0112405784010638,15164.039999999999,1.2489812573979253,High Risk,162,155.90447344432224,-6.095526555677765,-3.7626707133813366
HOUSEHOLD_2_450,A,0.5701369863013699,0.9007388537955234,21432.19,1.2489787288545078,High Risk,144,156.14092688828453,12.140926888284525,8.431199227975366
HOUSEHOLD_1_147,A,3.705205479452055,3.242496707607638,12983.039999999999,1.2489499551237842,High Risk,1177,1147.885319084197,-29.114680915803092,-2.473634742209269
HOUSEHOLD_2_336,A,0.9684931506849315,1.4414085929386617,31704.950000000004,1.248917268246724,High Risk,154,207.4754135209724,53.47541352097241,34.72429449413793
FOODS_3_157,A,0.8942465753424658,1.3452085201752317,10004.06,1.2488979372831293,High Risk,231,225.82670909879576,-5.17329090120424,-2.2395198706511863
FOODS_1_103,A,0.983013698630137,1.4591305265403074,14910.48,1.248897287315402,High Risk,277,275.2267795328183,-1.7732204671817158,-0.6401517932063956
FOODS_3_038,A,0.5512328767123288,0.8714149753184846,10019.76,1.2488852319576054,High Risk,129,135.4238626768232,6.423862676823205,4.9797385091652755
HOUSEHOLD_1_331,A,0.7328767123287672,1.1286831604867626,13054.0,1.2488852153260213,High Risk,269,290.46428192628514,21.46428192628514,7.9792869614442905
HOUSEHOLD_1_288,A,0.5627397260273973,0.8881134921172604,16288.22,1.2488832696899403,High Risk,132,139.8662648143343,7.866264814334301,5.959291526010834
HOUSEHOLD_1_306,A,3.1616438356164385,3.143094591500959,22733.8,1.2488638708672333,High Risk,1583,1518.334131997385,-64.66586800261507,-4.085020088604869
HOUSEHOLD_1_169,A,2.5515068493150683,2.881167849237635,27426.12,1.2488096553382342,High Risk,661,721.252698536549,60.25269853654902,9.115385557722998
FOODS_2_380,A,3.808219178082192,3.225249513936318,69083.0,1.2488043438993244,High Risk,1234,1169.1007254085991,-64.89927459140085,-5.259260501734267
FOODS_2_387,A,0.5873972602739727,0.9215040480638916,27807.68,1.2487723122493792,High Risk,160,167.12518447696775,7.125184476967746,4.453240298104841
HOUSEHOLD_1_393,A,2.103835616438356,2.583632435896688,15186.289999999999,1.2487627688028038,High Risk,561,571.0244323146378,10.024432314637806,1.7868863305949743
HOUSEHOLD_1_100,A,0.6334246575342466,0.9868305466268142,18424.64,1.2487570818101417,High Risk,199,158.23282990783372,-40.76717009216628,-20.486015121691597
HOBBIES_1_173,A,0.5268493150684932,0.8333071870221707,21088.33,1.2487521510369985,High Risk,152,154.652654797255,2.6526547972549963,1.7451676297730239
FOODS_2_131,A,2.7454794520547945,2.974383664446574,59749.5,1.2487441038981129,High Risk,987,967.3964320647941,-19.603567935205888,-1.9861770957655407
HOUSEHOLD_1_494,A,3.0421917808219177,3.0931240528098924,88498.88,1.248743278431267,High Risk,963,981.1180264433652,18.11802644336524,1.8814149993110318
FOODS_3_651,A,1.9345205479452054,2.445534429061826,35120.68,1.2487080026430917,High Risk,499,522.5625927124224,23.56259271242243,4.721962467419324
FOODS_3_704,A,3.3484931506849316,3.16785014117525,54510.32,1.2486878474949208,High Risk,993,993.5422504968523,0.5422504968522617,0.0546073007907615
FOODS_3_797,A,1.1816438356164383,1.6924841627010219,17152.739999999998,1.2486838187900116,High Risk,454,442.4691220092671,-11.530877990732904,-2.5398409671217848
HOUSEHOLD_1_451,A,0.4865753424657534,0.7721946089253588,12396.480000000001,1.2486454172634476,High Risk,140,147.6154734244244,7.615473424424408,5.439623874588863
HOBBIES_1_344,A,0.5189041095890411,0.8189311886275102,22418.039999999997,1.2486010110983878,High Risk,121,130.58172890055008,9.581728900550075,7.91878421533064
FOODS_3_344,A,1.2797260273972604,1.800961933980827,9902.640000000001,1.2485979648312266,High Risk,525,503.0432649398369,-21.956735060163112,-4.1822352495548785
FOODS_3_196,A,0.6495890410958904,1.005987062953999,10664.080000000002,1.2485950807647503,High Risk,198,212.11360322450133,14.113603224501333,7.128082436616835
HOUSEHOLD_1_002,A,0.5983561643835617,0.9334075717397916,13038.48,1.2485893780447683,High Risk,158,150.74829689142024,-7.251703108579761,-4.589685511759343
HOUSEHOLD_1_159,A,0.6646575342465754,1.0268445123216132,19238.18,1.2485851480141823,High Risk,175,174.5514608938762,-0.4485391061238033,-0.2563080606421733
FOODS_2_340,A,0.9082191780821918,1.3532391055957362,9876.78,1.248577758372218,High Risk,265,269.72275899995054,4.722758999950543,1.7821732075285066
FOODS_2_374,A,2.716986301369863,2.9428952048472286,19013.18,1.2485541348401767,High Risk,858,865.8570848161127,7.8570848161126605,0.9157441510620817
FOODS_1_144,A,0.7128767123287671,1.0924759234567007,18161.960000000003,1.2485389907418702,High Risk,240,225.25121278629334,-14.748787213706663,-6.14532800571111
FOODS_3_792,A,2.8054794520547945,2.976747854864177,10240.0,1.2484900483608452,High Risk,939,891.2356358221556,-47.76436417784441,-5.086726749504197
HOUSEHOLD_1_290,A,1.2597260273972604,1.7723075895117317,45244.32,1.2484576408674044,High Risk,390,352.709207454963,-37.29079254503699,-9.561741678214613
FOODS_3_091,A,0.667945205479452,1.027646019405821,14573.84,1.2484226472533437,High Risk,203,199.637723661998,-3.3622763380020046,-1.6562937625625638
HOBBIES_1_203,A,0.5186301369863013,0.814575557016351,24571.14,1.2483823035361576,High Risk,139,148.25042570469583,9.250425704695829,6.654982521363905
FOODS_2_055,A,1.18,1.677208462568528,10766.0,1.2483591997389094,High Risk,307,308.0009720666231,1.000972066623092,0.32604953310198437
FOODS_3_378,A,1.1509589041095891,1.6424605097616494,19660.68,1.2483349533578731,High Risk,265,257.8484032929059,-7.151596707094086,-2.6987157385260705
FOODS_3_615,A,0.958904109589041,1.409344729599802,15741.42,1.2483234040830136,High Risk,330,334.54938516064306,4.549385160643055,1.3786015638312288
FOODS_2_135,A,1.5545205479452056,2.0722527376910103,13012.56,1.2482375004285107,High Risk,524,499.0612011705326,-24.938798829467373,-4.759312753715148
FOODS_1_024,A,1.065205479452055,1.5348764567326858,18895.68,1.2481810780282747,High Risk,282,276.8378822369068,-5.1621177630931925,-1.8305382138628343
HOUSEHOLD_1_519,A,1.1383561643835616,1.6215804619475707,20257.26,1.248180875829227,High Risk,290,323.09474521323375,33.09474521323375,11.411981108011638
FOODS_3_629,A,0.6109589041095891,0.9425192104139553,11093.480000000001,1.2481753798652426,High Risk,161,160.84092253995948,-0.15907746004052115,-0.09880587580156594
FOODS_3_526,A,3.486849315068493,3.127502835148987,25199.46,1.2481701190280128,High Risk,1436,1323.4337021979622,-112.56629780203775,-7.8388786770221275
FOODS_2_333,A,1.353972602739726,1.8625462374142494,14857.140000000001,1.2481671993967096,High Risk,489,489.4680278862813,0.468027886281277,0.09571122418840021
HOUSEHOLD_1_407,A,0.8153424657534246,1.2195921423469325,15380.0,1.248146527248982,High Risk,306,293.4627846420145,-12.537215357985474,-4.0971292019560375
FOODS_3_525,A,1.7227397260273973,2.2215845289637866,12576.0,1.2480733496072642,High Risk,1130,1014.7760711816087,-115.2239288183913,-10.196807860034628
FOODS_3_661,A,4.124931506849315,3.089911945755587,49383.68,1.2480374085168109,High Risk,1279,1277.354835405956,-1.6451645940439903,-0.12862897529663722
HOUSEHOLD_1_249,A,1.1854794520547944,1.6702243357065638,34486.19,1.24803710553908,High Risk,341,329.51713944321193,-11.482860556788069,-3.3674077879143893
FOODS_1_106,A,1.5852054794520547,2.089528177973944,20482.440000000002,1.248007553601352,High Risk,516,492.78448076161885,-23.215519238381148,-4.499131635345184
HOUSEHOLD_1_227,A,1.5372602739726027,2.04172913963183,15318.029999999999,1.247986191504941,High Risk,451,441.1714670255753,-9.828532974424718,-2.179275604085303
FOODS_2_171,A,2.083835616438356,2.5118162136142796,22057.140000000003,1.2479836712409282,High Risk,497,547.5307689209505,50.53076892095055,10.167156724537334
HOUSEHOLD_2_294,A,1.8186301369863014,2.2989704912097624,31660.489999999998,1.2479609911784049,High Risk,869,829.9323747036597,-39.06762529634034,-4.495699113502916
HOUSEHOLD_1_080,A,1.0016438356164383,1.4496188948319644,37129.32,1.24795312249175,High Risk,352,310.7874599633204,-41.21254003667963,-11.708107964965803
FOODS_3_308,A,1.027945205479452,1.4811457414205838,18684.960000000003,1.247940049471129,High Risk,284,259.04747403756676,-24.952525962433242,-8.786100690997621
FOODS_3_222,A,0.792054794520548,1.1818915019349903,13036.7,1.2478928070562805,High Risk,238,218.69978277999303,-19.30021722000697,-8.109334966389484
FOODS_2_100,A,1.5463013698630137,2.0442270155535494,14098.4,1.2478680133108675,High Risk,479,450.20923121343463,-28.790768786565366,-6.010598911600285
HOUSEHOLD_2_348,A,1.0315068493150685,1.482831011361957,24761.88,1.247867152303131,High Risk,352,345.42393306878085,-6.576066931219145,-1.8682008327327118
FOODS_2_247,A,1.9021917808219178,2.3607321549498006,15157.23,1.2478375096259384,High Risk,630,633.1255357973448,3.12553579734481,0.4961167932293349
HOBBIES_1_168,A,0.6043835616438357,0.9259703957200724,10654.98,1.2478291206879029,High Risk,279,264.4189835053861,-14.581016494613891,-5.226170786599961
FOODS_2_349,A,3.2624657534246575,3.0495388151304836,71004.6,1.2478094481032154,High Risk,1312,1243.2444943608098,-68.75550563919023,-5.240511100548036
FOODS_2_339,A,1.4304109589041096,1.9245015785903141,18592.98,1.2477932631102844,High Risk,379,384.72492604600654,5.724926046006544,1.5105345767827294
HOUSEHOLD_1_058,A,0.9027397260273973,1.321084845606119,21351.600000000002,1.2477803602317235,High Risk,277,285.37133792734244,8.371337927342438,3.0221436560803028
FOODS_3_593,A,0.5180821917808219,0.8027266795398496,13199.18,1.2477705159976797,High Risk,180,189.42865207197906,9.428652071979059,5.238140039988366
HOUSEHOLD_1_017,A,1.164109589041096,1.633163631259503,20990.06,1.2477282507177627,High Risk,316,329.8670819775413,13.867081977541318,4.388317081500417
HOBBIES_1_081,A,0.506027397260274,0.784259961958415,27187.84,1.2477048823829155,High Risk,159,152.48434433603347,-6.515655663966527,-4.097896644004105
HOUSEHOLD_2_011,A,0.5194520547945205,0.8033771728867337,10655.52,1.2476980663460853,High Risk,198,174.58152021691785,-23.418479783082148,-11.82751504196068
FOODS_3_514,A,1.4841095890410958,1.9732090482196734,26967.72,1.2476840778459068,High Risk,588,528.454271965615,-59.54572803438498,-10.126824495643703
HOBBIES_1_297,A,0.6506849315068494,0.9865668438995088,34960.0,1.2476713960583496,High Risk,221,232.53853590933062,11.53853590933062,5.2210569725477916
FOODS_3_481,A,1.404109589041096,1.8911846642807335,19859.52,1.247666212876957,High Risk,384,375.02121860796893,-8.978781392031067,-2.338224320841424
HOUSEHOLD_1_299,A,0.8704109589041096,1.2764820867642421,15984.09,1.2476614549830498,High Risk,283,288.4017347411687,5.401734741168696,1.9087401912256874
HOUSEHOLD_1_361,A,2.317808219178082,2.6457690473559268,15904.8,1.2476577580442856,High Risk,789,775.1292346641677,-13.870765335832289,-1.7580184202575777
FOODS_2_149,A,2.3873972602739726,2.686110161133622,60823.72,1.24763612179517,High Risk,588,568.5776067493433,-19.422393250656683,-3.3031281038531772
FOODS_3_729,A,0.8824657534246575,1.2904542133657473,12819.58,1.2476186018175863,High Risk,300,288.1767307944431,-11.823269205556926,-3.941089735185642
HOUSEHOLD_1_397,A,0.9958904109589041,1.4302968467864305,10078.82,1.2475994475965058,High Risk,362,378.20719765751386,16.20719765751386,4.477126424727586
FOODS_1_219,A,2.089041095890411,2.486580130713837,17079.480000000003,1.2475845988244112,High Risk,733,763.7706312515692,30.77063125156917,4.1979033085360395
FOODS_2_095,A,0.8586301369863014,1.2591189060135104,13851.42,1.2475827329389455,High Risk,343,332.3955613528943,-10.604438647105724,-3.091673074957937
HOUSEHOLD_1_123,A,0.8356164383561644,1.2289744294587859,27358.500000000004,1.247558251197718,High Risk,309,284.14810421542825,-24.851895784571752,-8.042684719926134
FOODS_3_469,A,3.526027397260274,3.055978483829886,80308.8,1.247554782197727,High Risk,1123,1075.2116349442013,-47.78836505579875,-4.25541986249321
HOUSEHOLD_1_311,A,0.7523287671232877,1.1203424589823363,10837.27,1.2475505149461175,High Risk,305,261.37567096004295,-43.62432903995705,-14.303058701625263
FOODS_2_075,A,2.0936986301369864,2.486353826187624,18095.52,1.2475355448844245,High Risk,733,709.7118118582495,-23.28818814175054,-3.17710615849257
FOODS_2_033,A,2.609041095890411,2.795638346375624,22648.78,1.2475257667200648,High Risk,986,941.1048801071485,-44.89511989285154,-4.553257595623888
FOODS_3_821,A,0.7446575342465753,1.1095169688025455,13531.470000000001,1.24752417060995,High Risk,241,235.31473069925124,-5.685269300748757,-2.3590329048750034
HOBBIES_1_317,A,0.5180821917808219,0.7979328210349239,15090.18,1.2475051497743648,High Risk,159,160.63342728044688,1.633427280446881,1.0273127549980383
HOUSEHOLD_1_201,A,0.8331506849315069,1.2236131088071704,14718.439999999999,1.2474826610801106,High Risk,254,230.3682559314825,-23.63174406851749,-9.303836247447832
FOODS_3_727,A,2.2106849315068495,2.5618671728361466,31412.33,1.2474660199927006,Medium Risk,700,667.7425163953657,-32.25748360463433,-4.60821194351919
HOUSEHOLD_1_348,A,2.441095890410959,2.6980010269390777,16572.600000000002,1.2474117092352976,Medium Risk,820,819.5403570649554,-0.45964293504459874,-0.0560540164688535
FOODS_3_302,A,3.0904109589041098,2.964953063003824,16920.0,1.247409322038247,Medium Risk,978,974.0911753435014,-3.9088246564986093,-0.3996753227503691
FOODS_2_361,A,0.9254794520547945,1.3360661417978805,13307.38,1.2473597823268827,Medium Risk,372,350.13244921375343,-21.867550786246568,-5.878373867270583
FOODS_1_023,A,2.1736986301369865,2.528211611268856,47698.17,1.247349379124723,Medium Risk,714,728.2827377960928,14.28273779609276,2.000383444830919
FOODS_1_045,A,1.5194520547945205,1.9903245619521481,9871.88,1.24734774047606,Medium Risk,305,324.42043459774374,19.420434597743736,6.367355605817618
HOUSEHOLD_1_046,A,0.7197260273972603,1.0716046171395313,9930.06,1.2473331817196276,Medium Risk,239,227.75518106913327,-11.244818930866728,-4.704945159358464
FOODS_3_782,A,3.224109589041096,2.986618477548973,31540.340000000004,1.2473217584276537,Medium Risk,1160,1160.9833639657968,0.9833639657967979,0.08477275567213775
FOODS_3_076,A,3.003013698630137,2.93059231100427,11388.25,1.247319305803113,Medium Risk,1157,1185.1396435849115,28.139643584911482,2.4321213124383303
HOUSEHOLD_1_073,A,0.575068493150685,0.8743993330955396,18639.120000000003,1.2473083808610486,Medium Risk,195,174.30667452065936,-20.693325479340643,-10.611961784277254
FOODS_3_100,A,1.2704109589041095,1.7318217180242497,18455.26,1.2472731335812275,Medium Risk,355,349.3048649521921,-5.6951350478079235,-1.604263393748711
FOODS_2_344,A,1.0778082191780822,1.5154183796480154,10116.66,1.2472612675230164,Medium Risk,448,441.3168245641833,-6.683175435816679,-1.4917802312090802
FOODS_2_074,A,2.1046575342465754,2.473981949669209,19579.239999999998,1.2472601766928864,Medium Risk,602,597.5801874888026,-4.419812511197392,-0.73418812478362
HOUSEHOLD_2_437,A,0.7997260273972603,1.1741482894180233,23264.43,1.2472540223875843,Medium Risk,262,270.61874922308743,8.618749223087434,3.289598940109708
HOBBIES_1_177,A,0.6463013698630137,0.9704280652870281,10002.16,1.2472219635427775,Medium Risk,233,228.10103125717234,-4.8989687428276625,-2.1025616922007133
FOODS_3_638,A,1.8745205479452054,2.297098054361363,10151.02,1.2472112213135251,Medium Risk,815,767.6647659175457,-47.33523408245435,-5.808004181896239
FOODS_3_628,A,2.0575342465753423,2.4360225843168046,29889.8,1.247199803997448,Medium Risk,1005,1007.7523729223068,2.7523729223067903,0.27386795246833734
HOUSEHOLD_1_336,A,0.8241095890410959,1.2016566572389333,14648.960000000001,1.2471224609616864,Medium Risk,245,256.46262739526253,11.46262739526253,4.678623426637767
FOODS_2_314,A,0.6572602739726028,0.9827552002940761,11921.539999999999,1.2471124029952976,Medium Risk,224,224.91088241572155,0.9108824157215452,0.40664393558997547
HOUSEHOLD_1_175,A,1.0717808219178082,1.5028239996325647,19073.74,1.2471122293811443,Medium Risk,330,338.53429353786726,8.534293537867256,2.5861495569294717
FOODS_2_307,A,2.0567123287671234,2.429113437688984,19159.66,1.247111741080966,Medium Risk,492,485.03178323261363,-6.968216767386366,-1.4163042210134889
HOUSEHOLD_1_247,A,3.4778082191780824,2.9961472687349255,12313.18,1.2470956038277952,Medium Risk,1243,1164.091150849768,-78.90884915023207,-6.348258177814325
FOODS_3_449,A,3.26986301369863,2.9691565529967576,23631.3,1.2470914236716981,Medium Risk,1687,1475.7009634010205,-211.29903659897946,-12.525135542322433
FOODS_3_807,A,3.0504109589041097,2.91482843821301,22045.32,1.2470413633106257,Medium Risk,1527,1373.2866804742994,-153.71331952570063,-10.066360152305215
FOODS_2_083,A,0.9865753424657534,1.399442220619331,24290.579999999998,1.2470314626723569,Medium Risk,323,316.35576852017437,-6.644231479825635,-2.0570376098531375
FOODS_2_318,A,2.9347945205479453,2.873818515005973,53238.64,1.2469759038973767,Medium Risk,1108,1040.402233236292,-67.59776676370802,-6.100881476868955
HOUSEHOLD_1_072,A,3.247671232876712,2.951981892999378,94594.92000000001,1.246974843792455,Medium Risk,848,893.6629629740045,45.66296297400447,5.384783369575999
HOUSEHOLD_1_349,A,1.7671232876712328,2.1934439044185257,18995.98,1.2469735036310845,Medium Risk,549,539.908814482094,-9.091185517905956,-1.6559536462488078
HOUSEHOLD_2_203,A,0.9761643835616438,1.3845372348619118,10582.11,1.2469604101814158,Medium Risk,339,329.7140076885701,-9.28599231142988,-2.7392307703332976
FOODS_2_286,A,2.3315068493150686,2.5957612808405908,13445.800000000001,1.2469384826284486,Medium Risk,630,638.7175837358145,8.717583735814515,1.383743450129288
FOODS_1_201,A,1.417808219178082,1.868068531918298,11589.140000000001,1.2469136098595341,Medium Risk,507,525.3958473010033,18.3958473010033,3.6283722487185996
HOUSEHOLD_1_187,A,0.486027397260274,0.7417745525292806,11495.52,1.2468982261795312,Medium Risk,140,141.14722585394549,1.1472258539454856,0.8194470385324898
FOODS_3_167,A,1.549041095890411,1.9939427075318872,11194.92,1.246887639634931,Medium Risk,654,642.6871110042625,-11.312888995737467,-1.7297995406326403
FOODS_2_049,A,1.335890410958904,1.7831308399167198,12484.32,1.2468799106406727,Medium Risk,422,415.0779836909707,-6.9220163090292885,-1.640288224888457
HOUSEHOLD_1_071,A,3.6895890410958905,2.9717452855322604,30862.420000000002,1.246851134220539,Medium Risk,987,1007.7708739438327,20.770873943832726,2.1044451817459704
FOODS_2_061,A,1.683835616438356,2.1141153650528386,12290.0,1.2468469838077285,Medium Risk,608,539.7053425400195,-68.2946574599805,-11.232673924338899
HOUSEHOLD_1_468,A,0.5523287671232877,0.8337405938114694,10039.68,1.2468461589257835,Medium Risk,208,194.95417222691475,-13.04582777308525,-6.272032583214063
FOODS_3_087,A,3.463013698630137,2.9618709159776873,31712.86,1.2468220566825317,Medium Risk,1063,1116.3896707804165,53.38967078041651,5.022546639738148
FOODS_3_129,A,1.0504109589041095,1.4669768003408195,10199.960000000001,1.2468140409950685,Medium Risk,342,325.3981979610851,-16.60180203891491,-4.854328081554068
FOODS_2_153,A,1.2942465753424657,1.7365526228152648,13648.779999999999,1.2468114167463638,Medium Risk,503,522.7163759861993,19.716375986199296,3.919756657296083
FOODS_3_168,A,0.9638356164383561,1.3644295279699659,12840.699999999999,1.2468030471089095,Medium Risk,342,323.9144565867987,-18.08554341320132,-5.288170588655357
FOODS_3_276,A,0.9621917808219178,1.3611674323079974,15708.900000000001,1.2467645952840445,Medium Risk,3,15.986234875039955,12.986234875039955,432.87449583466514
HOUSEHOLD_2_421,A,0.8802739726027398,1.2601660843559357,15968.609999999999,1.2467221469548795,Medium Risk,192,182.1463953954385,-9.853604604561497,-5.132085731542446
HOUSEHOLD_2_110,A,2.8279452054794523,2.807808748268207,32720.739999999998,1.246679696388647,Medium Risk,801,772.8984405745952,-28.101559425404844,-3.508309541249044
FOODS_3_585,A,1.2183561643835616,1.6498810454796495,17699.06,1.2466795759825566,Medium Risk,364,349.8381681130832,-14.161831886916787,-3.8906131557463697
FOODS_1_177,A,0.6958904109589041,1.023757039166878,22809.2,1.2466704218052398,Medium Risk,232,254.3885720721081,22.388572072108104,9.650246582805218
FOODS_3_048,A,2.154794520547945,2.463854407415359,11794.95,1.2466637694516387,Medium Risk,658,660.5390972651695,2.5390972651695165,0.3858810433388323
FOODS_2_343,A,0.7063013698630137,1.0366211778129242,10234.66,1.2466378861007466,Medium Risk,297,283.7292915978621,-13.270708402137927,-4.468251987251827
FOODS_2_249,A,1.4457534246575343,1.8818018439245439,16257.19,1.2466355534420621,Medium Risk,552,544.1250013597376,-7.874998640262447,-1.4266301884533419
FOODS_2_351,A,1.0243835616438357,1.4297115273805097,11141.72,1.2466208399067162,Medium Risk,311,317.3557844355948,6.355784435594785,2.0436605902234035
FOODS_3_678,A,1.9487671232876713,2.3149767636616674,35422.740000000005,1.2466133493933056,Medium Risk,479,476.5486676503331,-2.4513323496669273,-0.511760407028586
HOBBIES_1_023,A,0.9178082191780822,1.3025832278322262,11076.87,1.2466102058158137,Medium Risk,441,402.25042098674174,-38.749579013258256,-8.786752610716157
FOODS_3_463,A,0.7465753424657534,1.088138568599001,17382.420000000002,1.2466055285307682,Medium Risk,350,317.21158115951494,-32.788418840485065,-9.368119668710019
HOBBIES_1_151,A,0.506027397260274,0.7647996094784156,10103.09,1.2466019833193192,Medium Risk,147,147.83913876985534,0.8391387698553388,0.570842700581863
FOODS_3_368,A,1.9723287671232876,2.3310670776124622,43041.020000000004,1.246592012617486,Medium Risk,806,763.586973089468,-42.41302691053204,-5.26216214770869
FOODS_3_432,A,1.116986301369863,1.534569838785776,17264.5,1.2465908827887988,Medium Risk,422,424.26063217225897,2.2606321722589655,0.5356948275495179
FOODS_2_291,A,1.8621917808219177,2.2451605923486393,47443.060000000005,1.2465646625468412,Medium Risk,629,618.134359263687,-10.865640736313026,-1.7274468579194
FOODS_3_369,A,1.183835616438356,1.6063424494953322,17197.579999999998,1.246535076215584,Medium Risk,341,341.79238117449455,0.792381174494551,0.2323698458928302
FOODS_3_105,A,1.0843835616438355,1.4955868086369077,11399.039999999999,1.2465346079975927,Medium Risk,444,414.19254850302224,-29.807451496977762,-6.713389976796794
FOODS_3_794,A,0.9747945205479452,1.3680856291973187,10287.28,1.2465247432180597,Medium Risk,290,264.47547682950056,-25.524523170499435,-8.801559713965322
FOODS_2_058,A,0.695068493150685,1.019084973275545,12608.89,1.2465222504459497,Medium Risk,215,206.51725303083066,-8.482746969169341,-3.945463706590391
HOUSEHOLD_1_298,A,0.826027397260274,1.1859836625394273,11130.78,1.2464935716529337,Medium Risk,221,223.7443196263364,2.7443196263363916,1.2417735865775528
FOODS_3_031,A,0.8558904109589041,1.223031733006511,14611.769999999999,1.2464905274404992,Medium Risk,303,305.55182174962147,2.5518217496214675,0.8421853959146757
FOODS_2_187,A,0.5673972602739726,0.8473388248659044,10355.0,1.2464808019762377,Medium Risk,191,180.71837920173365,-10.281620798266346,-5.383047538359343
HOUSEHOLD_1_533,A,0.5682191780821918,0.8482428155417892,10256.199999999999,1.246469768595211,Medium Risk,158,156.02708146456365,-1.9729185354363494,-1.248682617364778
FOODS_3_146,A,1.6232876712328768,2.0376707525755173,32224.480000000003,1.2464496993480176,Medium Risk,635,589.5893549505339,-45.4106450494661,-7.151282684955292
FOODS_3_488,A,0.7520547945205479,1.0906576026940618,12916.87,1.2464323142921179,Medium Risk,367,350.76798140014796,-16.23201859985204,-4.422893351458321
HOUSEHOLD_1_193,A,1.1643835616438356,1.5789595131455507,10285.0,1.2463855044026748,Medium Risk,434,428.4365545796959,-5.563445420304106,-1.2818998664295174
FOODS_2_210,A,0.9536986301369863,1.3376491722012533,13018.94,1.2463640008537638,Medium Risk,325,318.56060080272766,-6.439399197272337,-1.9813535991607192
FOODS_3_121,A,3.0671232876712327,2.843528603276974,33324.1,1.2463329519598307,Medium Risk,1109,1008.678835067504,-100.321164932496,-9.046092419521731
FOODS_3_112,A,1.6202739726027398,2.027469599049312,17623.72,1.2463166979887927,Medium Risk,473,465.81518257421857,-7.184817425781432,-1.5189888849432203
HOUSEHOLD_2_353,A,0.6484931506849315,0.9524192432948279,11314.26,1.2462941202596873,Medium Risk,191,186.64254820732515,-4.357451792674851,-2.2813883731281943
FOODS_2_004,A,1.0772602739726027,1.478095532266004,15226.38,1.2462846463603785,Medium Risk,407,395.4587833567765,-11.541216643223493,-2.835679764919777
HOUSEHOLD_1_321,A,1.5364383561643835,1.9496016203603852,16655.760000000002,1.2462816531584875,Medium Risk,491,484.42224137121946,-6.577758628780543,-1.3396657085092756
HOUSEHOLD_1_090,A,2.08986301369863,2.389373393913221,22201.48,1.2462425205486196,Medium Risk,656,634.4669211398459,-21.53307886015409,-3.282481533560075
FOODS_2_099,A,1.6043835616438356,2.0085273038028637,11712.0,1.2462312325372484,Medium Risk,537,522.2525481707014,-14.747451829298598,-2.746266634878696
HOUSEHOLD_1_437,A,2.101917808219178,2.395533810020791,22709.12,1.246216129447437,Medium Risk,698,706.7770641313787,8.777064131378665,1.257459044610124
HOBBIES_1_301,A,0.6410958904109589,0.9408129311107091,14599.79,1.246213297440097,Medium Risk,189,177.11225955096276,-11.887740449037238,-6.289809761395364
FOODS_2_264,A,0.7890410958904109,1.130745932753406,11415.78,1.2461779057352844,Medium Risk,213,214.7096115753917,1.7096115753917047,0.8026345424374202
HOUSEHOLD_1_086,A,2.2115068493150685,2.46258473386796,40503.34,1.2461714712568637,Medium Risk,523,543.0041625732594,20.00416257325935,3.8248876813115396
FOODS_2_150,A,1.5210958904109588,1.9289145451974452,15836.14,1.246159903707538,Medium Risk,474,433.04518599845204,-40.95481400154796,-8.640256118470035
FOODS_3_819,A,1.4279452054794521,1.8405580781926125,10319.76,1.2461581062654459,Medium Risk,460,438.7021562314496,-21.297843768550422,-4.629966036641396
HOBBIES_1_258,A,0.5427397260273973,0.8069023627789793,23456.699999999997,1.2461311303880525,Medium Risk,199,197.9673305689516,-1.0326694310483902,-0.5189293623358744
FOODS_3_657,A,1.3972602739726028,1.8090522208382596,17617.78,1.246125705065372,Medium Risk,371,376.74465659064765,5.744656590647651,1.5484249570478843
FOODS_3_101,A,2.8635616438356166,2.760865264192348,10452.0,1.2460846805817989,Medium Risk,907,919.3519271580749,12.351927158074886,1.3618442291152024
HOUSEHOLD_1_338,A,2.68027397260274,2.6931232893802908,38545.02,1.2460707392925958,Medium Risk,791,810.3179619606717,19.31796196067171,2.44222022258808
FOODS_1_166,A,1.507945205479452,1.9117462692622478,12326.1,1.2460658917525467,Medium Risk,534,522.8543107425631,-11.145689257436857,-2.087207726111771
FOODS_2_293,A,2.8783561643835616,2.761259127567885,43681.84,1.246041726665858,Medium Risk,976,1038.722158309679,62.72215830967889,6.426450646483493
FOODS_1_027,A,1.8654794520547946,2.211665328944794,13345.64,1.2460099559219346,Medium Risk,723,749.6809586861416,26.680958686141594,3.6903124047222127
HOUSEHOLD_1_224,A,0.7435616438356164,1.0682356245620557,21630.579999999998,1.2459878994859344,Medium Risk,223,209.31498463301816,-13.685015366981844,-6.136778191471679
FOODS_2_391,A,1.6986301369863013,2.0760079552012596,12460.0,1.2459852318983002,Medium Risk,604,538.2195489434688,-65.7804510565312,-10.890803155054837
HOUSEHOLD_1_343,A,1.5712328767123287,1.9643283238262168,28831.75,1.2459685827537568,Medium Risk,518,492.2970713592764,-25.7029286407236,-4.961955336047027
FOODS_3_096,A,0.7556164383561644,1.082004810642326,12432.95,1.245930793509038,Medium Risk,248,248.73173148272636,0.7317314827263601,0.295053017228371
HOBBIES_1_372,A,0.7071232876712329,1.0202008403230851,17241.079999999998,1.2459282964796055,Medium Risk,211,206.98472191799257,-4.015278082007427,-1.9029753943163161
FOODS_2_115,A,2.0402739726027397,2.3318237396662935,65086.78,1.245911285165189,Medium Risk,722,692.3535392682194,-29.64646073178062,-4.106157996091499
FOODS_1_207,A,0.9356164383561644,1.3011652200422317,11337.8,1.2459066802054053,Medium Risk,351,411.12731206049193,60.12731206049193,17.13028833632249
HOUSEHOLD_1_045,A,2.8364383561643836,2.733797967801544,26447.2,1.2459008023127558,Medium Risk,720,712.943481174364,-7.056518825635976,-0.9800720591161077
FOODS_2_279,A,1.163835616438356,1.5582264568096407,10796.4,1.245889392594295,Medium Risk,392,383.4432253178499,-8.556774682150092,-2.182850684221962
FOODS_3_041,A,2.2265753424657535,2.449356725175785,24191.02,1.2458819776677112,Medium Risk,777,764.9433573594556,-12.056642640544396,-1.5516914595295233
FOODS_1_188,A,1.0087671232876712,1.3854071954851195,10972.36,1.2458803953510504,Medium Risk,275,280.5738318206346,5.573831820634609,2.026847934776222
FOODS_3_395,A,0.7,1.0097496766165568,10168.9,1.2458753085980003,Medium Risk,221,216.29498528620982,-4.705014713790177,-2.1289659338417093
FOODS_2_312,A,0.7224657534246576,1.03697837289571,13003.02,1.2458143852863253,Medium Risk,233,235.5763779632199,2.5763779632198975,1.105741615115836
HOUSEHOLD_1_354,A,2.0172602739726027,2.3088420482851966,14210.59,1.2458103396447873,Medium Risk,624,609.1127750676816,-14.887224932318418,-2.3857732263330798
HOUSEHOLD_2_467,A,0.692054794520548,0.9979246193547143,10028.220000000001,1.245809072060623,Medium Risk,182,179.19500179321238,-2.804998206787616,-1.5412078059272614
HOUSEHOLD_1_190,A,0.7238356164383561,1.0385322691900543,13051.480000000001,1.2458068679532888,Medium Risk,249,233.91570737444206,-15.084292625557936,-6.057948845605597
FOODS_3_487,A,2.801095890410959,2.7099481588056586,17176.32,1.245777853196185,Medium Risk,740,782.2927030104532,42.29270301045324,5.715230136547735
FOODS_2_216,A,0.687945205479452,0.9918231866113478,15008.86,1.2457752993472384,Medium Risk,223,218.29191544206682,-4.7080845579331765,-2.111248680687523
FOODS_2_026,A,2.0791780821917807,2.3465289861590866,17604.92,1.2457512724511626,Medium Risk,719,667.7296568004336,-51.270343199566355,-7.130784867811732
FOODS_3_185,A,1.5887671232876712,1.9662637990620664,14203.22,1.245720704567831,Medium Risk,438,443.48627537514324,5.4862753751432365,1.2525742865623828
FOODS_2_309,A,2.143287671232877,2.385214145319302,21373.420000000002,1.245713484827648,Medium Risk,844,836.0672800015224,-7.932719998477637,-0.9398957344167816
HOUSEHOLD_1_284,A,1.099178082191781,1.4793821466513633,19819.280000000002,1.2456746746601275,Medium Risk,362,356.4498192245717,-5.550180775428316,-1.5331991092343416
HOUSEHOLD_1_450,A,0.9526027397260274,1.313003902300959,11891.34,1.24566126021929,Medium Risk,293,273.78529409345646,-19.214705906543543,-6.55792010462237
FOODS_2_085,A,0.9991780821917808,1.366413626023215,13288.45,1.245651494178842,Medium Risk,308,302.45565053329256,-5.544349466707445,-1.8001134632167028
HOUSEHOLD_1_412,A,0.5452054794520548,0.8009724659269113,36568.5,1.2456422504843607,Medium Risk,223,201.65494514321355,-21.345054856786447,-9.571773478379573
FOODS_3_598,A,2.958904109589041,2.7426293569586693,21324.7,1.2456307605548345,Medium Risk,1076,1091.7032898132695,15.703289813269521,1.4594135514191005
FOODS_3_655,A,1.5884931506849316,1.9609727895264208,11466.32,1.245629538446831,Medium Risk,460,431.9592340246977,-28.040765975302293,-6.0958186902831075
HOUSEHOLD_1_268,A,0.7358904109589041,1.0492657987400986,22479.44,1.2456287325026572,Medium Risk,224,224.85883349979693,0.8588334997969298,0.3834078124093437
HOBBIES_1_409,A,0.547945205479452,0.8038871016476274,11518.039999999999,1.245601773563611,Medium Risk,188,193.5913973232509,5.591397323250902,2.974147512367501
HOUSEHOLD_2_160,A,0.9887671232876712,1.3522551479718758,14183.37,1.2455867608681368,Medium Risk,244,233.31301713612098,-10.686982863879024,-4.379911009786485
HOUSEHOLD_1_386,A,1.8663013698630138,2.184724558036955,19770.62,1.2455862856160755,Medium Risk,804,781.2133334479984,-22.786666552001634,-2.834162506467865
HOUSEHOLD_1_142,A,1.4704109589041097,1.8491555836610165,32659.19,1.2455315969585028,Medium Risk,341,341.47564147522564,0.47564147522564326,0.13948430358523264
FOODS_3_673,A,0.812054794520548,1.1408205483082519,17724.72,1.2455171251863555,Medium Risk,229,224.75143761207767,-4.248562387922334,-1.855267418306696
FOODS_3_119,A,0.7816438356164384,1.103194263071345,12210.84,1.2455083519640726,Medium Risk,261,243.36851791673516,-17.631482083264842,-6.7553571200248435
HOBBIES_1_345,A,1.2117808219178081,1.5929494408971254,34468.84,1.2455006041878518,Medium Risk,395,388.7203929054361,-6.279607094563914,-1.5897739479908646
FOODS_2_104,A,1.2665753424657533,1.6491045089673726,33831.76,1.2454938929812276,Medium Risk,367,385.76420777070047,18.764207770700466,5.112863152779418
FOODS_1_061,A,1.7712328767123289,2.105466625257348,14481.600000000002,1.2454928947839319,Medium Risk,641,611.689058969691,-29.31094103030898,-4.572689708316534
FOODS_2_063,A,2.3736986301369862,2.4995628594792554,24229.32,1.245480311251155,Medium Risk,780,767.082486643853,-12.91751335614697,-1.656091455916278
HOUSEHOLD_1_479,A,0.49917808219178084,0.7355993997486288,13440.82,1.2454750218228174,Medium Risk,125,122.41724386315427,-2.582756136845731,-2.066204909476585
HOUSEHOLD_1_068,A,0.8145205479452055,1.1423042405878245,20721.81,1.2454632725114836,Medium Risk,273,250.26681914278905,-22.733180857210954,-8.327172475168847
FOODS_2_399,A,1.4235616438356165,1.8015533094631213,10437.6,1.2454579350694375,Medium Risk,480,457.53429901780476,-22.465700982195244,-4.680354371290676
HOUSEHOLD_1_347,A,1.5632876712328767,1.9288438574591742,45476.82,1.2454486894930423,Medium Risk,458,463.97067600572313,5.970676005723135,1.3036410492845274
FOODS_3_181,A,1.5668493150684932,1.9317052054032158,17042.62,1.245443556240293,Medium Risk,492,504.33603610019117,12.336036100191166,2.5073244106079606
FOODS_3_213,A,1.4591780821917808,1.8340598957928245,10827.84,1.245440229926921,Medium Risk,292,297.7419406839444,5.741940683944392,1.9664180424467097
HOUSEHOLD_2_248,A,0.9915068493150685,1.350044071459591,32538.63,1.245432067753026,Medium Risk,380,407.2321742776656,27.232174277665592,7.166361652017262
FOODS_3_311,A,1.0641095890410959,1.429535984616647,11567.6,1.2453775639295341,Medium Risk,366,353.4499726505786,-12.550027349421384,-3.4289692211533835
FOODS_3_192,A,1.510958904109589,1.8775958841422398,30222.2,1.2453645843445385,Medium Risk,462,473.6568140871774,11.656814087177395,2.5231199322894793
FOODS_3_706,A,2.597808219178082,2.5900912893755015,18774.36,1.2453171783468544,Medium Risk,780,764.8015866883578,-15.198413311642184,-1.9485145271336133
HOUSEHOLD_1_380,A,0.6232876712328768,0.8974585089383692,10396.75,1.245306295741215,Medium Risk,188,184.65641649972468,-3.343583500275315,-1.7785018618485717
FOODS_3_330,A,2.2073972602739724,2.3919798552320115,32066.86,1.2452871650894435,Medium Risk,763,695.9571939699356,-67.04280603006441,-8.78673735649599
HOUSEHOLD_1_098,A,0.7936986301369863,1.1116926412003814,23118.06,1.2452782665359328,Medium Risk,267,250.93529349150776,-16.064706508492236,-6.01674401067125
HOBBIES_1_074,A,1.2794520547945205,1.6515402930522505,17138.9,1.2452555855732008,Medium Risk,342,336.80609279114935,-5.193907208850646,-1.518686318377382
HOBBIES_1_320,A,0.9827397260273972,1.3336212056169388,15921.85,1.2452447315160085,Medium Risk,332,303.8479635025502,-28.152036497449785,-8.479529065496923
FOODS_2_034,A,1.58986301369863,1.9405401470589898,14506.5,1.2452392793345899,Medium Risk,612,579.9126816749141,-32.0873183250859,-5.243025870112076
HOUSEHOLD_1_406,A,0.6290410958904109,0.9033480619198826,11372.81,1.2452341580146533,Medium Risk,159,174.82913441366645,15.829134413666452,9.955430448846824
FOODS_3_611,A,1.444109589041096,1.8091374872681638,11378.11,1.245224415389317,Medium Risk,349,353.9042347465758,4.90423474657581,1.405224855752381
FOODS_3_367,A,2.124931506849315,2.337103539645255,20786.08,1.2452217045117322,Medium Risk,634,612.6729448553273,-21.327055144672727,-3.3638888240808718
FOODS_3_127,A,2.6550684931506847,2.603975460244315,36631.979999999996,1.2452191091066844,Medium Risk,831,822.8340218102489,-8.165978189751058,-0.982668855565711
FOODS_1_076,A,0.9424657534246575,1.2854901834880397,19875.61,1.2451839400633862,Medium Risk,318,326.61995356693706,8.619953566937056,2.7106772223072504
FOODS_3_300,A,3.1734246575342464,2.7385988876249896,46100.34,1.245178387581451,Medium Risk,1101,1001.8997266899785,-99.10027331002152,-9.000933089011946
HOUSEHOLD_1_318,A,2.4884931506849317,2.5297363703912183,26766.36,1.2451739494707281,Medium Risk,954,966.9419501816199,12.941950181619859,1.3565985515324799
HOUSEHOLD_1_186,A,2.907945205479452,2.6822738351194664,31523.58,1.2451733015578055,Medium Risk,989,965.1142360015219,-23.88576399847807,-2.415142972545811
HOUSEHOLD_1_130,A,1.4276712328767123,1.7910441620240671,33413.74,1.245168814048963,Medium Risk,394,384.9952008559691,-9.004799144030926,-2.285482016251504
FOODS_3_306,A,2.490958904109589,2.5301796705383794,14365.36,1.2451660678273413,Medium Risk,1042,1026.717687970886,-15.28231202911411,-1.4666326323526018
FOODS_2_052,A,1.1761643835616438,1.540512232842316,59917.21000000001,1.2451343456814337,Medium Risk,499,501.9289201126586,2.928920112658602,0.5869579384085375
HOUSEHOLD_2_176,A,2.734246575342466,2.623659619580944,49600.6,1.245120795013496,Medium Risk,984,915.5049670796277,-68.4950329203723,-6.960877329306128
FOODS_3_795,A,3.68986301369863,2.7476752141316116,40134.64,1.2451096458496216,Medium Risk,1082,1160.8724079190533,78.87240791905333,7.289501656104743
FOODS_3_515,A,1.806027397260274,2.107332810693026,18984.06,1.245089744951581,Medium Risk,615,674.3586151380928,59.35861513809277,9.651807339527279
HOBBIES_1_343,A,0.6471232876712328,0.9228227090853087,12565.84,1.2450628272156719,Medium Risk,218,207.78998982636574,-10.21001017363426,-4.683490905336816
FOODS_2_170,A,1.367945205479452,1.7277616170273578,15418.619999999999,1.245028456445864,Medium Risk,505,488.69478403519946,-16.30521596480054,-3.2287556365941663
FOODS_2_018,A,1.5180821917808218,1.866121094845001,38676.18,1.2450264445367125,Medium Risk,499,509.6701250677441,10.670125067744095,2.138301616782384
HOUSEHOLD_1_443,A,2.1397260273972605,2.3307457858679705,19234.100000000002,1.2450136436647936,Medium Risk,742,744.875757217095,2.8757572170950425,0.3875683580990623
HOBBIES_1_356,A,0.6095890410958904,0.8732598298851246,12816.0,1.2450076108957857,Medium Risk,189,177.58280738278128,-11.417192617218717,-6.040842654613078
HOUSEHOLD_1_221,A,0.5994520547945206,0.8599360272607357,26792.960000000003,1.2449996584208607,Medium Risk,173,167.40989698218638,-5.590103017813618,-3.2312734207015135
HOUSEHOLD_1_196,A,1.6684931506849314,1.9930598077291075,11931.44,1.2449985670296604,Medium Risk,646,672.1915482035968,26.191548203596767,4.054419226562967
HOUSEHOLD_1_455,A,0.935068493150685,1.2708778503526814,10136.61,1.244997606602559,Medium Risk,399,381.89743681924097,-17.102563180759034,-4.286356686907026
FOODS_3_423,A,1.5482191780821917,1.8906828589076663,16821.84,1.244989196448575,Medium Risk,537,511.9125527769108,-25.087447223089214,-4.67177788139464
FOODS_3_139,A,1.8408219178082192,2.1269981197541785,33460.62,1.2449876006736857,Medium Risk,583,585.4683707362487,2.468370736248744,0.4233912069037297
HOBBIES_1_179,A,1.1164383561643836,1.4711544245299195,27993.22,1.2449776999617042,Medium Risk,394,384.6027932286692,-9.397206771330787,-2.3850778607438543
FOODS_3_705,A,0.7635616438356164,1.0660502136375885,10813.56,1.2449553868624301,Medium Risk,202,198.95557753582258,-3.0444224641774156,-1.5071398337511959
FOODS_3_477,A,3.807123287671233,2.712203312040386,23345.28,1.2449395551606102,Medium Risk,1001,984.4852011161846,-16.514798883815388,-1.6498300583232155
HOUSEHOLD_1_053,A,2.9063013698630136,2.6579949186939773,158801.76,1.2449381028648212,Medium Risk,1012,1016.0513396909375,4.051339690937539,0.4003300089859228
FOODS_2_251,A,1.5597260273972602,1.8974445700513858,44803.91,1.2449292239304972,Medium Risk,378,390.7109551471309,12.710955147130903,3.3626865468600275
FOODS_2_382,A,0.9328767123287671,1.2634103662309157,13211.4,1.24484550817219,Medium Risk,181,216.74295435878756,35.74295435878756,19.747488596015224
HOUSEHOLD_1_292,A,1.096986301369863,1.444854304004849,25945.920000000002,1.2448350183465873,Medium Risk,408,398.4076099596009,-9.592390040399096,-2.351075990293896
HOBBIES_1_374,A,0.6635616438356164,0.9383363555222926,42336.56,1.2448260048262922,Medium Risk,212,203.45558164336518,-8.544418356634822,-4.030386017280576
HOUSEHOLD_1_359,A,0.8252054794520548,1.1364174108233633,20523.86,1.2448066977759344,Medium Risk,355,369.54451670872277,14.544516708722767,4.097046960203596
HOUSEHOLD_1_050,A,3.1424657534246574,2.692107452248712,44747.19,1.2447986201113541,Medium Risk,931,1034.5832312720574,103.58323127205745,11.126018396569005
FOODS_3_631,A,0.9,1.2237375416490772,12196.08,1.2447884911639941,Medium Risk,276,264.5161112820568,-11.483888717943216,-4.1608292456316
HOBBIES_1_287,A,0.6120547945205479,0.8716901285420273,12867.84,1.244784423736617,Medium Risk,179,172.68194215584586,-6.31805784415414,-3.5296412537173962
FOODS_2_320,A,1.6991780821917808,2.005316141992547,11479.16,1.2447843222497408,Medium Risk,471,470.5342304130921,-0.4657695869079248,-0.09888950889764857
HOUSEHOLD_1_381,A,0.9909589041095891,1.3266975964492136,17975.489999999998,1.2447744776389196,Medium Risk,332,326.48988998282096,-5.510110017179045,-1.659671691921399
HOBBIES_1_108,A,0.8254794520547946,1.1356152195255262,39108.74,1.2447674839248664,Medium Risk,266,276.88019783202844,10.880197832028443,4.090299936852798
FOODS_2_384,A,1.6832876712328768,1.9906523502049762,14008.32,1.2447517010634668,Medium Risk,526,567.087105275835,41.08710527583503,7.811236744455329
HOBBIES_1_085,A,0.678082191780822,0.9545360652417529,36432.0,1.2447361954857064,Medium Risk,192,176.83212949424157,-15.16787050575843,-7.899932555082516
FOODS_2_139,A,1.4871232876712328,1.8221780680343085,16175.44,1.2447136254185682,Medium Risk,433,427.1093731824729,-5.890626817527107,-1.3604218978122649
FOODS_3_286,A,0.7101369863013699,0.9934459008324239,10316.16,1.2446916140061566,Medium Risk,191,186.58454971839032,-4.4154502816096795,-2.3117540741411933
HOBBIES_1_235,A,0.7717808219178082,1.0688664973272708,36564.66,1.2446865396450095,Medium Risk,249,253.10723976580076,4.107239765800756,1.6494938818476932
HOUSEHOLD_2_510,A,0.9802739726027397,1.3115190197720092,14061.54,1.2446801351520593,Medium Risk,255,257.7930175648221,2.793017564822094,1.0953010058125858
FOODS_3_632,A,1.6454794520547946,1.9536454959251646,23903.88,1.2446425959859244,Medium Risk,588,535.6913058262076,-52.308694173792446,-8.896036424114362
HOUSEHOLD_1_384,A,0.8679452054794521,1.181332557964875,15333.119999999999,1.2446211305261825,Medium Risk,316,308.7160183770145,-7.283981622985493,-2.305057475628321
FOODS_2_014,A,1.3350684931506849,1.6767567149364058,13978.58,1.2446131578876878,Medium Risk,332,372.053895798781,40.053895798781014,12.064426445415968
HOBBIES_1_055,A,1.12986301369863,1.470495889675651,37033.520000000004,1.2445983933876021,Medium Risk,354,343.1420710595875,-10.857928940412478,-3.0672115650882703
HOUSEHOLD_1_202,A,2.753698630136986,2.575235427780069,19900.98,1.2445473093718986,Medium Risk,797,809.6727291863239,12.672729186323863,1.590053850228841
HOUSEHOLD_1_438,A,0.9073972602739726,1.2246553951761774,24660.81,1.2445472299876992,Medium Risk,279,284.0199750524556,5.019975052455607,1.7992742123496799
FOODS_2_079,A,0.9257534246575343,1.2453123039905765,13311.32,1.2445378536766205,Medium Risk,334,308.5434598111346,-25.456540188865404,-7.621718619420779
HOUSEHOLD_1_387,A,2.742191780821918,2.5690999831494112,29522.97,1.2445216092708635,Medium Risk,878,885.4447146403581,7.444714640358143,0.8479173850066222
FOODS_2_388,A,1.884931506849315,2.128231666946324,20502.4,1.2445148828208703,Medium Risk,508,518.8792450162579,10.879245016257869,2.141583664617691
HOUSEHOLD_1_491,A,0.8720547945205479,1.1828278943427324,20434.86,1.2445128152317666,Medium Risk,260,241.27489395504486,-18.72510604495514,-7.201963863444284
FOODS_2_122,A,0.983013698630137,1.3088382286282916,17688.84,1.2445126239936317,Medium Risk,331,327.9185721738524,-3.0814278261476034,-0.9309449625823575
FOODS_3_822,A,2.0136986301369864,2.213669574870381,31037.38,1.2444900406659896,Medium Risk,823,817.4752014114042,-5.524798588595786,-0.6712999500116387
FOODS_3_825,A,0.8339726027397261,1.137490783649933,12115.119999999999,1.2444848647229751,Medium Risk,355,326.7139268088172,-28.286073191182822,-7.967907941178259
HOBBIES_1_029,A,1.013972602739726,1.3416497124871283,33234.98,1.244474092721327,Medium Risk,347,331.59383253996225,-15.40616746003775,-4.439817711826441
FOODS_3_242,A,0.9224657534246575,1.2391549609815031,33158.6,1.2444627552202465,Medium Risk,291,285.22687017593756,-5.773129824062437,-1.9838934103307344
HOBBIES_1_201,A,0.946027397260274,1.265557328373732,19126.79,1.2444553388790969,Medium Risk,325,317.0573394200353,-7.942660579964695,-2.44389556306606
FOODS_3_434,A,1.1704109589041096,1.506176593868079,12301.56,1.2444406262116583,Medium Risk,397,366.9218926157583,-30.07810738424172,-7.576349467063405
FOODS_2_193,A,0.6290410958904109,0.8858872868286023,11825.380000000001,1.2444381020591657,Medium Risk,183,182.81302118542055,-0.18697881457944732,-0.10217421561718432
FOODS_3_616,A,1.3183561643835617,1.6516324864726073,11693.52,1.2444156275384215,Medium Risk,412,423.99067630771646,11.990676307716456,2.910358327115645
FOODS_3_063,A,1.1378082191780823,1.4713564103988794,10299.44,1.2444105958968326,Medium Risk,309,290.8549343861338,-18.145065613866223,-5.872189519050557
HOBBIES_1_300,A,0.8926027397260274,1.2033456004568408,30060.84,1.2444088521843848,Medium Risk,206,217.49771246948873,11.497712469488732,5.581413820140161
HOUSEHOLD_1_033,A,1.52,1.834853335691125,22023.56,1.2444043645977796,Medium Risk,265,263.71547054753717,-1.2845294524628343,-0.4847280952689941
FOODS_3_034,A,1.4336986301369863,1.7580769306173951,13121.77,1.2443969085567017,Medium Risk,417,400.80920956416134,-16.190790435838665,-3.8826835577550756
FOODS_2_392,A,0.6271232876712329,0.8824457769938138,11399.220000000001,1.2443918863662882,Medium Risk,189,183.42585990571555,-5.574140094284445,-2.949280473166373
HOBBIES_1_098,A,0.8591780821917808,1.1641885726458792,43841.28,1.244390741018478,Medium Risk,258,264.26497491508366,6.264974915083656,2.4282848508076182
FOODS_3_221,A,0.7964383561643835,1.0900473663066377,14476.86,1.244378307197048,Medium Risk,266,256.5278981716727,-9.472101828327311,-3.560940536965154
HOUSEHOLD_2_115,A,1.2693150684931507,1.6024665223461407,17929.71,1.244377203936277,Medium Risk,407,406.1444194819122,-0.8555805180877769,-0.21021634351051027
FOODS_3_259,A,2.7315068493150685,2.5492075143141193,16157.08,1.2443490706619302,Medium Risk,905,873.7123490337884,-31.287650966211572,-3.4571990017913343
HOBBIES_1_397,A,0.8427397260273972,1.1435393608729165,12287.36,1.2443402097383645,Medium Risk,287,282.67623019431716,-4.3237698056828435,-1.5065400019800848
FOODS_2_381,A,1.9991780821917808,2.1918780252737293,18231.0,1.2443129440851801,Medium Risk,731,726.7071539087725,-4.292846091227489,-0.5872566472267426
HOUSEHOLD_1_434,A,1.8687671232876713,2.102481239922107,27079.370000000003,1.2442957314929515,Medium Risk,582,601.9847100302824,19.984710030282372,3.433798974275322
FOODS_3_258,A,3.226301369863014,2.64451194512779,18864.3,1.2442768268235167,Medium Risk,993,930.7315004825509,-62.26849951744907,-6.270745167920349
FOODS_3_561,A,3.107397260273973,2.6295900517945268,33799.159999999996,1.2442731482716942,Medium Risk,1297,1398.8196607465045,101.8196607465045,7.85039789872818
FOODS_2_036,A,2.6767123287671235,2.5226037905974956,34906.12,1.2442591835706076,Medium Risk,718,686.6112427552093,-31.388757244790668,-4.371693209580873
FOODS_3_051,A,1.4808219178082191,1.7928604131431367,10701.9,1.2442548048742876,Medium Risk,419,437.2933627104832,18.293362710483223,4.365957687466163
FOODS_3_230,A,2.7819178082191782,2.5536934265028957,38382.119999999995,1.2442348411586082,Medium Risk,879,883.1334077248613,4.133407724861286,0.4702397866736389
FOODS_3_006,A,0.7320547945205479,1.0080451370682646,21055.36,1.2442034477713024,Medium Risk,245,262.48645873640066,17.486458736400664,7.137330096490067
FOODS_3_083,A,1.6334246575342466,1.9187041586995097,111476.04000000001,1.2442028018861884,Medium Risk,539,518.0080772314177,-20.9919227685823,-3.8946053373993137
HOUSEHOLD_1_081,A,0.7917808219178082,1.0791826003327367,23062.2,1.2441856858844835,Medium Risk,207,213.5200947985248,6.520094798524809,3.149804250495077
HOUSEHOLD_1_540,A,3.076986301369863,2.615454985646738,19664.44,1.2441854884003636,Medium Risk,898,896.5350696863599,-1.4649303136401386,-0.16313255163030496
FOODS_3_675,A,1.4057534246575343,1.7216624093959745,9894.18,1.2441732146761484,Medium Risk,460,444.718267075548,-15.281732924452001,-3.3221158531417396
HOBBIES_1_420,A,0.7320547945205479,1.0072292252815118,15337.28,1.2441714839484999,Medium Risk,221,217.391267109176,-3.608732890824001,-1.6329108103276022
FOODS_2_106,A,0.8287671232876712,1.1222822844153444,16476.58,1.2441707662992407,Medium Risk,297,295.22989595115166,-1.7701040488483386,-0.5959946292418649
HOBBIES_1_231,A,0.7413698630136987,1.0183104603535058,18590.22,1.2441643233859685,Medium Risk,211,207.0089304828697,-3.991069517130313,-1.8915021408200536
HOUSEHOLD_2_140,A,0.7520547945205479,1.0301842990763033,19132.649999999998,1.2441262399335107,Medium Risk,240,229.06469324329987,-10.935306756700129,-4.556377815291721
HOBBIES_1_078,A,0.8375342465753425,1.1311210638644686,39057.34,1.2441233401250185,Medium Risk,242,227.29273964074008,-14.70726035925992,-6.077380313743768
HOUSEHOLD_1_484,A,0.8339726027397261,1.1265970847209763,30348.680000000004,1.2441102518634832,Medium Risk,267,278.95787134300616,11.957871343006161,4.478603499253244
FOODS_3_459,A,2.4742465753424656,2.430738523991187,16978.28,1.2441026311199963,Medium Risk,755,802.2035080275148,47.20350802751477,6.252120268545003
FOODS_3_247,A,0.6906849315068493,0.9549718864075447,12399.62,1.2440987853524919,Medium Risk,230,208.86005224986104,-21.13994775013896,-9.1912816304952
HOUSEHOLD_1_026,A,0.9983561643835617,1.3112484388336698,10573.380000000001,1.244093821533045,Medium Risk,451,433.4753657206266,-17.5246342793734,-3.885728221590554
HOUSEHOLD_1_236,A,2.7394520547945205,2.526441094727386,24667.93,1.2440842572626039,Medium Risk,834,822.560339324443,-11.43966067555698,-1.371661951505633
HOUSEHOLD_1_177,A,2.713698630136986,2.517998519428823,69035.85,1.2440802469256906,Medium Risk,477,554.583888896412,77.58388889641196,16.264966225662885
HOBBIES_1_332,A,0.6405479452054794,0.8921568213863384,18423.44,1.2440673356769263,Medium Risk,156,143.96902114482913,-12.030978855170872,-7.712165932801842
HOUSEHOLD_1_372,A,1.6421917808219177,1.9173596809868252,11808.18,1.2440559155757935,Medium Risk,522,517.0652570530746,-4.934742946925439,-0.9453530549665592
FOODS_2_342,A,2.632054794520548,2.4870643462713513,56723.14,1.244043030947784,Medium Risk,952,962.0800444566482,10.080044456648238,1.0588281992277562
HOBBIES_1_200,A,0.5827397260273972,0.8186495377755458,16760.76,1.2440400843913428,Medium Risk,162,157.6627041648973,-4.337295835102708,-2.6773431080880914
HOUSEHOLD_1_280,A,0.7843835616438356,1.0655817534493077,14229.109999999999,1.244009420900546,Medium Risk,223,226.25234351251183,3.2523435125118283,1.4584500056106853
HOUSEHOLD_1_132,A,1.4115068493150684,1.718781897719708,10094.45,1.244008560944719,Medium Risk,376,388.09954941678876,12.099549416788761,3.217965270422543
HOUSEHOLD_1_350,A,1.0802739726027397,1.3948462204242402,10803.820000000002,1.243984202515954,Medium Risk,314,320.3210636446291,6.321063644629078,2.0130775938309164
FOODS_2_110,A,1.2156164383561643,1.5322700247065881,10453.039999999999,1.243974801910573,Medium Risk,418,406.90308871599973,-11.09691128400027,-2.6547634650718352
HOUSEHOLD_1_329,A,1.1312328767123287,1.4471733206188109,20397.260000000002,1.2439707469640564,Medium Risk,364,356.4750684452095,-7.5249315547904985,-2.0672888886787084
FOODS_3_071,A,2.4186301369863012,2.3946325491410105,11829.52,1.2439643409572474,Medium Risk,748,718.6046050853158,-29.395394914684175,-3.929865630305371
HOUSEHOLD_1_194,A,1.33013698630137,1.6419067423216995,24177.9,1.2439635603883872,Medium Risk,292,292.73187721649566,0.7318772164956613,0.2506428823615278
HOUSEHOLD_1_316,A,0.8213698630136986,1.1069838775712932,11872.08,1.243938744003695,Medium Risk,267,254.1648758640433,-12.835124135956704,-4.8071625977365935
HOUSEHOLD_1_534,A,0.7646575342465753,1.0402743305995317,27826.27,1.2439383264510961,Medium Risk,272,244.5941950311183,-27.40580496888171,-10.075663591500629
FOODS_3_277,A,2.0983561643835618,2.22419061226535,14691.82,1.2439068948623966,Medium Risk,703,631.9768544070497,-71.0231455929503,-10.102865660448122
HOBBIES_1_037,A,0.9260273972602739,1.2248038749113603,43422.8,1.2438930663813113,Medium Risk,283,277.38011804815307,-5.619881951846935,-1.9858240112533339
FOODS_3_505,A,2.3545205479452056,2.359058064050981,31018.72,1.2438914452263063,Medium Risk,708,702.0087527666326,-5.991247233367403,-0.8462213606451133
FOODS_2_245,A,1.1057534246575342,1.4178112947982529,12027.28,1.2438905848570547,Medium Risk,345,349.0888220060573,4.088822006057285,1.185165798857184
FOODS_3_419,A,1.2967123287671234,1.6065142590902326,12976.44,1.243878132595189,Medium Risk,0,12.781938498587843,12.781938498587843,
HOUSEHOLD_2_044,A,2.715342465753425,2.4988482313653204,34490.28,1.243872459732803,Medium Risk,853,823.5220791740239,-29.47792082597607,-3.4557937662340064
FOODS_3_639,A,1.9967123287671233,2.159060049685714,14377.77,1.24386453679592,Medium Risk,667,703.7724347485456,36.77243474854561,5.5131086579528645
FOODS_3_712,A,1.2824657534246575,1.5912698425351686,18957.739999999998,1.2438402186921778,Medium Risk,393,388.83270287649054,-4.1672971235094565,-1.060380947457877
FOODS_2_086,A,1.5720547945205479,1.847394496623667,14562.66,1.2438219285736356,Medium Risk,597,607.4888127170411,10.488812717041128,1.7569200531057168
FOODS_3_502,A,1.5227397260273972,1.805309653223775,13943.84,1.2438033007780034,Medium Risk,476,472.6568590484584,-3.3431409515416135,-0.7023405360381542
FOODS_2_145,A,1.9232876712328768,2.1069330898732526,16693.16,1.2437984528383788,Medium Risk,645,622.5749401751149,-22.425059824885125,-3.4767534612225
HOUSEHOLD_1_425,A,2.4742465753424656,2.404212023878888,17791.07,1.243795165846197,Medium Risk,715,744.2530460208266,29.25304602082656,4.091335107807911
FOODS_3_552,A,1.584931506849315,1.856171978281125,11427.57,1.2437898411540251,Medium Risk,482,508.0825193013466,26.082519301346622,5.411311058370669
HOUSEHOLD_1_469,A,1.1246575342465754,1.4329138876254583,73724.15,1.2437793022577597,Medium Risk,438,400.3657190322078,-37.63428096779222,-8.592301590820142
FOODS_1_172,A,2.805753424657534,2.515900608592539,20277.18,1.2437783452716857,Medium Risk,509,554.0826492799747,45.0826492799747,8.857102019641395
HOUSEHOLD_1_488,A,1.3635616438356164,1.6635760445074879,49515.93,1.2437667206781307,Medium Risk,399,393.61816349056966,-5.381836509430343,-1.3488312053710132
FOODS_3_620,A,0.6827397260273973,0.9371321480186346,17394.16,1.2437597185897535,Medium Risk,255,241.6323653699503,-13.367634630049707,-5.242209658843022
HOUSEHOLD_1_310,A,2.4608219178082194,2.3945503999801514,62604.54,1.243748169384666,Medium Risk,353,438.73232126808443,85.73232126808443,24.286776563196725
HOUSEHOLD_1_495,A,1.1246575342465754,1.431574497457168,13750.740000000002,1.2437451479170527,Medium Risk,501,480.0144297363899,-20.9855702636101,-4.188736579562894
HOUSEHOLD_1_453,A,2.8128767123287672,2.511535174440699,23560.5,1.243714571728393,Medium Risk,758,812.1031137052715,54.10311370527154,7.137613945286484
HOBBIES_1_279,A,0.8635616438356164,1.1483606458002351,12082.16,1.2436960617707857,Medium Risk,312,310.0420609863552,-1.9579390136448183,-0.6275445556553905
FOODS_3_818,A,3.0846575342465754,2.5603615044921555,33551.82,1.2436620345631209,Medium Risk,728,780.7777522305621,52.7777522305621,7.249691240461827
HOUSEHOLD_2_199,A,0.9432876712328767,1.2358556336193112,13530.990000000002,1.2436461135684655,Medium Risk,218,211.96354959263198,-6.036450407368022,-2.769013948333955
FOODS_2_274,A,2.5484931506849313,2.4190889660544013,64927.96000000001,1.2436286885983547,Medium Risk,606,604.2114140331568,-1.7885859668432431,-0.29514619914905005
FOODS_2_182,A,1.41013698630137,1.6983399864715985,10338.33,1.2436179291462932,Medium Risk,445,431.3577047450394,-13.642295254960572,-3.065684326957432
HOUSEHOLD_2_201,A,0.6671232876712329,0.9146286528576858,15741.36,1.2436132617042661,Medium Risk,239,222.76696965671889,-16.233030343281115,-6.792062905138542
HOUSEHOLD_1_324,A,1.2575342465753425,1.5561050138026322,27378.48,1.2435832501705837,Medium Risk,408,421.3605668476245,13.360566847624511,3.2746487371628703
HOBBIES_1_073,A,0.5876712328767123,0.8154518315850217,11733.15,1.2435776953409459,Medium Risk,207,207.0298830340361,0.029883034036089384,0.014436248326613228
HOUSEHOLD_1_516,A,2.6605479452054794,2.45230854174511,18556.19,1.2435616024100553,Medium Risk,816,837.9110026647784,21.91100266477838,2.6851718951934287
FOODS_3_287,A,0.701917808219178,0.955531784283616,17605.24,1.243559411847943,Medium Risk,202,195.10261267736217,-6.897387322637826,-3.4145481795236763
HOUSEHOLD_1_283,A,3.0147945205479454,2.5355353943078764,16285.92,1.2435277450705369,Medium Risk,1009,1044.1176494356953,35.117649435695284,3.4804409747963607
HOUSEHOLD_1_005,A,1.1873972602739726,1.4854570678610584,43209.98,1.2435215900264391,Medium Risk,331,334.21611968978465,3.216119689784648,0.9716373685149995
FOODS_3_224,A,1.4454794520547944,1.724173272959367,22395.38,1.2435134743337206,Medium Risk,534,526.7839468732402,-7.216053126759789,-1.3513208102546421
FOODS_2_030,A,1.4424657534246574,1.7205747833651046,23064.0,1.243493998965995,Medium Risk,433,450.3905304161077,17.39053041610771,4.016288779701549
FOODS_3_768,A,2.419178082191781,2.355070536213657,16745.0,1.2434924405933991,Medium Risk,841,822.6251333334146,-18.374866666585376,-2.1848830756938615
HOUSEHOLD_1_003,A,0.9358904109589041,1.222673164566541,30641.520000000004,1.243491520764053,Medium Risk,151,163.05555302268593,12.055553022685928,7.983809948798627
FOODS_2_375,A,0.7035616438356165,0.9548958954663306,12676.54,1.2434528573767798,Medium Risk,216,220.01204705462493,4.012047054624929,1.8574291919559858
HOUSEHOLD_1_027,A,2.755068493150685,2.4691592479737694,60034.32,1.2434386007504827,Medium Risk,624,645.1411375215073,21.14113752150729,3.3880028079338604
FOODS_3_532,A,3.0687671232876714,2.5340508944943974,33378.979999999996,1.2434371172564966,Medium Risk,846,924.126448567702,78.12644856770203,9.234804795236647
FOODS_3_156,A,1.8473972602739726,2.0318106189634384,27192.34,1.2434343127978906,Medium Risk,487,472.5695086413761,-14.430491358623897,-2.9631399093683566
HOBBIES_1_226,A,0.781095890410959,1.0456942496776072,39856.98,1.243422051560113,Medium Risk,282,280.47283343641556,-1.5271665635844442,-0.5415484268029944
HOUSEHOLD_1_077,A,0.8882191780821918,1.1673358143402277,20813.64,1.243408763117649,Medium Risk,263,243.09576172276388,-19.904238277236118,-7.568151436211451
FOODS_3_535,A,0.9717808219178082,1.2587967720870197,22133.28,1.2434048897749688,Medium Risk,293,297.3330315063156,4.333031506315592,1.4788503434524207
HOBBIES_1_249,A,0.7643835616438356,1.0254863844782427,13615.2,1.243395722378315,Medium Risk,233,222.45207366364036,-10.547926336359637,-4.527007011313149
HOBBIES_1_324,A,0.72,0.9723274464887833,38684.16,1.2433643393416707,Medium Risk,239,243.7693812731644,4.769381273164413,1.9955570180604238
HOUSEHOLD_2_335,A,0.7857534246575343,1.0494043225543357,17896.32,1.2433598689334242,Medium Risk,296,291.8807305627834,-4.1192694372165874,-1.391645080140739
HOUSEHOLD_1_426,A,1.2473972602739727,1.5353333958235977,11788.9,1.2433288271363168,Medium Risk,367,371.4475014885328,4.447501488532794,1.211853266630189
FOODS_3_776,A,1.7887671232876712,1.9837749275103231,19440.42,1.2433205650494354,Medium Risk,636,592.0389165484587,-43.9610834515413,-6.912120039550519
FOODS_3_482,A,1.1312328767123287,1.4213788183136364,12302.5,1.2433168124930394,Medium Risk,402,400.13563704486035,-1.8643629551396543,-0.4637718793879737
HOBBIES_1_367,A,0.9073972602739726,1.1855414094564245,27390.0,1.2433110158502196,Medium Risk,268,248.45392767137727,-19.546072328622728,-7.293310570381614
HOUSEHOLD_1_511,A,1.3356164383561644,1.6158869614681355,29682.48,1.243294898608749,Medium Risk,381,352.6003770860619,-28.399622913938117,-7.4539692687501615
HOUSEHOLD_1_213,A,1.126849315068493,1.4159825257838106,18426.24,1.243291432891066,Medium Risk,330,328.99496404469755,-1.0050359553024464,-0.30455635009165044
FOODS_3_023,A,1.143835616438356,1.4320726557543224,16616.5,1.2432690386298404,Medium Risk,359,357.1564825054002,-1.84351749459978,-0.5135146224511922
FOODS_3_679,A,1.4928767123287672,1.751037338443982,21142.12,1.243248598786512,Medium Risk,443,437.4146979003695,-5.585302099630496,-1.2607905416773129
FOODS_2_059,A,2.130958904109589,2.1932781565568678,45864.68,1.2432356721443296,Medium Risk,831,826.2696381507806,-4.730361849219435,-0.5692372863079945
FOODS_3_513,A,1.2213698630136987,1.5044588110833568,20054.34,1.2431885269367438,Medium Risk,336,338.06328212442054,2.063282124420539,0.614072060839446
FOODS_3_489,A,2.232328767123288,2.2409640247758706,15495.24,1.2431604901818198,Medium Risk,631,635.2204433551892,4.220443355189218,0.6688499770505892
FOODS_3_132,A,1.143013698630137,1.4266909982634366,11180.960000000001,1.2431545383603846,Medium Risk,297,292.32383754246456,-4.67616245753544,-1.5744654739176567
FOODS_1_051,A,1.0632876712328767,1.3461454515970246,15019.47,1.2431528697316607,Medium Risk,400,379.6571718963156,-20.342828103684383,-5.085707025921096
FOODS_3_131,A,2.730958904109589,2.4348908072098934,9968.0,1.2431504368892639,Medium Risk,829,836.6710757652414,7.671075765241426,0.9253408643234531
FOODS_3_617,A,2.0901369863013697,2.16409228191251,21208.62,1.2431489143208465,Medium Risk,645,633.2264181189862,-11.773581881013797,-1.8253615319401235
HOBBIES_1_153,A,1.5378082191780822,1.7815228432242924,35689.54,1.243123544408025,Medium Risk,429,422.68079132785397,-6.319208672146033,-1.4730090144862547
FOODS_2_078,A,1.2786301369863013,1.5553753317991224,46529.990000000005,1.2431171855665788,Medium Risk,404,383.2928419338062,-20.707158066193813,-5.125534174800449
FOODS_2_092,A,1.3216438356164384,1.5940756082884102,17190.36,1.2430984768770692,Medium Risk,329,329.4354324287559,0.4354324287559166,0.13235028229663118
HOUSEHOLD_1_185,A,1.6186301369863014,1.8440971243617252,16824.25,1.243093591023976,Medium Risk,510,499.53196137584956,-10.468038624150438,-2.052556592970674
HOUSEHOLD_1_497,A,2.0671232876712327,2.144962602035941,115478.40000000001,1.2430659439837437,Medium Risk,577,580.169539462869,3.169539462869011,0.5493135984175063
FOODS_3_523,A,2.5463013698630137,2.367721358381957,18402.12,1.2430594640632904,Medium Risk,857,849.8104753630133,-7.189524636986675,-0.8389176939307673
FOODS_3_551,A,1.1731506849315068,1.451562766878821,20076.18,1.2430369929929528,Medium Risk,336,348.6947744139998,12.694774413999824,3.7782066708332804
HOBBIES_1_364,A,0.6923287671232877,0.9310992400757703,32295.059999999998,1.2430263303346245,Medium Risk,209,207.07337502436286,-1.9266249756371394,-0.9218301318837987
FOODS_3_103,A,1.0172602739726027,1.2918693611787342,12178.64,1.2429692072695753,Medium Risk,294,298.9720344793683,4.97203447936829,1.6911681902613231
HOUSEHOLD_1_458,A,1.1315068493150684,1.407110774724403,10046.88,1.2429482196248496,Medium Risk,518,501.447629553314,-16.552370446685984,-3.1954383101710393
HOUSEHOLD_1_457,A,1.8802739726027398,2.0218510173400075,69971.61,1.2429425479538472,Medium Risk,542,543.9351126083865,1.9351126083864756,0.3570318465657704
HOUSEHOLD_1_241,A,0.7808219178082192,1.0320511115812165,22629.0,1.2429326627795572,Medium Risk,265,241.72473527217196,-23.275264727828045,-8.78311876521813
FOODS_3_793,A,1.7167123287671233,1.907786510364096,18660.68,1.2429222172724768,Medium Risk,507,494.7691482309184,-12.230851769081596,-2.4123967986354233
HOUSEHOLD_1_164,A,1.3443835616438355,1.6058701121011936,14177.890000000001,1.2429113888979804,Medium Risk,348,330.506423723683,-17.493576276317015,-5.026889734573855
HOUSEHOLD_2_159,A,0.8627397260273972,1.1235334343554155,12375.570000000002,1.24290181160288,Medium Risk,222,229.47088598937995,7.470885989379951,3.3652639591801585
FOODS_3_201,A,2.1884931506849314,2.1984521269619197,20035.58,1.2428978617602253,Medium Risk,649,631.5359547292212,-17.464045270778797,-2.6909160663757774
HOUSEHOLD_1_319,A,2.7443835616438355,2.4137923471031764,19193.79,1.2428913035403757,Medium Risk,826,819.9557257456669,-6.044274254333118,-0.7317523310330651
FOODS_3_126,A,2.191232876712329,2.19696840452308,30232.44,1.2428600597473694,Medium Risk,720,739.9884294485263,19.98842944852629,2.7761707567397624
FOODS_3_674,A,1.7071232876712328,1.8966092253595557,18510.82,1.2428517348633246,Medium Risk,431,470.6953533362748,39.69535333627482,9.210058778718055
HOUSEHOLD_1_023,A,0.6501369863013698,0.8763237149358473,21285.81,1.2428414997085564,Medium Risk,220,218.46062264112928,-1.5393773588707234,-0.6997169813048743
HOUSEHOLD_1_251,A,1.481095890410959,1.7190432769442523,10703.88,1.2428208137863204,Medium Risk,383,396.50467643483097,13.50467643483097,3.5260251788070414
FOODS_3_232,A,1.841095890410959,1.9862390123563138,20160.0,1.2427918343871376,Medium Risk,535,531.9574487618704,-3.0425512381295903,-0.5687011660055309
FOODS_3_115,A,1.2287671232876711,1.4943008065766774,20047.61,1.2427864022547532,Medium Risk,393,373.60349082982304,-19.396509170176955,-4.935498516584467
HOUSEHOLD_1_171,A,0.7624657534246575,1.0068357494762752,24947.910000000003,1.2427786435144659,Medium Risk,260,260.4693597010159,0.46935970101588964,0.18052296192918832
FOODS_3_599,A,1.5493150684931507,1.77152218259571,10031.1,1.2427657489030333,Medium Risk,498,460.85027802548007,-37.149721974519935,-7.459783529020067
HOUSEHOLD_1_239,A,0.7857534246575343,1.0330864045871897,11385.960000000001,1.2427642924245252,Medium Risk,205,218.67325272249866,13.67325272249866,6.669879376828615
HOUSEHOLD_1_232,A,0.6663013698630137,0.893868622875378,10287.36,1.2427629271747866,Medium Risk,164,165.73664219208038,1.7366421920803816,1.0589281659026717
HOUSEHOLD_1_048,A,1.7682191780821919,1.9345209874769098,18329.36,1.2427590358957015,Medium Risk,468,475.40226825953187,7.402268259531866,1.5816812520367236
HOBBIES_1_330,A,1.2775342465753425,1.5378532271174128,36345.3,1.2427467120587674,Medium Risk,388,402.3379863865591,14.337986386559123,3.6953573161234856
HOBBIES_1_204,A,0.8336986301369863,1.0863077004128245,30036.34,1.2427352915629686,Medium Risk,385,374.428541538775,-10.571458461225006,-2.74583336655195
HOUSEHOLD_1_102,A,1.1504109589041096,1.4167715204379445,75379.95,1.242724702145589,Medium Risk,441,402.319463432859,-38.68053656714102,-8.771096727242861
HOUSEHOLD_1_218,A,1.6578082191780823,1.8515473494395451,11585.92,1.2427025326816354,Medium Risk,656,636.6325340068678,-19.367465993132214,-2.952357620904301
FOODS_3_411,A,1.0632876712328767,1.3291409486062957,11565.38,1.2426942293805041,Medium Risk,341,322.8410789459389,-18.158921054061125,-5.325196790047251
HOUSEHOLD_1_486,A,0.6189041095890411,0.83511840505565,41488.35,1.2426818456209119,Medium Risk,235,213.3286061540285,-21.671393845971494,-9.221869721689997
HOBBIES_1_132,A,0.8246575342465754,1.0743503995500612,11979.8,1.2426709410007089,Medium Risk,253,249.9902282874725,-3.0097717125275096,-1.1896330879555375
HOBBIES_1_079,A,0.636986301369863,0.8566805563256826,18321.0,1.2426705205570563,Medium Risk,191,203.84060102941953,12.840601029419531,6.722827764093996
HOUSEHOLD_1_131,A,1.149041095890411,1.4123638414632942,20686.84,1.242647979495438,Medium Risk,351,357.86087915905136,6.860879159051365,1.9546664270801608
HOBBIES_1_337,A,1.727945205479452,1.8985541793123384,23146.69,1.2426341192276047,Medium Risk,476,485.46385593014264,9.463855930142643,1.988205027340891
FOODS_3_203,A,1.934794520547945,2.035616081137687,32163.260000000002,1.2426285789271776,Medium Risk,614,603.9342548022884,-10.065745197711635,-1.6393721820377256
HOUSEHOLD_1_489,A,1.1704109589041096,1.4321222261330107,42591.840000000004,1.2426260659509283,Medium Risk,362,381.25434992345885,19.254349923458847,5.318881194325648
FOODS_2_101,A,1.5526027397260274,1.766314958378913,33888.66,1.2426212917004964,Medium Risk,530,534.4113431919734,4.411343191973401,0.8323289041459246
FOODS_3_770,A,0.7758904109589041,1.0178831703977094,11271.36,1.2426181644273442,Medium Risk,272,278.8720133551999,6.872013355199897,2.526475498235256
HOBBIES_1_327,A,0.6975342465753425,0.9273526602574038,20062.48,1.2426179717592247,Medium Risk,209,205.7713387433135,-3.2286612566865074,-1.544813998414597
FOODS_3_609,A,1.5495890410958904,1.763141114341783,16852.48,1.2426066041585861,Medium Risk,520,486.9739303672741,-33.02606963272592,-6.351167237062677
FOODS_3_450,A,1.0865753424657534,1.3492222612570282,11898.0,1.2426058393010806,Medium Risk,364,363.9569487563853,-0.043051243614684154,-0.011827264729308833
FOODS_3_356,A,1.2457534246575341,1.5013065633366214,13561.539999999999,1.2425814862161346,Medium Risk,428,409.79332695856993,-18.206673041430065,-4.253895570427586
FOODS_3_028,A,0.9695890410958904,1.22855675827091,13731.32,1.2425803115813898,Medium Risk,235,221.8296981173467,-13.170301882653291,-5.604383779852464
HOBBIES_1_129,A,0.667945205479452,0.8914117176598165,11897.44,1.2425733360214968,Medium Risk,192,195.41483368789352,3.4148336878935197,1.7785592124445415
FOODS_3_035,A,0.8961643835616439,1.1490277684428476,13191.38,1.2425398666458107,Medium Risk,243,239.36926761526573,-3.630732384734273,-1.4941285533885897
FOODS_2_038,A,0.7479452054794521,0.9832956131413341,16584.87,1.2425177682859627,Medium Risk,227,238.89732040967857,11.89732040967857,5.241110312633731
FOODS_2_162,A,1.1709589041095891,1.4276486871305594,12602.81,1.2425036083379384,Medium Risk,407,407.0270118862526,0.027011886252580553,0.0066368270890861305
HOUSEHOLD_1_385,A,2.97013698630137,2.4214570721551443,21356.77,1.242501405195293,Medium Risk,833,838.0290131135989,5.029013113598921,0.6037230628570134
FOODS_3_388,A,1.0594520547945205,1.3177227447943751,15386.699999999999,1.2424902414289618,Medium Risk,375,381.2393769825954,6.239376982595388,1.6638338620254367
HOUSEHOLD_1_166,A,0.8076712328767123,1.0499951330949138,14563.12,1.2424825566717796,Medium Risk,244,248.89618274795984,4.896182747959841,2.0066322737540334
HOUSEHOLD_1_541,A,2.171780821917808,2.1574939930701102,55250.19,1.2424711091392135,Medium Risk,278,355.1172400903803,77.11724009038028,27.740014421000097
HOBBIES_1_057,A,0.7287671232876712,0.9597945924247505,12980.8,1.242461666005248,Medium Risk,138,132.60972873642322,-5.390271263576778,-3.9059936692585353
FOODS_3_229,A,1.2687671232876712,1.516813546789264,17505.18,1.2424532491019742,Medium Risk,333,324.65918663601315,-8.340813363986854,-2.50474875795401
FOODS_3_392,A,0.8726027397260274,1.1207894041500777,12676.3,1.2424529797001556,Medium Risk,283,293.8423845456229,10.842384545622906,3.831231288205974
HOUSEHOLD_1_067,A,1.323013698630137,1.565257813359896,19171.13,1.2424468034326341,Medium Risk,602,570.3199556480282,-31.680044351971787,-5.262465839197971
HOUSEHOLD_1_165,A,0.824931506849315,1.0681275550207752,54027.82,1.2424439595141277,Medium Risk,204,205.53963406911265,1.539634069112651,0.7547225828983584
FOODS_2_173,A,1.9676712328767123,2.042987270390373,64494.36,1.2424435156094698,Medium Risk,628,635.3520687595835,7.352068759583517,1.170711585920942
FOODS_2_082,A,1.855890410958904,1.9713068057458591,39987.240000000005,1.242409692084955,Medium Risk,625,600.1926780031856,-24.80732199681438,-3.969171519490301
HOUSEHOLD_1_478,A,1.723013698630137,1.881452857022146,16791.63,1.2424079161829265,Medium Risk,491,482.6974497314956,-8.302550268504376,-1.6909471015283863
HOUSEHOLD_1_383,A,1.0868493150684932,1.341770361385303,13368.76,1.2424019930865622,Medium Risk,361,344.9931078967448,-16.00689210325521,-4.4340421338657094
FOODS_3_053,A,1.6057534246575342,1.7950389275615393,23326.78,1.242396530872072,Medium Risk,565,520.6194746579883,-44.38052534201165,-7.854960237524186
FOODS_3_098,A,1.0972602739726027,1.35082900388476,18056.15,1.242369846970303,Medium Risk,429,414.00761724473006,-14.992382755269944,-3.494727914981339
HOUSEHOLD_1_282,A,1.027945205479452,1.2811372197330988,14932.96,1.242360005369963,Medium Risk,305,296.4494381521877,-8.550561847812276,-2.8034629009220575
FOODS_3_715,A,0.9210958904109589,1.1693157952429956,13380.76,1.2423367608802658,Medium Risk,299,284.9989060176049,-14.001093982395105,-4.682640127891339
HOUSEHOLD_1_445,A,1.5942465753424657,1.7829679852470877,11402.68,1.242336707284749,Medium Risk,763,769.0891647083696,6.089164708369594,0.7980556629580072
FOODS_3_346,A,2.5926027397260274,2.317684953682285,18736.739999999998,1.242327792229901,Medium Risk,740,693.8251375432263,-46.17486245677367,-6.239846277942387
HOBBIES_1_005,A,0.9515068493150685,1.2008967956572663,9898.59,1.2423207934705789,Medium Risk,279,296.9616963842483,17.961696384248285,6.4378840086911415
FOODS_3_092,A,1.4276712328767123,1.6479227983503812,20672.36,1.2422938305685918,Medium Risk,539,503.2487406470138,-35.75125935298621,-6.632886707418592
HOUSEHOLD_1_411,A,1.78,1.9137571499954436,21310.16,1.2422926777330994,Medium Risk,518,517.014600837233,-0.9853991627669529,-0.19023149860365887
HOUSEHOLD_1_421,A,1.3421917808219177,1.5741125176029778,29186.920000000002,1.2422746538378262,Medium Risk,419,421.2417029848873,2.241702984887297,0.5350126455578275
FOODS_3_604,A,1.3939726027397261,1.618225482618322,12765.66,1.2422661687884473,Medium Risk,458,438.4860476546134,-19.5139523453866,-4.260688285018908
HOBBIES_1_086,A,0.7476712328767123,0.9760920068194273,22565.3,1.2422535090185576,Medium Risk,223,229.2957769739945,6.295776973994492,2.8232183739885617
HOUSEHOLD_1_013,A,1.0093150684931507,1.2574451654500864,18198.960000000003,1.2422266276189557,Medium Risk,272,290.91296262383327,18.912962623833266,6.953295082291643
HOUSEHOLD_1_413,A,1.3342465753424657,1.5649121931036492,87411.63,1.2422260366715858,Medium Risk,412,387.8382964468621,-24.161703553137897,-5.864491153674247
FOODS_2_196,A,1.032054794520548,1.2798638241400178,14841.98,1.2422087515437379,Medium Risk,408,386.62477787661663,-21.375222123383367,-5.239025030241021
FOODS_3_460,A,2.4967123287671233,2.2741930679148905,17715.04,1.2421955688932318,Medium Risk,756,749.5032277807348,-6.496772219265154,-0.8593614046647029
HOUSEHOLD_1_225,A,2.8898630136986303,2.3757547693099235,18371.76,1.242180554299512,Medium Risk,717,741.5739712435603,24.573971243560322,3.4273321120725697
FOODS_2_201,A,1.8227397260273972,1.933273903641267,34337.69,1.2421519018123917,Medium Risk,667,635.742413477036,-31.257586522963948,-4.686294831029078
FOODS_3_217,A,1.56,1.74657477110973,16962.12,1.2421513052804354,Medium Risk,402,404.37642412665025,2.3764241266502495,0.591150280261256
HOUSEHOLD_1_505,A,2.736164383561644,2.340027047493422,24667.890000000003,1.2421410027965438,Medium Risk,882,857.0147137671564,-24.985286232843578,-2.8327988926126504
HOUSEHOLD_1_449,A,1.0465753424657533,1.291887348740727,58432.65,1.2421382646735393,Medium Risk,307,298.2782960748717,-8.721703925128281,-2.84094590395058
FOODS_3_424,A,1.004931506849315,1.2498189765196819,14229.08,1.2421366240816265,Medium Risk,258,262.12877307919484,4.128773079194843,1.6002996430987766
FOODS_3_429,A,1.0583561643835617,1.303553561370858,23100.74,1.2421361737178092,Medium Risk,295,286.98527520549754,-8.014724794502456,-2.7168558625432055
HOUSEHOLD_1_346,A,0.7613698630136986,0.9881669240270116,10949.26,1.2421228951631142,Medium Risk,214,211.09888662077773,-2.9011133792222665,-1.3556604575804982
HOBBIES_1_329,A,0.8449315068493151,1.0805121489089806,12243.480000000001,1.2421141023981639,Medium Risk,277,270.9389475353493,-6.061052464650686,-2.1881055829063847
FOODS_3_606,A,1.2117808219178081,1.44974208162077,12737.94,1.2421113795230783,Medium Risk,427,413.82963321068536,-13.170366789314642,-3.08439503262638
FOODS_3_665,A,1.3846575342465754,1.60278095040599,15045.92,1.2421102875355374,Medium Risk,452,425.45129779404795,-26.548702205952054,-5.873606682732755
HOUSEHOLD_1_467,A,0.7791780821917809,1.007782478129385,33247.47,1.2421088118939232,Medium Risk,269,244.09096758980718,-24.90903241019282,-9.25986334951406
FOODS_1_194,A,1.5178082191780822,1.7113858285113381,26924.4,1.2421073530562792,Medium Risk,421,466.74451305927084,45.744513059270844,10.865680061584523
HOBBIES_1_247,A,0.7523287671232877,0.976863791958946,46352.479999999996,1.2420811265926235,Medium Risk,232,235.34624233622307,3.346242336223071,1.44234583457891
FOODS_1_183,A,1.7265753424657535,1.8622854053968119,18779.96,1.242047871002626,Medium Risk,418,442.3465849030671,24.346584903067082,5.8245418428390145
FOODS_3_183,A,1.5098630136986302,1.7010100437540872,16435.9,1.242029284983322,Medium Risk,496,494.49014897489434,-1.509851025105661,-0.3044054486100123
HOUSEHOLD_1_515,A,1.432054794520548,1.6360934419836521,12910.69,1.2419838233605918,Medium Risk,445,436.6200924429951,-8.379907557004913,-1.883125293708969
HOUSEHOLD_1_509,A,1.1194520547945206,1.3572495384799061,12951.52,1.241977292805852,Medium Risk,315,265.3122763631,-49.68772363689999,-15.77388051965079
HOBBIES_1_228,A,1.0627397260273972,1.3018771996655347,26648.73,1.2419734568495966,Medium Risk,329,302.634079667323,-26.36592033267698,-8.013957547926132
FOODS_2_396,A,1.2189041095890412,1.4501958946153486,13047.72,1.2419674036332176,Medium Risk,420,409.04616244899745,-10.95383755100255,-2.608056559762512
FOODS_2_385,A,2.0224657534246577,2.040166531457884,17344.76,1.2419495335631838,Medium Risk,696,654.9331821988327,-41.0668178011673,-5.900404856489555
FOODS_2_119,A,1.6167123287671232,1.7771717478050006,15176.52,1.241932821838885,Medium Risk,567,557.3603435749869,-9.639656425013072,-1.7001157716072437
FOODS_3_265,A,1.2964383561643835,1.5175283248329683,18833.36,1.2419154083565394,Medium Risk,336,359.7925363167278,23.79253631672782,7.081111999026136
HOUSEHOLD_1_143,A,2.4646575342465753,2.2340412280890924,17722.12,1.2418617528770262,Medium Risk,582,568.3937866543681,-13.606213345631886,-2.33783734461029
HOUSEHOLD_1_307,A,2.311780821917808,2.17393774595374,24378.56,1.241851030051574,Medium Risk,519,530.7567810995215,11.756781099521504,2.2652757417189795
HOUSEHOLD_1_087,A,1.083013698630137,1.315615142596696,17669.91,1.241810091047359,Medium Risk,233,217.23352445435634,-15.766475545643658,-6.766727701992986
HOUSEHOLD_2_312,A,1.096986301369863,1.328654914967757,15895.880000000001,1.2417972004455817,Medium Risk,326,318.5125860722914,-7.487413927708587,-2.2967527385609166
FOODS_3_439,A,2.5663013698630137,2.2602923795678898,27913.66,1.2417798596333598,Medium Risk,747,798.6646505421645,51.66465054216451,6.916285213141165
HOUSEHOLD_1_103,A,0.9865753424657534,1.2176583054832169,17521.34,1.241747201278214,Medium Risk,333,331.64463796212084,-1.3553620378791607,-0.4070156269907389
FOODS_3_520,A,1.1093150684931508,1.338489727771062,16115.02,1.2417447815404932,Medium Risk,349,333.86203658757995,-15.13796341242005,-4.337525333071647
FOODS_3_565,A,1.807945205479452,1.8962085599950191,16497.5,1.2417176190067236,Medium Risk,583,559.6335624987381,-23.366437501261885,-4.007965266082656
HOUSEHOLD_1_537,A,1.1095890410958904,1.3365208023755908,64548.8,1.2416871119454556,Medium Risk,273,287.14202753110914,14.142027531109136,5.180229864875141
FOODS_2_311,A,1.6386301369863014,1.7789883187896314,17028.41,1.2416840439685715,Medium Risk,592,570.5729325804417,-21.427067419558284,-3.619437064114575
FOODS_2_081,A,1.512054794520548,1.6805734438913156,13010.119999999999,1.2416089465037228,Medium Risk,547,528.9914149788531,-18.008585021146928,-3.292245890520462
FOODS_3_140,A,1.8682191780821917,1.9262657410920438,20206.95,1.2415966169095058,Medium Risk,599,587.9553424156909,-11.044657584309107,-1.8438493462953434
FOODS_3_250,A,1.3194520547945205,1.5227802406477082,19167.68,1.2415922002550155,Medium Risk,321,321.8552023505436,0.8552023505436068,0.2664181777394414
FOODS_3_172,A,1.7734246575342465,1.865703660411742,11521.94,1.2415875807188825,Medium Risk,519,518.514431379474,-0.4855686205260099,-0.09355850106474178
HOUSEHOLD_1_256,A,1.3071232876712329,1.511870885631655,28482.87,1.2415856583931337,Medium Risk,334,352.3263581150034,18.326358115003416,5.486933567366292
HOUSEHOLD_2_483,A,1.324931506849315,1.5270136495485425,24034.92,1.2415822266838008,Medium Risk,364,338.03892753743264,-25.96107246256736,-7.132162764441582
FOODS_2_184,A,1.8945205479452054,1.9375273341866552,31204.809999999998,1.2415258969960767,Medium Risk,491,502.1165833191613,11.116583319161293,2.2640699224361085
HOUSEHOLD_1_291,A,1.3482191780821917,1.544126986829296,18167.52,1.2415252520018367,Medium Risk,535,532.5842219732643,-2.4157780267356657,-0.4515472947169468
HOUSEHOLD_1_498,A,1.943013698630137,1.9644795071433157,23261.76,1.2415038867229016,Medium Risk,630,629.5347031799391,-0.46529682006087114,-0.07385663810490017
FOODS_2_047,A,1.2980821917808218,1.5001312243087015,13562.15,1.2414991237479487,Medium Risk,398,402.4058846033266,4.405884603326626,1.1070061817403583
HOUSEHOLD_2_197,A,0.8397260273972603,1.0567923210703347,12168.050000000001,1.2414978495909896,Medium Risk,263,251.74456187890914,-11.255438121090862,-4.279634266574472
FOODS_3_537,A,1.0827397260273972,1.303389829908596,15728.96,1.2414933290787102,Medium Risk,375,360.0645568828958,-14.935443117104228,-3.982784831227794
HOBBIES_1_373,A,0.838904109589041,1.0544605195264016,45072.64,1.2414482049259712,Medium Risk,245,252.81839887270039,7.818398872700385,3.1911832133470956
FOODS_3_569,A,1.0632876712328767,1.282551554298753,15446.38,1.2414376342199736,Medium Risk,382,379.34577282190094,-2.654227178099063,-0.6948238686123203
HOUSEHOLD_1_382,A,1.3202739726027397,1.5147579233871253,10987.32,1.241402627851653,Medium Risk,462,475.3167490558155,13.316749055815478,2.8824132155444757
FOODS_3_812,A,1.8076712328767124,1.8756188495846828,19059.42,1.2413937586105939,Medium Risk,562,558.1824826975766,-3.8175173024234255,-0.6792735413564813
HOBBIES_1_064,A,1.2457534246575341,1.4485379913681522,58585.590000000004,1.241366693026947,Medium Risk,391,412.20494210967286,21.204942109672857,5.423258851578735
HOUSEHOLD_1_010,A,1.08986301369863,1.3048095919011524,12607.31,1.2413509047678575,Medium Risk,307,310.23528462146913,3.235284621469134,1.0538386389150274
HOUSEHOLD_1_518,A,1.3621917808219177,1.5463233975495256,34654.84,1.241324528781797,Medium Risk,307,300.5526080479552,-6.447391952044825,-2.100127671675839
HOUSEHOLD_1_404,A,1.830958904109589,1.8844898983517406,17083.22,1.241304154516651,Medium Risk,463,456.7083457162702,-6.291654283729827,-1.3588886141965069
FOODS_3_774,A,0.7065753424657534,0.9053209220972819,17704.72,1.2412940779777966,Medium Risk,190,188.7354391510792,-1.2645608489208087,-0.6655583415372677
FOODS_3_820,A,1.9967123287671233,1.9780904996104869,14430.24,1.241265280504391,Medium Risk,622,593.2296574533809,-28.770342546619077,-4.62545700106416
FOODS_3_492,A,1.009041095890411,1.2230881181508337,10962.34,1.24125807883782,Medium Risk,271,260.7717305576646,-10.228269442335375,-3.774269166913422
FOODS_3_814,A,1.8065753424657534,1.8646619404895983,12396.72,1.2412308177993183,Medium Risk,553,534.3060589228306,-18.69394107716937,-3.380459507625564
HOUSEHOLD_1_203,A,0.9906849315068493,1.203320892175241,17863.04,1.2412117822603574,Medium Risk,304,309.2453663264787,5.245366326478688,1.7254494494995685
HOUSEHOLD_1_481,A,0.8824657534246575,1.092912693297619,15684.34,1.2411988294715557,Medium Risk,353,352.6696620838078,-0.33033791619220665,-0.09358014623008687
FOODS_2_060,A,0.798082191780822,1.0031720825857249,22806.54,1.2411862237884086,Medium Risk,250,248.764200700158,-1.2357992998420002,-0.49431971993680013
FOODS_3_653,A,1.721095890410959,1.8058760105956682,24169.7,1.241171125704973,Medium Risk,488,482.0817215501639,-5.918278449836123,-1.212761977425435
FOODS_3_144,A,2.155890410958904,2.0502256328424844,15580.619999999999,1.2411518694231993,Medium Risk,738,721.7002910388667,-16.29970896113332,-2.2086326505600704
FOODS_3_257,A,1.8156164383561644,1.8627112038780487,28117.34,1.2411108070499006,Medium Risk,785,767.9408267799386,-17.05917322006144,-2.173143085358145
HOUSEHOLD_1_168,A,1.2978082191780822,1.4815280330188942,14048.28,1.2410932673854136,Medium Risk,317,328.4556820039514,11.455682003951381,3.613779811972045
HOUSEHOLD_1_039,A,1.2104109589041097,1.4043354145574811,12701.6,1.2410655555991368,Medium Risk,554,474.4649982431429,-79.53500175685713,-14.356498512068075
HOBBIES_1_394,A,1.3926027397260274,1.5577316492006945,39988.64,1.2410443142156398,Medium Risk,457,458.3366679721867,1.3366679721867172,0.29248752126624006
FOODS_3_195,A,1.4887671232876711,1.6310934157491348,14559.54,1.2410044726771154,Medium Risk,382,364.57709468285225,-17.42290531714775,-4.560969978310929
HOUSEHOLD_1_093,A,1.2898630136986302,1.4694593397925644,18549.52,1.2409754452727468,Medium Risk,446,426.9281353892233,-19.071864610776686,-4.2762028275284045
FOODS_3_074,A,1.2021917808219178,1.3914335322976277,19658.24,1.2409323495417275,Medium Risk,429,419.6754189296489,-9.324581070351087,-2.1735620210608593
FOODS_3_731,A,1.4109589041095891,1.5660800247647022,15338.0,1.2409148284646283,Medium Risk,472,446.7481932696955,-25.25180673030451,-5.349959053030616
HOUSEHOLD_1_527,A,1.1509589041095891,1.3442550175324013,21892.29,1.2409045067565332,Medium Risk,455,430.94579548379,-24.054204516210007,-5.28663835521099
HOUSEHOLD_1_112,A,1.5394520547945205,1.6635978885556122,16688.43,1.24090180920092,Medium Risk,490,486.49392264449244,-3.506077355507557,-0.7155259909199096
HOUSEHOLD_1_342,A,1.1602739726027398,1.3525287387133769,76042.55,1.2409000667904717,Medium Risk,386,367.31181996486015,-18.68818003513985,-4.841497418430013
HOUSEHOLD_1_018,A,1.0857534246575342,1.2833823300210232,39511.11,1.2408884348514682,Medium Risk,366,337.97819124992907,-28.02180875007093,-7.656231898926484
HOUSEHOLD_2_409,A,0.963013698630137,1.1639989811866835,13813.95,1.240863557586689,Medium Risk,236,242.49842657081285,6.498426570812853,2.753570580852904
HOUSEHOLD_1_245,A,1.7136986301369863,1.7824865137467358,15963.46,1.2408619735167297,Medium Risk,406,374.71607818357836,-31.28392181642164,-7.705399462172817
HOUSEHOLD_1_075,A,1.7775342465753425,1.823340482389839,17712.239999999998,1.2408607965809282,Medium Risk,492,512.0380716872138,20.0380716872138,4.072778798214187
HOUSEHOLD_1_162,A,1.3298630136986302,1.4960297261393882,28978.379999999997,1.2408232321405401,Medium Risk,283,282.8422891053308,-0.15771089466920785,-0.05572823133187557
HOUSEHOLD_1_482,A,1.0720547945205479,1.2679027193947014,11582.48,1.240819307027676,Medium Risk,369,340.9232016250675,-28.07679837493248,-7.608888448491187
FOODS_3_683,A,2.3865753424657536,2.1127146566794863,21861.08,1.240751641511659,Medium Risk,825,822.5431062393094,-2.4568937606906047,-0.2978053043261339
FOODS_3_032,A,1.3630136986301369,1.519581411088602,14788.4,1.2407475202414047,Medium Risk,411,401.042037025208,-9.957962974791997,-2.4228620376622865
FOODS_3_400,A,1.39013698630137,1.5409318833741223,15120.52,1.2407387602192257,Medium Risk,327,335.67613683705207,8.67613683705207,2.653252855367606
HOUSEHOLD_1_212,A,1.5054794520547945,1.6289372825813186,25393.33,1.2407221894739566,Medium Risk,425,414.58591387464696,-10.414086125353037,-2.4503732059654206
FOODS_2_141,A,1.453972602739726,1.588942280634104,37042.86,1.240700984698082,Medium Risk,471,458.62947046954116,-12.370529530458839,-2.626439390755592
FOODS_3_562,A,2.727123287671233,2.2008129489366666,49570.920000000006,1.2407001234896509,Medium Risk,833,784.6909910778156,-48.309008922184375,-5.799400830994523
HOUSEHOLD_1_370,A,1.5687671232876712,1.6705367971038996,40803.979999999996,1.240638251881572,Medium Risk,499,513.239264908964,14.239264908963946,2.8535601019967824
FOODS_3_138,A,1.6057534246575342,1.6894948236483613,11604.779999999999,1.2405115184487536,Medium Risk,471,459.40514060800564,-11.594859391994362,-2.4617535864106923
HOUSEHOLD_1_180,A,1.8939726027397261,1.8670505107129223,20334.06,1.2404636895353978,Medium Risk,632,651.9458336006353,19.945833600635297,3.1559863292144454
HOUSEHOLD_1_220,A,1.4863013698630136,1.6000321205063346,9927.75,1.2404413870916424,Medium Risk,391,402.64641825291636,11.646418252916362,2.9786235940962564
FOODS_3_332,A,1.62986301369863,1.7017187748197664,11779.02,1.240435466160962,Medium Risk,493,479.00452321669565,-13.995476783304355,-2.8388391041185304
HOUSEHOLD_1_038,A,1.08986301369863,1.2698978032376518,20765.16,1.2404322353009303,Medium Risk,294,303.41955578445555,9.419555784455554,3.203930538930461
FOODS_3_730,A,1.3353424657534247,1.4813669427798135,24272.52,1.2404112149402216,Medium Risk,390,403.00448133575605,13.004481335756054,3.3344823937836034
HOUSEHOLD_1_128,A,1.5975342465753424,1.6754950273862825,14865.619999999999,1.2403625286320685,Medium Risk,406,397.94119778276195,-8.058802217238053,-1.9849266544921313
HOUSEHOLD_1_369,A,1.6734246575342466,1.7225092583743074,22585.55,1.2402927406471338,Medium Risk,532,537.7461814456269,5.746181445626917,1.0801092942907737
FOODS_3_588,A,1.3112328767123287,1.4562628237748447,18856.84,1.2402919183892425,Medium Risk,354,368.0588749840211,14.058874984021088,3.9714336113053923
FOODS_3_304,A,1.9558904109589041,1.8886441707089403,31982.720000000005,1.2402839361301827,Medium Risk,634,649.7562178397002,15.756217839700184,2.4852078611514488
HOUSEHOLD_1_538,A,1.2375342465753425,1.394215215426836,15719.16,1.240276379290833,Medium Risk,328,335.71500042164945,7.715000421649449,2.3521342748931247
HOBBIES_1_040,A,1.1164383561643836,1.2871515176915989,52511.950000000004,1.2402510979872865,Medium Risk,317,312.15569166356613,-4.844308336433869,-1.5281729767930186
HOUSEHOLD_1_376,A,1.0252054794520549,1.2021813889966813,20143.68,1.2402292072361625,Medium Risk,306,293.03355913958643,-12.96644086041357,-4.237398973991363
HOUSEHOLD_1_371,A,1.2241095890410958,1.3793567074278592,21667.52,1.240196183943345,Medium Risk,410,423.6106427757199,13.610642775719896,3.3196689696877795
HOUSEHOLD_1_536,A,2.3408219178082192,2.0456570935608687,25203.3,1.2401317665842586,Medium Risk,744,758.3425656855583,14.34256568555827,1.9277642050481547
FOODS_3_067,A,1.424109589041096,1.53639311286199,20688.04,1.240107710045605,Medium Risk,441,445.00014483119674,4.000144831196735,0.9070623199992597
FOODS_3_291,A,1.6726027397260275,1.7101377694371958,16971.899999999998,1.2400898322898588,Medium Risk,544,542.4983019979242,-1.501698002075841,-0.27604742685217665
FOODS_2_208,A,1.1276712328767122,1.2878955841828137,28729.68,1.2400129801983224,Medium Risk,339,363.7687237022967,24.76872370229671,7.3064081717689415
FOODS_3_418,A,1.753972602739726,1.754848226630799,25475.64,1.2399843965856783,Medium Risk,508,511.18590080444704,3.1859008044470443,0.627145827647056
HOUSEHOLD_1_006,A,1.0046575342465753,1.1711477111520792,25558.989999999998,1.2398988587313449,Medium Risk,368,342.95830125639355,-25.041698743606446,-6.8048094411974045
HOUSEHOLD_1_301,A,1.0715068493150686,1.231754949453234,19106.74,1.2398656362525846,Medium Risk,295,293.227657008129,-1.772342991871028,-0.6007942345325519
HOUSEHOLD_1_442,A,0.8687671232876713,1.0378080823544218,28443.870000000003,1.2398516388649523,Medium Risk,235,238.6571044742357,3.6571044742356946,1.5562146698875297
HOBBIES_1_323,A,1.3624657534246576,1.4756131989862802,24365.920000000002,1.239831360170133,Medium Risk,484,467.84488401722285,-16.155115982777147,-3.33783388073908
HOUSEHOLD_1_226,A,1.5578082191780822,1.6171103529450064,16787.579999999998,1.2397989788395047,Medium Risk,423,421.23537888967314,-1.764621110326857,-0.41716811118838226
HOUSEHOLD_1_140,A,1.36986301369863,1.479251302288135,74850.0,1.2397874203975408,Medium Risk,485,471.2118386404854,-13.788161359514618,-2.8429198679411583
FOODS_2_142,A,1.7580821917808218,1.7437502680582935,25539.66,1.2397627463024867,Medium Risk,537,536.8478175337276,-0.15218246627239296,-0.028339379194114146
HOUSEHOLD_1_524,A,1.2942465753424657,1.4180818739316596,18754.280000000002,1.239754554800653,Medium Risk,342,357.3730396686004,15.373039668600427,4.495040838772055
HOUSEHOLD_1_322,A,1.2775342465753425,1.4019383097876699,13236.4,1.2396956315253558,Medium Risk,319,306.79133369957526,-12.208666300424738,-3.8271681192554037
FOODS_3_407,A,2.307123287671233,1.9973066816118197,25094.579999999998,1.2396798790672792,Medium Risk,716,740.6239800574654,24.62398005746536,3.4391033599811958
HOUSEHOLD_1_440,A,1.270958904109589,1.3898805912930288,69445.83,1.2395440423904138,Medium Risk,537,515.3804684275092,-21.619531572490814,-4.025983533052293
HOUSEHOLD_1_275,A,1.750958904109589,1.7244093872038604,18981.27,1.2395158281943262,Medium Risk,675,645.2724611517219,-29.727538848278073,-4.404079829374529
HOUSEHOLD_1_088,A,0.8161643835616438,0.9745523810873947,17784.63,1.2394983236250743,Medium Risk,241,238.12764808153915,-2.8723519184608506,-1.1918472690708923
HOUSEHOLD_1_121,A,1.3572602739726027,1.4551043771334415,12283.85,1.2394836266096039,Medium Risk,409,420.3154567035788,11.315456703578775,2.7666153309483557
HOBBIES_1_416,A,0.9578082191780822,1.1092059116258366,16668.62,1.239377825176704,Medium Risk,359,342.8270152664587,-16.172984733541284,-4.505009675081138
HOUSEHOLD_1_238,A,1.2323287671232876,1.3508809996924525,11140.14,1.239370876324426,Medium Risk,395,398.3788511398062,3.3788511398062155,0.8554053518496748
HOUSEHOLD_1_107,A,1.5454794520547945,1.584986287697573,19630.68,1.2393609887550814,Medium Risk,423,408.4010880359593,-14.598911964040724,-3.451279424123103
HOUSEHOLD_1_119,A,2.1041095890410957,1.8912933421172584,28723.2,1.2393234760015552,Medium Risk,647,641.5207833752721,-5.479216624727883,-0.8468650115499046
FOODS_3_496,A,1.4021917808219178,1.4784078955619855,20369.64,1.2392642784105288,Medium Risk,391,407.5230297945795,16.523029794579486,4.225838822143091
HOUSEHOLD_1_197,A,1.2306849315068493,1.3415961836549772,22150.34,1.23918592115662,Medium Risk,397,382.8041760068473,-14.195823993152715,-3.575774305580029
HOUSEHOLD_1_129,A,1.2731506849315068,1.3749778908632115,18302.2,1.2391684665819687,Medium Risk,375,348.5248806595625,-26.475119340437516,-7.06003182411667
HOUSEHOLD_1_055,A,1.8772602739726028,1.7717843202191828,27000.74,1.2391524150490782,Medium Risk,602,557.9613839291585,-44.0386160708415,-7.315384729375664
FOODS_3_765,A,0.9643835616438357,1.10572513752362,10497.46,1.2390901997913772,Medium Risk,295,283.6740424162777,-11.3259575837223,-3.839307655499084
HOUSEHOLD_1_456,A,1.9284931506849314,1.7892784364632355,49061.83,1.239023310008429,Medium Risk,525,531.8080587056743,6.808058705674284,1.2967730867951017
FOODS_2_217,A,1.4926027397260273,1.529673631176015,21683.04,1.2389997558031498,Medium Risk,401,380.6527927828728,-20.34720721712722,-5.074116512999307
FOODS_3_094,A,1.1753424657534246,1.2807768630625598,12749.199999999999,1.238817708386473,Medium Risk,359,329.46137546398137,-29.53862453601863,-8.228029118668143
HOUSEHOLD_1_188,A,1.1432876712328768,1.2539944997968493,16608.54,1.2388157373893196,Medium Risk,381,369.6807450628029,-11.319254937197115,-2.970933054382445
HOUSEHOLD_1_285,A,1.8227397260273972,1.7178565518016173,18179.96,1.2387625619419749,Medium Risk,632,609.1730925613662,-22.82690743863384,-3.6118524428218097
FOODS_2_304,A,1.641917808219178,1.6098649854571863,23792.210000000003,1.2386888607479996,Medium Risk,512,465.37321244516727,-46.62678755483273,-9.106794444303269
HOUSEHOLD_1_243,A,2.1441095890410957,1.856026333504364,15417.22,1.2386283558149438,Medium Risk,695,642.8288859201913,-52.17111407980872,-7.506635119396937
HOUSEHOLD_1_182,A,0.9424657534246575,1.0700227570131138,13650.980000000001,1.2386273936015104,Medium Risk,307,297.52268983484606,-9.477310165153938,-3.087071715033856
FOODS_2_035,A,1.8821917808219177,1.7380798243904814,34348.44,1.2385996930399847,Medium Risk,535,536.8447638089048,1.8447638089047587,0.3448156652158427
HOUSEHOLD_1_030,A,1.0783561643835617,1.190027777170543,19132.08,1.2385906049422346,Medium Risk,269,286.2599293814851,17.259929381485108,6.416330625087401
HOBBIES_1_089,A,1.0101369863013698,1.1294198438804097,29385.39,1.2385680958858745,Medium Risk,284,291.51474612459083,7.514746124590829,2.646037367813672
HOBBIES_1_099,A,1.127945205479452,1.2289610195038225,57555.66,1.2385083419989031,Medium Risk,333,311.24416201723335,-21.75583798276665,-6.533284679509505
HOUSEHOLD_2_490,A,1.6323287671232876,1.5880639675743868,20733.84,1.238409286941343,Medium Risk,498,480.40239611745966,-17.59760388254034,-3.53365539810047
HOUSEHOLD_1_510,A,1.4331506849315068,1.4522818974094651,25476.34,1.2382875842668783,Medium Risk,480,459.15978647788637,-20.84021352211363,-4.341711150440339
HOUSEHOLD_1_539,A,1.815890410958904,1.6815767271936757,26313.16,1.2382474430697734,Medium Risk,592,572.7215909736235,-19.278409026376494,-3.2564880112122454
FOODS_3_169,A,1.692054794520548,1.61045072739471,24579.52,1.2381883671728051,Medium Risk,503,502.2769745021746,-0.7230254978254038,-0.14374264370286358
FOODS_3_596,A,1.4791780821917808,1.4742623866229803,16100.38,1.2381057509494977,Medium Risk,426,412.4019172024005,-13.598082797599488,-3.192038215398941
HOUSEHOLD_1_109,A,1.5712328767123287,1.5269551620406698,22437.760000000002,1.2379854993033241,Medium Risk,683,635.3005856151316,-47.69941438486842,-6.983808841122756
HOUSEHOLD_1_396,A,1.1435616438356164,1.217256674505373,16570.780000000002,1.237888639795026,Medium Risk,338,348.52701991789706,10.527019917897064,3.114502934289072
HOUSEHOLD_1_138,A,1.3298630136986302,1.356535183433644,23978.760000000002,1.2378150134402268,Medium Risk,326,323.7604638107453,-2.239536189254693,-0.6869742911824211
HOUSEHOLD_1_082,A,1.3961643835616437,1.3977575021817668,17734.079999999998,1.2376993716260887,Medium Risk,428,411.46926238846845,-16.53073761153155,-3.8623218718531658
HOBBIES_1_423,A,0.9336986301369863,1.0316922469585625,26514.24,1.2376993567784262,Medium Risk,249,250.27427420391612,1.2742742039161215,0.5117567084000488
FOODS_3_533,A,1.3942465753424658,1.3958478122089457,25343.22,1.2376872375110537,Medium Risk,410,427.0535165373456,17.053516537345615,4.159394277401369
HOUSEHOLD_1_122,A,1.4153424657534246,1.4097826811177907,11675.159999999998,1.2376774521376046,Medium Risk,533,494.97699940064837,-38.02300059935163,-7.13377121939055
HOUSEHOLD_1_153,A,1.7742465753424657,1.6238476258898256,12757.72,1.237669567799855,Medium Risk,551,547.6463452999653,-3.3536547000346673,-0.6086487658865095
FOODS_2_338,A,1.530958904109589,1.4675630144494647,16596.36,1.2373468397630407,Medium Risk,605,560.5163135071348,-44.48368649286522,-7.352675453366151
HOBBIES_1_194,A,1.350958904109589,1.3417655490674154,13678.02,1.237180471666411,Medium Risk,382,367.7670381563347,-14.232961843665294,-3.725906241797197
HOBBIES_1_148,A,1.2608219178082192,1.2749776363571632,22457.76,1.237117350572014,Medium Risk,350,349.8881071255814,-0.11189287441857232,-0.031969392691020664
HOBBIES_1_141,A,1.2419178082191782,1.2569768653599018,63371.340000000004,1.2370214144576637,Medium Risk,420,398.1703017860107,-21.829698213989275,-5.19754719380697
HOUSEHOLD_1_259,A,1.361917808219178,1.3196770176436394,37183.08,1.2365566926821492,Medium Risk,459,426.06218675531613,-32.937813244683866,-7.175994170955091
HOUSEHOLD_1_079,A,1.4657534246575343,1.3603051237202886,25885.37,1.236051451816739,Medium Risk,535,482.4458560955069,-52.55414390449312,-9.823204468129553
FOODS_3_234,B,10.946027397260274,18.939507684424672,8168.900000000001,0.9200879861452288,Medium Risk,2508,2263.162107265954,-244.8378927340459,-9.762276424802469
HOBBIES_1_234,B,6.228219178082192,16.5387417603246,6819.9,0.9162497576939744,Medium Risk,1810,1767.5453280895902,-42.45467191040984,-2.3455619840005437
HOUSEHOLD_2_073,B,0.06684931506849315,0.265742375054306,5116.679999999999,0.9144351003901704,Medium Risk,16,25.224052230240478,9.224052230240478,57.65032643900299
HOUSEHOLD_2_446,B,0.0747945205479452,0.2936157707828395,7083.719999999999,0.9130634293554766,Medium Risk,21,28.451147479124764,7.451147479124764,35.481654662498876
HOUSEHOLD_2_211,B,0.08164383561643836,0.310442243706504,5954.04,0.9095732919084396,Medium Risk,26,34.74017302767312,8.740173027673123,33.61605010643508
FOODS_3_007,B,8.247945205479452,16.148432906491127,6181.62,0.909246329128767,Medium Risk,2372,2018.5526213845988,-353.44737861540125,-14.900816973667844
FOODS_3_070,B,7.56,15.281064214926122,5738.55,0.9066367284370445,Medium Risk,2465,2520.12423006989,55.12423006989002,2.2362770819428
FOODS_3_498,B,8.003013698630136,15.185407229437294,6050.400000000001,0.9059370080154522,Medium Risk,2451,2592.452005080251,141.45200508025118,5.7711956377091465
FOODS_3_752,B,8.641369863013699,13.662469503643134,6507.900000000001,0.9009723539631856,Medium Risk,2824,2506.907115669041,-317.0928843309589,-11.228501569793162
HOUSEHOLD_2_357,B,0.17589041095890412,0.6120822312071235,5116.74,0.9009314335474727,Medium Risk,49,47.94574422743173,-1.0542557725682684,-2.151542392996466
FOODS_3_422,B,0.9534246575342465,3.1111712800550917,6620.219999999999,0.8997207126070932,Medium Risk,1081,999.5351925198273,-81.46480748017268,-7.5360598964082035
FOODS_3_711,B,7.8093150684931505,13.395447205443999,5862.55,0.8994663850887639,Medium Risk,1904,1848.4886602550603,-55.51133974493973,-2.9155115412258263
FOODS_3_412,B,6.698904109589041,12.732293177715006,5050.85,0.8976331936458382,Medium Risk,1700,1643.3195078824747,-56.68049211752532,-3.3341465951485483
FOODS_3_261,B,0.3304109589041096,1.073552149906991,4799.88,0.8953081519429378,Medium Risk,604,569.4797678989822,-34.52023210101777,-5.715270215400293
HOBBIES_1_360,B,0.11041095890410958,0.36212293249815614,6016.34,0.89477034363457,Medium Risk,30,37.69249686016305,7.692496860163047,25.64165620054349
FOODS_3_547,B,7.303013698630137,12.056831565851846,5485.67,0.8943607542392481,Medium Risk,1770,1758.4959918656775,-11.504008134322476,-0.6499439623911003
HOUSEHOLD_2_131,B,0.12630136986301368,0.4117934854041615,5606.67,0.8943171482137522,Medium Risk,58,63.01499536710168,5.014995367101683,8.646543736382212
HOUSEHOLD_2_233,B,0.11671232876712329,0.37468559870218693,5306.22,0.8928194879054279,Medium Risk,40,42.952726388066424,2.9527263880664236,7.381815970166058
HOBBIES_1_133,B,0.13013698630136986,0.41259458551910744,5981.04,0.8917624718811965,Medium Risk,16,13.4936807332152,-2.5063192667848,-15.664495417405
HOUSEHOLD_1_085,B,0.11835616438356164,0.37196571335519507,7201.4400000000005,0.890892295462525,Medium Risk,31,36.969961510675574,5.969961510675574,19.257940357017983
HOUSEHOLD_1_183,B,0.2958904109589041,0.9140117462205882,5270.4,0.8904938664913618,Medium Risk,200,227.5620314817506,27.56203148175061,13.781015740875304
HOUSEHOLD_2_204,B,0.13095890410958905,0.4079914385515743,6174.27,0.8901890633152226,Medium Risk,37,43.93857478492914,6.938574784929138,18.752904824132806
FOODS_2_389,B,0.12821917808219177,0.3966126180911809,6530.46,0.8895354373522182,Medium Risk,34,27.860392175812393,-6.139607824187607,-18.05767007114002
HOUSEHOLD_1_378,B,0.11726027397260275,0.3611029519959406,9621.0,0.8890708442038844,Medium Risk,65,64.76258836300276,-0.237411636997237,-0.36524867230344155
HOBBIES_1_308,B,0.17178082191780822,0.5121953203810113,6454.46,0.8866164734582406,Medium Risk,151,147.67699761136876,-3.323002388631238,-2.200663833530621
HOUSEHOLD_2_107,B,0.1210958904109589,0.3613544510711738,5290.740000000001,0.8863577596589268,Medium Risk,32,38.82940653798239,6.829406537982393,21.341895431194978
HOUSEHOLD_1_049,B,0.41863013698630136,1.2192317002116628,9122.16,0.8862196666448097,Medium Risk,10,7.117232611274416,-2.8827673887255836,-28.827673887255834
HOBBIES_1_389,B,0.12575342465753425,0.3743192150861784,5494.2300000000005,0.886174857520932,Medium Risk,43,46.451524679984935,3.451524679984935,8.026801581360314
FOODS_3_008,B,3.5323287671232877,7.744421965696137,9413.08,0.8856160805093506,Medium Risk,0,7.931475531596442,7.931475531596442,
HOUSEHOLD_2_158,B,0.1421917808219178,0.41918975524849805,5935.68,0.8854618041454669,Medium Risk,0,6.438162214871889,6.438162214871889,
HOUSEHOLD_2_240,B,0.28191780821917806,0.8215557458947158,5113.139999999999,0.8853893474256564,Medium Risk,98,90.84320940421362,-7.156790595786376,-7.302847546720792
FOODS_1_116,B,0.5558904109589041,1.5841343375444314,5435.320000000001,0.8853049253594505,Medium Risk,312,299.1288654060769,-12.871134593923102,-4.1253636518984305
HOBBIES_1_285,B,0.12684931506849315,0.3710061893350034,5037.4400000000005,0.8846953911235451,Medium Risk,45,47.09113921092727,2.091139210927267,4.646976024282815
FOODS_3_238,B,0.5372602739726028,1.5175444787311183,6442.400000000001,0.8844644163033843,Medium Risk,926,942.137602444325,16.13760244432501,1.7427216462554007
FOODS_2_239,B,0.15561643835616437,0.4526375500514202,7817.52,0.8844187294824662,Medium Risk,41,47.4807295939657,6.480729593965698,15.8066575462578
FOODS_1_033,B,0.31123287671232874,0.8921630490087896,6747.65,0.8842123133778603,Medium Risk,52,58.73581686025315,6.735816860253152,12.953493962025291
HOUSEHOLD_2_080,B,0.16219178082191782,0.46997619974182436,5316.16,0.884145103614756,Medium Risk,45,46.66087387233622,1.660873872336218,3.690830827413818
HOBBIES_1_170,B,0.13205479452054794,0.383386701452198,8661.539999999999,0.8841111842549825,Medium Risk,46,51.31404138750275,5.314041387502748,11.552263885875538
FOODS_2_169,B,0.2789041095890411,0.7939334962029772,6327.21,0.8834327168256243,Medium Risk,57,56.5332863576385,-0.4667136423614977,-0.8187958637921011
HOUSEHOLD_2_083,B,0.1917808219178082,0.5494842806612042,6979.000000000001,0.883403837056683,Medium Risk,112,95.26613803521322,-16.733861964786783,-14.940948182845343
HOBBIES_2_131,B,0.25205479452054796,0.7170379964578142,5492.4,0.8832068781146925,Medium Risk,99,94.56637886613031,-4.433621133869693,-4.478405185726962
HOUSEHOLD_2_440,B,1.5276712328767124,3.9017709018232987,5408.72,0.8830817509277529,Medium Risk,893,902.5068963114913,9.506896311491346,1.0646020505589413
FOODS_2_087,B,0.17506849315068493,0.4996933104020857,6992.75,0.8829838004151083,Medium Risk,97,110.6363284050494,13.636328405049397,14.058070520669483
HOUSEHOLD_2_489,B,0.15397260273972602,0.43907130536811795,8122.200000000001,0.8827718935750732,Medium Risk,44,50.721429757331634,6.721429757331634,15.27597672120826
HOUSEHOLD_2_269,B,0.14356164383561643,0.4091223750165032,5748.280000000001,0.8826527659597642,Medium Risk,41,44.48487202335828,3.484872023358278,8.49968786184946
HOUSEHOLD_2_508,B,0.1441095890410959,0.41026776281584043,8304.66,0.882573477466645,Medium Risk,61,63.151449359263054,2.1514493592630544,3.5269661627263185
HOBBIES_1_229,B,0.21452054794520548,0.6035045206820472,5050.41,0.8820618997165313,Medium Risk,61,60.942935941887875,-0.05706405811212534,-0.09354763624938581
FOODS_2_006,B,0.15315068493150685,0.43275987464732085,6129.2300000000005,0.8820236316174599,Medium Risk,76,81.6441889966486,5.6441889966485945,7.4265644692744655
HOBBIES_1_045,B,0.1684931506849315,0.47444323785805775,6506.7,0.881838148231109,Medium Risk,29,32.02996559495629,3.0299655949562876,10.448157223987199
HOBBIES_1_375,B,0.14356164383561643,0.40440629342158574,5177.120000000001,0.8817106551550415,Medium Risk,61,59.486643888297735,-1.5133561117022651,-2.4809116585283038
HOUSEHOLD_1_189,B,0.30273972602739724,0.8389779311527108,6497.4,0.8814256944714772,Medium Risk,42,44.36715550749573,2.367155507495731,5.636084541656502
FOODS_1_072,B,0.4136986301369863,1.1324113469128272,7972.26,0.8811649630116034,Medium Risk,268,250.447148912554,-17.552851087445987,-6.549571301285815
HOBBIES_1_190,B,0.14712328767123287,0.41019977036659794,5353.89,0.8809071791301423,Medium Risk,35,39.52109056155381,4.521090561553812,12.917401604439464
HOBBIES_1_403,B,0.13397260273972603,0.3736627375023078,6469.92,0.8808501061099827,Medium Risk,41,43.570332894348546,2.570332894348546,6.269104620362308
HOUSEHOLD_2_106,B,0.15534246575342467,0.43134287877237176,4785.48,0.880632752461479,Medium Risk,33,44.00786483387303,11.007864833873029,33.3571661632516
HOUSEHOLD_2_150,B,0.19095890410958904,0.5276414435644108,4858.09,0.8804718046391524,Medium Risk,73,69.34409948042762,-3.655900519572384,-5.008082903523814
HOUSEHOLD_2_019,B,0.1578082191780822,0.43708044620813424,5449.1900000000005,0.8804470598066327,Medium Risk,46,48.23056893680016,2.230568936800161,4.8490629060873065
HOUSEHOLD_2_163,B,0.23643835616438355,0.6506850109352302,6885.54,0.8804466229389091,Medium Risk,56,63.76920203142551,7.7692020314255075,13.873575056116977
FOODS_3_117,B,1.1873972602739726,3.014254082137631,8222.32,0.8804459418237437,Medium Risk,926,997.8015491850124,71.80154918501239,7.75394699622164
FOODS_2_154,B,0.16054794520547946,0.44417576313089746,8160.96,0.8803766530283378,Medium Risk,33,26.95980214470652,-6.040197855293481,-18.3036298645257
HOUSEHOLD_2_425,B,0.16054794520547946,0.443558353753282,4945.84,0.8802663652046927,Medium Risk,38,44.1569371816454,6.156937181645397,16.202466267487885
HOBBIES_1_058,B,0.16575342465753426,0.45658879657060447,5288.24,0.8800661013425557,Medium Risk,61,63.25753630789082,2.257536307890817,3.700879193263634
FOODS_2_254,B,0.21780821917808219,0.5968406970798124,4898.14,0.879987817992515,Medium Risk,165,163.80599389953184,-1.1940061004681581,-0.7236400608897928
HOUSEHOLD_1_210,B,0.30931506849315066,0.840823189484314,5189.81,0.879949612921221,Medium Risk,60,56.06921284046875,-3.930787159531249,-6.551311932552081
HOUSEHOLD_2_506,B,0.20712328767123286,0.5675559025566291,5269.32,0.879918227074399,Medium Risk,58,62.52214025261705,4.522140252617049,7.796793538994913
HOBBIES_1_018,B,0.14356164383561643,0.3948051608055136,6224.530000000001,0.8797926792691018,Medium Risk,58,57.9548648633983,-0.045135136601700765,-0.07781920103741512
HOBBIES_1_274,B,0.1726027397260274,0.4732528769592209,6221.52,0.8797441194048357,Medium Risk,83,79.54268901895982,-3.4573109810401803,-4.1654349169158795
HOUSEHOLD_2_032,B,0.17095890410958905,0.46861534425397416,5721.61,0.8797116684763966,Medium Risk,62,59.06669847365913,-2.9333015263408697,-4.731131494098177
HOBBIES_1_385,B,0.1926027397260274,0.5260024877772699,6858.43,0.8795620226485276,Medium Risk,112,93.98672673750386,-18.013273262496142,-16.083279698657268
HOBBIES_1_024,B,0.25780821917808217,0.6985092503729028,8103.26,0.8793620824343311,Medium Risk,76,73.9457822164894,-2.0542177835105946,-2.7029181361981505
FOODS_2_337,B,0.23232876712328768,0.6284096264921298,5312.45,0.8790665628624601,Medium Risk,139,166.00308007027422,27.003080070274223,19.4266763095498
FOODS_3_664,B,1.210958904109589,3.0015781746372436,8390.699999999999,0.8788809157935347,Medium Risk,1191,1173.1777774028808,-17.822222597119207,-1.4964082785154664
HOUSEHOLD_2_164,B,0.21397260273972601,0.578193147937914,6615.070000000001,0.878872506698601,Medium Risk,68,68.78481509735084,0.7848150973508439,1.1541398490453587
HOUSEHOLD_2_120,B,0.1832876712328767,0.496184551131849,5311.860000000001,0.8788169959265574,Medium Risk,90,94.67416734625566,4.674167346255658,5.193519273617397
FOODS_3_618,B,1.0068493150684932,2.532487123290251,7652.98,0.8786160170670007,Medium Risk,1347,1248.6067471800377,-98.3932528199623,-7.304621590197646
HOUSEHOLD_2_208,B,0.1558904109589041,0.42150286267170833,7372.27,0.878546138543036,Medium Risk,53,57.299340153311405,4.299340153311405,8.111962553417746
HOUSEHOLD_1_163,B,0.17917808219178083,0.4834383832384539,6526.92,0.8785310952483573,Medium Risk,54,55.50919920388137,1.5091992038813729,2.7948133405210607
HOUSEHOLD_2_473,B,0.18876712328767123,0.5078014158107161,5491.33,0.8783635612272092,Medium Risk,59,62.59893240400659,3.5989324040065895,6.0998854305196435
HOUSEHOLD_2_378,B,0.2284931506849315,0.61260995731794,5821.320000000001,0.878360969264048,Medium Risk,89,84.76504282795047,-4.234957172049533,-4.758378844999476
FOODS_2_096,B,0.16712328767123288,0.4503446487872358,4859.4800000000005,0.8783558791382226,Medium Risk,55,59.73935445559253,4.739354455592533,8.617008101077332
FOODS_1_069,B,0.8813698630136987,2.223940662874842,8613.460000000001,0.8780381765694683,Medium Risk,539,530.0152053272599,-8.984794672740122,-1.666937787150301
HOUSEHOLD_1_332,B,0.22767123287671232,0.607752330678523,8091.54,0.8780213669502874,Medium Risk,142,115.0271007341603,-26.9728992658397,-18.994999482985705
HOUSEHOLD_2_320,B,0.18356164383561643,0.48856861043318517,5673.660000000001,0.8775130101675264,Medium Risk,1,6.5730135415721005,5.5730135415721005,557.3013541572101
HOUSEHOLD_2_091,B,0.17534246575342466,0.4669923890756604,5740.8,0.877509163230041,Medium Risk,52,52.927646631535346,0.927646631535346,1.7839358298756653
HOBBIES_1_094,B,0.20191780821917807,0.5359599832859504,9558.890000000001,0.8774230347307022,Medium Risk,73,67.08779921426952,-5.912200785730477,-8.098905185932159
HOUSEHOLD_2_156,B,0.18164383561643835,0.48280096973114656,4892.25,0.877395956487863,Medium Risk,49,60.746349872110294,11.746349872110294,23.972142596143456
FOODS_2_129,B,0.1747945205479452,0.464255665632835,6047.9400000000005,0.8772960562919713,Medium Risk,53,56.71969661339972,3.7196966133997194,7.018295496980602
FOODS_2_195,B,0.5041095890410959,1.2970060974055395,5880.31,0.8770316361914112,Medium Risk,164,190.58430282607657,26.584302826076566,16.20994074760766
HOUSEHOLD_2_216,B,0.18876712328767123,0.4985425324215257,4780.66,0.8769568940506002,Medium Risk,68,58.1534051381946,-9.8465948618054,-14.480286561478529
HOUSEHOLD_1_216,B,0.1728767123287671,0.4563473344958176,7553.070000000001,0.8768167907990725,Medium Risk,56,53.06862560798869,-2.931374392011307,-5.234597128591619
HOUSEHOLD_2_239,B,1.2591780821917808,3.0167531459342403,5699.04,0.8768148034854955,Medium Risk,331,338.1088205352789,7.1088205352788805,2.147679920023831
HOUSEHOLD_1_015,B,0.39095890410958906,1.0120000254327635,7693.76,0.876751809203018,Medium Risk,55,55.854832500708014,0.8548325007080138,1.5542409103782069
FOODS_2_226,B,0.1821917808219178,0.47917511156723447,5218.55,0.8765994873063866,Medium Risk,45,50.47286516279141,5.472865162791408,12.161922583980905
FOODS_3_151,B,0.8323287671232876,2.06654073975589,7640.84,0.8765628320465401,Medium Risk,849,830.2700161296796,-18.72998387032044,-2.206122952923491
HOUSEHOLD_2_045,B,0.19616438356164384,0.5149308918103507,6181.09,0.8765442655849246,Medium Risk,60,60.101034018009315,0.10103401800931522,0.16839003001552535
HOUSEHOLD_2_069,B,0.16986301369863013,0.44687181390374026,6634.96,0.8765407316829713,Medium Risk,56,58.20564725205239,2.205647252052387,3.9386558072364055
HOBBIES_1_197,B,0.1558904109589041,0.4089631416609039,7293.7,0.8762392449174096,Medium Risk,43,46.506221804806565,3.5062218048065645,8.154004197224568
HOUSEHOLD_2_328,B,0.1863013698630137,0.4869677511990985,5076.639999999999,0.876161696715003,Medium Risk,82,83.94082680872474,1.9408268087247365,2.366861961859435
HOUSEHOLD_2_414,B,0.2756164383561644,0.7121714914389177,5906.92,0.8758777864758767,Medium Risk,190,186.46056833763436,-3.5394316623656437,-1.8628587696661283
HOUSEHOLD_2_405,B,0.30082191780821915,0.7686116817386868,6190.71,0.8752117069627233,Medium Risk,173,160.68528624588993,-12.314713754110073,-7.118331649774609
HOBBIES_1_188,B,0.17178082191780822,0.4433650888251244,8063.76,0.875125319299555,Medium Risk,67,69.24151292070482,2.241512920704821,3.345541672693763
HOBBIES_1_218,B,0.19506849315068492,0.5018767826681031,7532.96,0.8750409446122849,Medium Risk,29,30.483321634490334,1.4833216344903342,5.114902187897704
HOUSEHOLD_2_166,B,0.22273972602739725,0.5710453513484887,7699.110000000001,0.8749584022207787,Medium Risk,78,77.89156167303635,-0.10843832696365041,-0.13902349610724413
FOODS_3_649,B,0.22356164383561644,0.5724021344440196,5251.200000000001,0.8748674320687508,Medium Risk,66,61.88685972193531,-4.113140278064691,-6.232030724340441
HOBBIES_1_067,B,3.6076712328767124,6.423788202131832,7505.759999999999,0.8742898075180863,Medium Risk,984,964.7028843112062,-19.297115688793838,-1.9610889927636013
HOBBIES_1_278,B,4.167397260273972,6.873215063120858,8667.029999999999,0.8741273430494045,Medium Risk,1221,1164.73999193762,-56.26000806237994,-4.607699268008185
HOBBIES_1_369,B,2.458082191780822,4.9971788855602846,9656.140000000001,0.8741267470326665,Medium Risk,761,770.5190642620777,9.519064262077677,1.2508625837158578
HOBBIES_1_377,B,0.16356164383561644,0.41661626762594384,5947.05,0.8741018763523316,Medium Risk,65,67.90633987525102,2.906339875251021,4.471292115770802
HOUSEHOLD_2_255,B,0.17972602739726026,0.4564028590539762,6540.320000000001,0.8739846877760878,Medium Risk,51,54.675716612600795,3.6757166126007945,7.207287475687832
HOUSEHOLD_2_292,B,0.18109589041095892,0.45975186524190453,6590.17,0.8739729709956283,Medium Risk,48,54.66159248982503,6.661592489825033,13.878317687135485
HOBBIES_1_008,B,4.4210958904109585,6.976760853169081,7745.44,0.8737180334395998,Medium Risk,1156,1075.7332979853459,-80.26670201465413,-6.943486333447589
HOUSEHOLD_2_461,B,0.19232876712328767,0.48574787881747705,6997.38,0.8736693524891892,Medium Risk,53,53.13734523703264,0.13734523703264045,0.2591419566653594
FOODS_2_300,B,0.3221917808219178,0.8023503542195625,7354.72,0.8734923123616709,Medium Risk,222,243.24619234654403,21.246192346544035,9.570356912857674
HOUSEHOLD_2_360,B,0.19452054794520549,0.48993442298056,5658.7,0.8734845692001899,Medium Risk,55,59.71353561359095,4.713535613590949,8.570064751983542
HOUSEHOLD_2_033,B,0.27671232876712326,0.6914346074452995,7039.7,0.8734421758866121,Medium Risk,83,81.1504062063107,-1.8495937936892943,-2.2284262574569813
HOUSEHOLD_2_182,B,0.2284931506849315,0.5714109484427211,5821.320000000001,0.8731899913973715,Medium Risk,76,71.34922600797289,-4.650773992027112,-6.119439463193569
HOBBIES_1_178,B,4.905479452054794,7.109957168086519,8594.26,0.8731462084636058,Medium Risk,1181,1119.2284472534227,-61.7715527465773,-5.230444771090372
FOODS_1_148,B,0.36684931506849316,0.9048737993769788,6873.38,0.8731007137469817,Medium Risk,71,80.49077373440711,9.490773734407114,13.367286949869175
HOBBIES_1_273,B,0.2073972602739726,0.518762856285295,9596.05,0.8730691285727985,Medium Risk,64,68.27317552927224,4.273175529272237,6.67683676448787
FOODS_3_024,B,2.2695890410958905,4.616588234120583,8125.599999999999,0.872946256297307,Medium Risk,182,250.31570952471318,68.31570952471318,37.536104134457794
FOODS_2_362,B,0.21863013698630138,0.5449217841161346,6060.21,0.8728872424051004,Medium Risk,122,116.08806573438686,-5.911934265613141,-4.845847758699296
HOBBIES_1_268,B,5.1528767123287675,7.08413004864011,9027.6,0.8725994399807556,Medium Risk,1582,1547.0583061119607,-34.941693888039254,-2.2087037855903446
HOBBIES_1_309,B,0.28328767123287674,0.6958910346676249,5288.5,0.8722723456415886,Medium Risk,135,126.6126962371824,-8.387303762817595,-6.2128176020871075
FOODS_2_281,B,0.18438356164383563,0.4554441735059475,5242.62,0.8720259296584278,Medium Risk,74,66.16188660692437,-7.838113393075631,-10.59204512577788
HOBBIES_1_163,B,0.19397260273972602,0.47826631428257493,6555.02,0.8719599683995178,Medium Risk,63,62.61389442506965,-0.3861055749303475,-0.6128659919529325
FOODS_2_313,B,0.18712328767123287,0.4615066995029336,6748.040000000001,0.8719355415741247,Medium Risk,76,73.70121145725882,-2.2987885427411783,-3.024721766764708
HOUSEHOLD_2_173,B,0.23863013698630137,0.5855558245344209,5911.3,0.8719085686943778,Medium Risk,105,116.99922102569522,11.99922102569522,11.427829548281162
FOODS_1_132,B,0.729041095890411,1.7055855593479894,5215.56,0.8717868102709744,Medium Risk,253,245.4893885661569,-7.51061143384311,-2.968621120096091
FOODS_3_445,B,0.5610958904109589,1.3333091318250434,5065.5199999999995,0.87176008077257,Medium Risk,208,192.7016526748985,-15.298347325101503,-7.354974675529569
FOODS_3_244,B,0.23917808219178083,0.5853321614042558,8607.779999999999,0.8717240581929115,Medium Risk,112,108.96718228380912,-3.032817716190877,-2.7078729608847114
FOODS_1_164,B,0.41863013698630136,1.0072814038000857,9481.48,0.8716997997487881,Medium Risk,129,119.57766602164459,-9.422333978355411,-7.304134866942179
FOODS_3_093,B,0.9901369863013698,2.25526666158467,6876.719999999999,0.8716964594094863,Medium Risk,1018,992.111198028235,-25.88880197176502,-2.5431043194268192
FOODS_1_015,B,0.5019178082191781,1.1961029457686871,6337.63,0.8715743139547967,Medium Risk,211,197.5057072596012,-13.494292740398805,-6.395399403032609
HOUSEHOLD_2_214,B,0.19835616438356166,0.48614403215685625,4995.650000000001,0.8715644826167,Medium Risk,57,60.12295952587506,3.1229595258750606,5.478876361184317
FOODS_1_174,B,0.3391780821917808,0.8204193084441708,6529.360000000001,0.8715527789320202,Medium Risk,175,181.9609428434245,6.960942843424505,3.977681624814003
HOBBIES_1_288,B,3.3986301369863012,5.879930265419385,7059.509999999999,0.8714957205909035,Medium Risk,942,929.9505056169194,-12.049494383080628,-1.279139531112593
HOUSEHOLD_2_300,B,0.1789041095890411,0.4386679856734445,5204.41,0.8714710454894691,Medium Risk,60,63.430566938023745,3.4305669380237447,5.717611563372907
FOODS_2_027,B,0.6476712328767124,1.5167743179046262,5676.63,0.8713317430350703,Medium Risk,170,167.13505141473155,-2.8649485852684506,-1.685263873687324
FOODS_1_211,B,0.2654794520547945,0.6440805809268138,5890.74,0.871286486019623,Medium Risk,69,74.13671831882229,5.13671831882229,7.444519302640999
HOUSEHOLD_2_022,B,0.2378082191780822,0.5781208788385294,4893.509999999999,0.8712498766085852,Medium Risk,131,129.4206984138029,-1.57930158619709,-1.2055737299214428
HOUSEHOLD_2_124,B,0.27315068493150685,0.6614857354619154,5264.16,0.8712092448034043,Medium Risk,12,23.937647645281153,11.937647645281153,99.4803970440096
HOBBIES_1_118,B,0.17534246575342466,0.42842955457480053,7116.799999999999,0.8712019003002978,Medium Risk,58,57.503462463933225,-0.496537536066775,-0.8560992001151293
FOODS_1_198,B,0.5852054794520548,1.375509183071196,5723.580000000001,0.8711757578443836,Medium Risk,258,259.8622742199161,1.8622742199161166,0.7218117131457816
FOODS_3_391,B,0.5646575342465754,1.3294357873627054,6135.5,0.871156432749174,Medium Risk,361,334.7056303916362,-26.29436960836381,-7.283758894283604
HOBBIES_1_117,B,0.18958904109589042,0.46198434804165506,8774.56,0.871103757164435,Medium Risk,45,52.49583103589879,7.495831035898789,16.65740230199731
HOBBIES_1_051,B,0.22273972602739725,0.5389495285628318,4861.740000000001,0.8708259301317363,Medium Risk,59,64.21857490822839,5.2185749082283905,8.845042217336255
HOBBIES_1_090,B,1.9561643835616438,3.9656992705798975,7711.200000000001,0.8707328359007402,Medium Risk,584,556.0362656386754,-27.963734361324555,-4.788310678308999
HOBBIES_2_009,B,0.27616438356164386,0.6616840547138044,6017.76,0.8704913448867233,Medium Risk,107,110.66086155847601,3.6608615584760145,3.421365942500948
HOBBIES_1_419,B,0.24383561643835616,0.5855167794160689,5322.200000000001,0.870435156026974,Medium Risk,63,68.93186109082632,5.931861090826317,9.415652525121137
HOBBIES_1_390,B,0.18767123287671234,0.4528903569131129,8033.29,0.8704158629608411,Medium Risk,74,73.00600027650628,-0.9939997234937152,-1.3432428695861016
HOUSEHOLD_2_186,B,0.22493150684931507,0.5405789535891127,8193.58,0.8703716203166814,Medium Risk,81,85.7673632081258,4.767363208125801,5.885633590278766
FOODS_1_035,B,0.7863013698630137,1.7876678635526901,7689.8,0.8702633034139693,Medium Risk,322,292.42998536254913,-29.570014637450868,-9.18323435945679
HOUSEHOLD_1_133,B,0.5068493150684932,1.1836476925147208,5772.0,0.8702363543512494,Medium Risk,141,144.95814068874463,3.958140688744635,2.8071919778330745
HOUSEHOLD_2_293,B,0.20273972602739726,0.4837656604534491,5527.8,0.8697365376062094,Medium Risk,64,67.8303491452131,3.8303491452131055,5.984920539395477
HOUSEHOLD_1_146,B,0.35534246575342465,0.8349912693067673,7733.860000000001,0.869677320181359,Medium Risk,285,220.41031151506098,-64.58968848493902,-22.66304859120667
HOUSEHOLD_1_402,B,0.2421917808219178,0.5739151396248943,6152.22,0.8695182001433732,Medium Risk,119,110.50268247613634,-8.497317523863657,-7.1406029612299635
HOBBIES_1_069,B,0.19726027397260273,0.46938984865366223,9525.6,0.8695121078309863,Medium Risk,59,63.331760037297165,4.331760037297165,7.34196616491045
HOBBIES_1_398,B,3.3734246575342466,5.614793280947409,7014.28,0.8694501586309192,Medium Risk,1091,1065.3680932989546,-25.63190670104541,-2.3493956646237772
FOODS_2_090,B,0.28328767123287674,0.6665233455951894,9214.94,0.869299302605294,Medium Risk,146,132.34334781910954,-13.656652180890461,-9.353871356774288
HOBBIES_1_348,B,4.97068493150685,6.46375868140949,8708.22,0.8692924228909447,Medium Risk,1362,1208.5072838140093,-153.49271618599073,-11.26965610763515
HOUSEHOLD_1_237,B,0.4523287671232877,1.0462326161848219,9701.12,0.8692454544232161,Medium Risk,153,127.8233510524292,-25.176648947570797,-16.455326109523398
FOODS_3_614,B,1.710958904109589,3.4706640299723177,6027.32,0.8691889220429765,Medium Risk,117,176.51790166903254,59.51790166903254,50.87000142652354
HOUSEHOLD_2_321,B,0.303013698630137,0.7098853441123004,5804.68,0.8691376543224019,Medium Risk,150,143.3379272038918,-6.662072796108191,-4.441381864072127
HOUSEHOLD_2_347,B,0.24794520547945206,0.5830833430938066,8090.7,0.8690387315920189,Medium Risk,76,74.64977352342301,-1.3502264765769922,-1.7766137849697266
HOBBIES_1_169,B,2.814246575342466,4.993392706937912,5855.04,0.8690023802733468,Medium Risk,756,753.3863835744392,-2.613616425560849,-0.34571645840751974
HOBBIES_1_032,B,3.5923287671232877,5.740658650751221,7473.839999999999,0.8689554966451525,Medium Risk,996,1011.0093380464206,15.009338046420567,1.506961651247045
HOUSEHOLD_2_122,B,0.27123287671232876,0.635455452171849,6896.42,0.8689356656798698,Medium Risk,106,111.6528546956097,5.6528546956097045,5.332881788311042
HOBBIES_1_261,B,3.682739726027397,5.80675872263562,6452.0199999999995,0.868927160723247,Medium Risk,1161,1127.4868570089527,-33.51314299104729,-2.88657562369055
HOUSEHOLD_2_209,B,0.19753424657534246,0.4654632290515728,5746.37,0.868849142520831,Medium Risk,92,84.47934433256675,-7.520655667433246,-8.17462572547092
HOUSEHOLD_2_452,B,0.2895890410958904,0.6762835068433164,6278.58,0.8688381911283173,Medium Risk,113,117.09158742060143,4.091587420601428,3.620873823541087
HOUSEHOLD_2_228,B,0.25260273972602737,0.591596461025032,5043.34,0.8687917146095039,Medium Risk,69,69.18348403290811,0.18348403290811177,0.2659188882726257
FOODS_3_175,B,0.35835616438356166,0.8302433115796015,9535.84,0.8687500162170485,Medium Risk,204,204.215362385143,0.21536238514300976,0.10556979663873028
FOODS_2_076,B,0.22465753424657534,0.5250065762987892,8989.1,0.8684660166543599,Medium Risk,92,84.89131871212544,-7.10868128787456,-7.7268274868201745
FOODS_1_143,B,0.8112328767123288,1.781034910582717,5918.0,0.8681854895604608,Medium Risk,246,245.91449093655635,-0.08550906344365217,-0.03475978188766349
HOBBIES_1_176,B,0.23150684931506849,0.5362641680822696,5016.360000000001,0.8679218482391287,Medium Risk,101,94.68998771782569,-6.310012282174313,-6.247536913043874
HOUSEHOLD_1_309,B,0.28054794520547943,0.6464098428050088,7114.15,0.8678845281470183,Medium Risk,111,103.3767044601178,-7.623295539882207,-6.8678338197137005
HOUSEHOLD_2_466,B,0.2556164383561644,0.5896034179572694,6413.83,0.8677956309660007,Medium Risk,118,123.14166647063209,5.141666470632089,4.357344466637363
HOBBIES_1_019,B,4.077808219178082,5.905622555272866,7143.38,0.8677848148677175,Medium Risk,1312,1298.3185450185676,-13.681454981432353,-1.0427938248042952
HOBBIES_1_341,B,4.4241095890410955,6.051969105259709,7750.74,0.8677117715920771,Medium Risk,1025,931.5554412007974,-93.44455879920258,-9.116542321873421
FOODS_3_176,B,1.0010958904109588,2.13583626514395,5528.3099999999995,0.8676305748496355,Medium Risk,443,414.0750646869119,-28.9249353130881,-6.529330770448781
HOBBIES_1_095,B,0.24438356164383562,0.5628515132639105,6850.5599999999995,0.8676244831224329,Medium Risk,92,94.50500265186962,2.505002651869617,2.722828969423497
HOBBIES_1_417,B,2.309041095890411,4.242944319540591,4803.96,0.8675627987448229,Medium Risk,583,553.1940314317516,-29.80596856824843,-5.112516049442269
HOBBIES_1_340,B,0.2473972602739726,0.5685654962081138,7205.9400000000005,0.867501647126055,Medium Risk,73,77.56001882105978,4.560018821059785,6.246601124739431
FOODS_1_212,B,0.25917808219178085,0.5947651268444762,5657.080000000001,0.8674806759027043,Medium Risk,106,102.11565553703753,-3.884344462962474,-3.6644759084551644
HOUSEHOLD_2_375,B,0.3882191780821918,0.8789261717047849,9563.05,0.8674275774139794,Medium Risk,182,175.735889319539,-6.264110680460988,-3.4418190551983447
HOUSEHOLD_1_264,B,0.23726027397260274,0.5441667553133926,6469.0199999999995,0.8673031810770927,Medium Risk,91,89.30627133491333,-1.6937286650866668,-1.8612402913040293
FOODS_2_305,B,0.2895890410958904,0.6598754176998323,9386.26,0.8672132599165618,Medium Risk,121,112.31399582936922,-8.686004170630781,-7.1785158434965135
HOUSEHOLD_1_263,B,0.26,0.5937142194725896,7021.43,0.8671620023245286,Medium Risk,84,83.59524022813676,-0.4047597718632403,-0.48185687126576227
HOUSEHOLD_2_260,B,0.24136986301369864,0.5521211869379332,6140.57,0.8671548476089272,Medium Risk,66,66.22345882618491,0.22345882618490975,0.3385739790680451
HOBBIES_1_030,B,2.653972602739726,4.626942420495594,6780.9,0.8670837335414919,Medium Risk,860,837.0676637815711,-22.932336218428873,-2.666550723073125
FOODS_1_125,B,0.3443835616438356,0.7782515595879099,6632.76,0.8670262127853547,Medium Risk,238,239.03939748493337,1.0393974849333745,0.43672163232494726
FOODS_2_203,B,0.39643835616438355,0.8895350441979011,5167.19,0.8669018131667613,Medium Risk,174,171.00469466266023,-2.9953053373397722,-1.721439849045846
HOUSEHOLD_2_497,B,0.23397260273972603,0.5323689147089542,5533.92,0.8667601719890552,Medium Risk,67,65.53410281909825,-1.4658971809017487,-2.187906240151864
FOODS_1_037,B,0.7084931506849315,1.5358898781556503,8968.74,0.8667313870205797,Medium Risk,405,396.2599399081739,-8.74006009182608,-2.158039528845946
HOBBIES_1_312,B,3.3435616438356166,5.269112301911865,6956.28,0.8667192385041333,Medium Risk,959,910.714578429833,-48.285421570167046,-5.034976180413665
HOUSEHOLD_2_155,B,0.27945205479452057,0.6318830697108652,6905.4,0.8666457991222063,Medium Risk,110,111.30983950706882,1.3098395070688156,1.1907631882443779
HOUSEHOLD_2_475,B,0.26493150684931505,0.5993536376134276,4796.32,0.8665851975843598,Medium Risk,85,94.65360315316474,9.653603153164738,11.35718018019381
FOODS_1_011,B,0.6698630136986301,1.4544499837190228,6546.0,0.8665813210707289,Medium Risk,296,297.26232285972225,1.2623228597222464,0.42646042558184005
HOUSEHOLD_2_029,B,0.23315068493150684,0.528857247515562,8826.11,0.8665529659488068,Medium Risk,54,57.42468797635888,3.4246879763588822,6.342014771034966
HOBBIES_1_183,B,0.27095890410958906,0.6120695351650183,7893.820000000001,0.8665266400963674,Medium Risk,65,69.35597054569459,4.355970545694589,6.701493147222445
HOUSEHOLD_2_003,B,0.29698630136986304,0.6687780952399731,9687.519999999999,0.8664928770982946,Medium Risk,93,90.34554299226791,-2.6544570077320913,-2.854254847023754
FOODS_2_127,B,0.23342465753424657,0.5284771297542464,6364.44,0.8664316760625118,Medium Risk,90,87.61497942657755,-2.3850205734224517,-2.6500228593582795
HOUSEHOLD_2_431,B,0.27808219178082194,0.6261731276480678,9612.050000000001,0.8663675552564587,Medium Risk,89,92.46683462075374,3.466834620753744,3.895319798599713
HOUSEHOLD_2_326,B,0.2326027397260274,0.5244162537787614,5043.06,0.8661551315598286,Medium Risk,56,68.26089075115223,12.260890751152232,21.8944477699147
FOODS_2_354,B,0.3780821917808219,0.839920420505573,6833.66,0.8661444485034504,Medium Risk,159,157.1855538298976,-1.8144461701024,-1.1411611132719497
FOODS_3_004,B,0.3728767123287671,0.8276389558887488,8138.780000000001,0.8660557653793942,Medium Risk,94,88.89420241697901,-5.105797583020987,-5.431699556405305
FOODS_1_128,B,0.466027397260274,1.0237368340084463,7253.459999999999,0.8659994425374307,Medium Risk,140,148.28764376326365,8.287643763263645,5.919745545188318
HOUSEHOLD_1_433,B,0.27095890410958906,0.6062209795820301,8815.130000000001,0.8659076206517952,Medium Risk,104,105.78368607918402,1.7836860791840223,1.7150827684461751
HOBBIES_1_012,B,0.21534246575342467,0.4839832052052501,5124.719999999999,0.8658417514416976,Medium Risk,82,75.85925426973051,-6.140745730269487,-7.488714305206691
HOBBIES_1_025,B,0.3893150684931507,0.8582428478459118,5652.64,0.8657282387866924,Medium Risk,168,152.66998000431906,-15.330019995680942,-9.125011902191037
HOBBIES_1_150,B,0.7986301369863014,1.6871666840459774,5046.81,0.8657271510140603,Medium Risk,159,139.43413201729115,-19.565867982708852,-12.30557734761563
HOBBIES_1_128,B,0.24191780821917808,0.5408463915220105,7461.589999999999,0.8656731931372509,Medium Risk,72,71.88127877546036,-0.11872122453964096,-0.16489058963839023
HOUSEHOLD_2_280,B,0.2293150684931507,0.5121337498271711,4996.889999999999,0.8655248807360318,Medium Risk,44,57.23252013247309,13.232520132473091,30.073909391984298
HOUSEHOLD_2_234,B,0.27643835616438356,0.6140926725924103,5781.570000000001,0.8654877126130569,Medium Risk,81,74.50435172036168,-6.495648279638317,-8.019318863751009
FOODS_2_265,B,0.3956164383561644,0.8682345012067276,5319.24,0.8654861124073006,Medium Risk,159,153.3483087823658,-5.651691217634209,-3.5545227783862954
HOBBIES_2_070,B,0.24794520547945206,0.5521848254012636,9022.85,0.8654648428594649,Medium Risk,50,53.19219308297127,3.192193082971272,6.384386165942544
HOUSEHOLD_2_259,B,0.26958904109589044,0.5984185753547278,7842.48,0.865394821188934,Medium Risk,89,89.87911516291315,0.879115162913152,0.9877698459698335
FOODS_1_053,B,0.3421917808219178,0.7534705425720503,7220.089999999999,0.8653503471077036,Medium Risk,127,129.3829096274642,2.382909627464187,1.8763067932788875
HOUSEHOLD_1_388,B,0.4123287671232877,0.9013319831156485,5175.26,0.8653446994722345,Medium Risk,1,6.889967314422038,5.889967314422038,588.9967314422038
HOUSEHOLD_2_355,B,0.23068493150684932,0.5133897172988917,9824.26,0.8653095045271394,Medium Risk,78,82.31051480675532,4.310514806755322,5.526301034301694
FOODS_3_326,B,1.8041095890410959,3.3749410378684592,9678.6,0.8652632577554267,Medium Risk,997,970.9056368651073,-26.09436313489266,-2.617288178023336
HOUSEHOLD_1_464,B,0.25315068493150683,0.5609198409733888,8750.28,0.865174600516228,Medium Risk,95,89.06318226225063,-5.936817737749365,-6.249281829209858
HOUSEHOLD_2_090,B,0.3156164383561644,0.6945763070913247,6877.44,0.8651449081831435,Medium Risk,138,131.64082164561242,-6.359178354387581,-4.608100256802595
HOBBIES_1_191,B,0.2482191780821918,0.5488255540763538,8126.820000000001,0.8650079888497108,Medium Risk,84,87.98758722555101,3.9875872255510103,4.747127649465488
FOODS_2_353,B,0.6947945205479452,1.4665355524806138,7172.639999999999,0.8650062543660465,Medium Risk,267,268.0898012439488,1.0898012439487843,0.40816525990591174
FOODS_2_023,B,1.0767123287671232,2.18031506594251,5026.76,0.865005050415088,Medium Risk,358,387.26542786429985,29.265427864299852,8.174700520754149
HOUSEHOLD_2_236,B,0.22493150684931507,0.49837533604299605,6962.08,0.8649906761868035,Medium Risk,68,71.11820966709494,3.118209667094945,4.585602451610213
HOUSEHOLD_2_046,B,0.2515068493150685,0.555279775948691,6370.92,0.8649362223270992,Medium Risk,93,99.85197775673326,6.8519777567332625,7.367718017992756
HOBBIES_1_333,B,0.2673972602739726,0.5892571357562232,4850.719999999999,0.864919933615487,Medium Risk,95,102.83243295364908,7.832432953649075,8.244666266999026
HOBBIES_1_414,B,0.30904109589041096,0.6780029764899599,8144.16,0.8649074233933081,Medium Risk,125,107.5945524248946,-17.4054475751054,-13.92435806008432
FOODS_2_114,B,0.5197260273972603,1.1153135378706633,4854.74,0.8648892138418454,Medium Risk,238,245.71863621424916,7.718636214249159,3.2431244597685547
FOODS_1_013,B,1.5561643835616439,2.9769824165427945,8520.0,0.8648810333958297,Medium Risk,429,454.58113657881637,25.58113657881637,5.9629688994909955
HOUSEHOLD_1_315,B,0.27150684931506847,0.5973213047556869,9392.2,0.8648416028739493,Medium Risk,145,131.03664396474846,-13.963356035251536,-9.629900713966578
HOBBIES_1_189,B,4.368767123287671,5.58453899270526,7652.28,0.8647840325489206,Medium Risk,1478,1404.418562957674,-73.58143704232589,-4.9784463492778
FOODS_3_827,B,1.9734246575342467,3.581965966351437,7194.0,0.8647588582485322,Medium Risk,785,807.0793784433572,22.0793784433572,2.8126596743130188
HOUSEHOLD_2_385,B,0.23671232876712328,0.5217863964866907,6445.88,0.8647404395158266,Medium Risk,79,73.48034287306204,-5.5196571269379575,-6.9869077556176675
HOUSEHOLD_2_273,B,0.3317808219178082,0.7240937153390158,6355.9,0.864725538349063,Medium Risk,143,145.90417891501446,2.9041789150144552,2.0308943461639544
HOBBIES_1_370,B,4.454520547945205,5.597756039740307,7804.0599999999995,0.8647154438750922,Medium Risk,1434,1389.4290916179407,-44.570908382059315,-3.108152606838167
FOODS_2_113,B,0.5317808219178082,1.1362163131124887,5016.1,0.8646989833478728,Medium Risk,239,217.3425508410547,-21.657449158945298,-9.061694208763722
FOODS_2_012,B,0.4421917808219178,0.9515967838096199,5097.0599999999995,0.8645631765322491,Medium Risk,116,121.76021623752935,5.760216237529349,4.965703653042542
FOODS_3_602,B,0.8684931506849315,1.7839512244007794,8488.800000000001,0.8644992156042132,Medium Risk,750,726.4764958428565,-23.52350415714352,-3.1364672209524693
FOODS_2_177,B,0.5408219178082192,1.1505497553118793,6552.45,0.8644928956354676,Medium Risk,222,193.53981124346845,-28.46018875653155,-12.819904845284483
FOODS_3_152,B,0.7824657534246575,1.6204095148910196,7988.54,0.8644279282090825,Medium Risk,18,64.87530206150801,46.87530206150801,260.4183447861556
FOODS_3_198,B,0.32164383561643833,0.6988990553399175,7539.4400000000005,0.8643864402833568,Medium Risk,93,77.83004019830173,-15.169959801698269,-16.311784733008892
FOODS_1_075,B,0.37123287671232874,0.80250011026872,4781.46,0.8643850123840804,Medium Risk,135,146.81384185233733,11.813841852337333,8.75099396469432
FOODS_3_594,B,2.4087671232876713,4.102620310206181,8482.52,0.8643523376708591,Medium Risk,164,246.96043614757494,82.96043614757494,50.58563179730179
FOODS_1_022,B,0.32986301369863014,0.7144986631785829,6403.71,0.8642428805604929,Medium Risk,71,76.07851833782543,5.078518337825429,7.15284272933159
FOODS_1_158,B,0.29753424657534244,0.6464435259003327,5070.74,0.8642246905306379,Medium Risk,99,101.4132540033712,2.4132540033711933,2.437630306435549
FOODS_3_451,B,1.155068493150685,2.2859581389454386,6239.679999999999,0.8641929145627052,Medium Risk,342,344.28168702979224,2.281687029792238,0.6671599502316484
HOBBIES_1_381,B,2.9663013698630136,4.663428177276732,7578.9,0.8641826809595441,Medium Risk,837,862.0714474869247,25.07144748692474,2.9953939649850345
FOODS_1_062,B,0.5213698630136986,1.105658624974633,8124.039999999999,0.8641746730347095,Medium Risk,177,176.77951181971542,-0.22048818028457617,-0.12456959338111649
HOUSEHOLD_2_390,B,0.26493150684931505,0.5769889125693228,5782.660000000001,0.8641642295771333,Medium Risk,91,94.18897205645143,3.1889720564514334,3.5043648971993773
HOUSEHOLD_1_508,B,0.3838356164383562,0.8252732843114833,6830.82,0.8641321355057453,Medium Risk,172,187.23245470300773,15.232454703007733,8.85607831570217
HOBBIES_1_404,B,4.219178082191781,5.4303597686377385,7392.0,0.8640727945977233,Medium Risk,1360,1261.7328576181294,-98.2671423818706,-7.225525175137544
HOUSEHOLD_2_491,B,0.2726027397260274,0.5922122419686816,6929.889999999999,0.8640575249293307,Medium Risk,121,122.15900918076619,1.1590091807661906,0.9578588270794963
FOODS_3_015,B,1.1676712328767123,2.301916058537631,7586.36,0.8640534001407375,Medium Risk,391,371.8643387529752,-19.135661247024814,-4.894031009469262
HOBBIES_1_063,B,0.2441095890410959,0.531676345028704,4873.7699999999995,0.8640343051800222,Medium Risk,71,75.93222518263627,4.932225182636273,6.946796031882075
HOUSEHOLD_2_499,B,1.3257534246575342,2.5638291353063702,9532.83,0.8639954016306284,Medium Risk,484,391.8648299956846,-92.1351700043154,-19.036192149651942
FOODS_3_128,B,0.4547945205479452,0.9676942696310026,4932.88,0.8639491753179275,Medium Risk,141,117.38759960123998,-23.612400398760016,-16.74638326153193
HOUSEHOLD_1_094,B,0.663013698630137,1.3774509135608728,8421.6,0.8638499056763289,Medium Risk,467,449.79840076605575,-17.20159923394425,-3.6834259601593686
HOBBIES_1_016,B,3.1695890410958905,4.789513769061424,8098.299999999999,0.8637404744439647,Medium Risk,1095,1105.0933898253786,10.093389825378608,0.9217707603085487
HOUSEHOLD_2_447,B,0.7597260273972603,1.557369148371414,5462.81,0.8636794982602252,Medium Risk,266,251.33422616861026,-14.665773831389743,-5.513448808793137
FOODS_2_111,B,0.31643835616438354,0.6796404387325505,6880.3,0.8636326377637953,Medium Risk,119,124.98578832733553,5.985788327335527,5.030074224651703
HOUSEHOLD_2_488,B,0.31123287671232874,0.6676241199095552,5670.23,0.8635220853621219,Medium Risk,108,104.44155624873304,-3.5584437512669638,-3.294855325247189
HOBBIES_1_283,B,0.2463013698630137,0.5311804432869713,9552.48,0.8634348308661519,Medium Risk,88,88.56300532412708,0.5630053241270758,0.6397787774171316
FOODS_3_685,B,0.8328767123287671,1.6862780875578733,7508.08,0.863425824486923,Medium Risk,564,564.7407556581721,0.7407556581721337,0.13133965570427902
HOUSEHOLD_2_505,B,0.28849315068493153,0.6192350925484236,5233.41,0.863414449889785,Medium Risk,68,73.477183549391,5.477183549391,8.054681690280884
FOODS_1_021,B,1.7383561643835617,3.164578991115161,6191.98,0.8633987770285072,Medium Risk,314,367.18213181385596,53.18213181385596,16.936984654094257
HOUSEHOLD_2_246,B,0.26246575342465756,0.5644433321458767,7539.46,0.8633643189436312,Medium Risk,73,73.45933755656489,0.45933755656488984,0.629229529540945
HOUSEHOLD_2_095,B,0.290958904109589,0.6227181736304915,6738.139999999999,0.8632519655438404,Medium Risk,94,90.66688400957173,-3.3331159904282686,-3.54586807492369
FOODS_2_229,B,0.7794520547945205,1.5810486045919314,6021.59,0.8631899364020991,Medium Risk,1,6.682355605056134,5.682355605056134,568.2355605056134
HOBBIES_1_256,B,3.783013698630137,5.121118582455938,6627.84,0.8631763176718389,Medium Risk,1011,1026.0637161844488,15.063716184448822,1.48998181844202
HOUSEHOLD_2_071,B,0.2936986301369863,0.6275739147672896,6762.84,0.8631711853044529,Medium Risk,86,92.26241363914822,6.262413639148221,7.2818763245909555
HOBBIES_1_103,B,3.6846575342465755,5.0642904507717015,9414.3,0.8631371416734995,Medium Risk,1143,1137.5706954212797,-5.429304578720348,-0.4750047750411503
HOUSEHOLD_2_114,B,0.30712328767123287,0.6548331589219636,6656.59,0.863124403486538,Medium Risk,91,94.72726560092403,3.727265600924028,4.095896264751679
HOBBIES_1_355,B,0.34684931506849315,0.7364169227493464,5312.32,0.8631223279838025,Medium Risk,288,294.9982866276119,6.99828662761189,2.429960634587462
HOUSEHOLD_1_206,B,0.40493150684931506,0.853717104626527,7271.76,0.8630700470086788,Medium Risk,44,58.585751426509084,14.585751426509084,33.14943506024792
HOBBIES_1_295,B,4.125479452054795,5.246213328854394,7227.639999999999,0.8630278236835129,Medium Risk,1240,1206.6371833255696,-33.362816674430405,-2.690549731808904
HOUSEHOLD_2_361,B,0.2463013698630137,0.5275566280034619,6239.06,0.8630128834597444,Medium Risk,85,81.84788250366698,-3.1521174963330196,-3.7083735250976706
HOUSEHOLD_2_303,B,0.30054794520547945,0.6397148635404544,7613.18,0.8629772370695329,Medium Risk,88,86.05940096570161,-1.940599034298387,-2.205226175339076
FOODS_1_192,B,0.6197260273972602,1.2733088210654437,5064.02,0.8629136791254042,Medium Risk,2,7.016535105004215,5.016535105004215,250.82675525021077
FOODS_2_067,B,0.7315068493150685,1.4844472515828644,5790.02,0.8629068136875305,Medium Risk,8,13.505336719756487,5.505336719756487,68.8167089969561
HOUSEHOLD_2_055,B,0.25945205479452055,0.5538422814371243,8494.59,0.8628895149047096,Medium Risk,106,101.89090289196523,-4.109097108034774,-3.8765067056931835
HOUSEHOLD_1_209,B,0.38904109589041097,0.8189924301649407,4933.820000000001,0.8628776014243548,Medium Risk,1,6.682355605056134,5.682355605056134,568.2355605056134
HOUSEHOLD_2_463,B,0.3693150684931507,0.7789649039859776,7370.54,0.8628670040872505,Medium Risk,99,112.04402643909802,13.044026439098019,13.175784281917192
HOUSEHOLD_2_021,B,0.32109589041095893,0.6788661933133626,5232.929999999999,0.862700018959461,Medium Risk,90,94.06905845428487,4.069058454284871,4.521176060316524
HOUSEHOLD_2_500,B,0.26575342465753427,0.5648465010670235,5664.8,0.8626660059801322,Medium Risk,108,104.10370315149663,-3.8962968485033684,-3.607682267132749
HOBBIES_1_386,B,0.30575342465753425,0.6468464255033066,6539.76,0.8626404125014886,Medium Risk,103,98.47797269145585,-4.522027308544153,-4.3903177752855855
FOODS_2_231,B,0.7545205479452055,1.5195853391282899,6864.67,0.8626154436861699,Medium Risk,232,235.32869343770614,3.3286934377061357,1.434781654183679
HOBBIES_1_310,B,0.34465753424657536,0.7258339854891344,6624.9800000000005,0.8626148347259279,Medium Risk,121,121.12555015896646,0.12555015896646182,0.10376046195575356
HOUSEHOLD_1_375,B,0.30575342465753425,0.6464226193581187,8894.52,0.8626006608646397,Medium Risk,101,97.6465145062283,-3.3534854937717,-3.3202826671006926
HOUSEHOLD_2_058,B,0.2473972602739726,0.5260024877772694,9002.91,0.8625676768598721,Medium Risk,83,79.76154934911385,-3.2384506508861506,-3.901747772151989
FOODS_2_161,B,0.2720547945205479,0.5765228714260722,7417.71,0.8625255849425786,Medium Risk,83,84.63819455462655,1.6381945546265513,1.9737283790681341
FOODS_3_405,B,0.46356164383561643,0.9623857178052938,5932.68,0.8625231274612104,Medium Risk,304,292.569382215609,-11.430617784391018,-3.760071639602308
HOUSEHOLD_2_188,B,0.353972602739726,0.7430443693669837,9354.08,0.8624798078659865,Medium Risk,129,111.62276342446744,-17.377236575532564,-13.470726027544622
HOUSEHOLD_2_222,B,0.46356164383561643,0.9603903384850612,8932.359999999999,0.8623996814477671,Medium Risk,293,292.8668507335609,-0.13314926643909075,-0.045443435644740876
HOBBIES_1_319,B,2.3915068493150686,3.9194247062602137,8417.65,0.8623968964929178,Medium Risk,572,578.3434462050622,6.3434462050621505,1.1089940917940821
HOBBIES_2_053,B,0.323013698630137,0.6777533795934234,5859.63,0.8622535723052149,Medium Risk,30,53.897663656800674,23.897663656800674,79.65887885600225
HOUSEHOLD_2_498,B,0.5076712328767123,1.0436204565347214,5517.5199999999995,0.8622229867454205,Medium Risk,107,119.7127227345135,12.712722734513505,11.881049284592061
FOODS_2_053,B,0.30931506849315066,0.6495952927058715,8118.58,0.8622195911977614,Medium Risk,116,109.578248399166,-6.421751600834,-5.535992759339655
HOBBIES_1_233,B,3.3893150684931506,4.768806312296195,8659.699999999999,0.8621703473952774,Medium Risk,1022,1100.7070629650702,78.70706296507024,7.701278176621354
HOUSEHOLD_2_081,B,0.530958904109589,1.0874356110736825,4980.66,0.8621537546134779,Medium Risk,128,132.35702455102793,4.3570245510279335,3.403925430490573
HOUSEHOLD_2_066,B,0.23972602739726026,0.5062610800569534,6072.5,0.8621078080014659,Medium Risk,65,68.78129095651177,3.781290956511768,5.817370702325797
FOODS_1_019,B,2.60986301369863,4.118698045552453,8978.48,0.8620599212414722,Medium Risk,1858,1856.8628846925108,-1.137115307489239,-0.061201039154426214
HOUSEHOLD_2_088,B,0.29506849315068495,0.6179047759214413,7506.69,0.8619557324683521,Medium Risk,85,92.01778459624829,7.0177845962482905,8.256217172056813
HOUSEHOLD_2_001,B,0.2808219178082192,0.5888238213007883,6938.45,0.8619409064437379,Medium Risk,78,81.36940935584373,3.369409355843729,4.319755584415037
HOUSEHOLD_2_035,B,0.4252054794520548,0.8772389193641265,9218.880000000001,0.8619041173311349,Medium Risk,113,108.44071861952358,-4.5592813804764205,-4.034762283607451
FOODS_3_810,B,0.863013698630137,1.695310286084656,7862.34,0.8618923478065208,Medium Risk,496,472.1889516777312,-23.81104832226879,-4.800614581102578
FOODS_2_200,B,0.4454794520547945,0.915691055914526,7404.92,0.8618173621696655,Medium Risk,172,161.0846807084886,-10.915319291511395,-6.346115867157788
HOUSEHOLD_2_296,B,0.27643835616438356,0.5787110394229076,4823.02,0.8618170990041838,Medium Risk,72,81.41666863895917,9.416668638959166,13.078706442998842
FOODS_2_207,B,0.2791780821917808,0.5840009831561689,7937.3,0.8617889672986719,Medium Risk,85,84.57374255472808,-0.426257445271915,-0.5014793473787236
HOUSEHOLD_2_028,B,0.25643835616438354,0.5374374860573128,5559.84,0.8617549475993328,Medium Risk,62,64.64453022556978,2.644530225569781,4.265371331564164
HOUSEHOLD_2_268,B,0.2964383561643836,0.6170265464392316,5918.54,0.8616020635548535,Medium Risk,95,88.89140399683329,-6.10859600316671,-6.4301010559649585
FOODS_2_377,B,0.6457534246575343,1.2924045220590112,6038.32,0.861554331732005,Medium Risk,330,324.31879775987903,-5.681202240120967,-1.721576436400293
HOUSEHOLD_2_443,B,0.33506849315068493,0.6939450044424694,5699.18,0.8615521343693655,Medium Risk,77,79.54270600374761,2.542706003747611,3.3022155892826115
HOUSEHOLD_2_305,B,0.25945205479452055,0.541330664652045,5180.09,0.8615065364440485,Medium Risk,74,67.80676933866518,-6.193230661334823,-8.369230623425436
HOUSEHOLD_1_432,B,0.49945205479452054,1.0143528628475953,7191.83,0.8614597045670894,Medium Risk,192,183.06898540001495,-8.931014599985048,-4.651570104158878
FOODS_3_334,B,0.7252054794520548,1.4360756466083868,7876.0599999999995,0.8614590485756085,Medium Risk,484,473.6605326737444,-10.339467326255601,-2.1362535798048765
FOODS_2_390,B,0.33315068493150685,0.6887278551111047,8532.32,0.8614325918976646,Medium Risk,135,131.56222584828862,-3.4377741517113805,-2.5464993716380597
HOUSEHOLD_2_349,B,0.5180821917808219,1.048992597073684,9398.27,0.8614026781484778,Medium Risk,176,179.64833335897222,3.6483333589722236,2.072916681234218
HOUSEHOLD_2_256,B,0.38082191780821917,0.7825616413147718,8256.6,0.8613842012614457,Medium Risk,145,146.06963258158197,1.0696325815819705,0.7376776424703244
FOODS_2_234,B,0.56,1.1280523282887345,5294.8,0.8613747925317232,Medium Risk,244,227.29390967329346,-16.706090326706544,-6.846758330617436
HOBBIES_1_187,B,0.3134246575342466,0.6486789475769558,7906.72,0.8613724933970877,Medium Risk,88,90.73016399169035,2.730163991690347,3.102459081466303
HOUSEHOLD_2_226,B,0.30356164383561646,0.6281192261818582,7718.719999999999,0.8612951352719886,Medium Risk,128,136.3215909223318,8.321590922331808,6.501242908071725
FOODS_3_214,B,1.5347945205479452,2.7497268653262767,5371.08,0.8612609293901922,Medium Risk,600,560.707003466405,-39.29299653359499,-6.548832755599164
HOBBIES_1_244,B,3.9427397260273973,4.920442216298224,6907.38,0.8611721299863222,Medium Risk,1009,1040.7499073839608,31.749907383960817,3.146670702077385
FOODS_3_177,B,0.9153424657534247,1.7613773620500195,9677.16,0.8610784943695439,Medium Risk,342,360.6771284369483,18.677128436948294,5.461148665774354
HOBBIES_1_007,B,0.2567123287671233,0.5319242636808981,7383.5599999999995,0.8610766551973561,Medium Risk,88,85.4546660629949,-2.545333937005097,-2.892424928414883
FOODS_3_754,B,0.3747945205479452,0.7663949511358019,8528.84,0.8610560967118845,Medium Risk,83,82.9141153197129,-0.08588468028709428,-0.10347551841818588
FOODS_1_111,B,0.336986301369863,0.6912336903036997,7355.400000000001,0.8609957176171953,Medium Risk,110,121.86878306918673,11.868783069186733,10.789802790169757
FOODS_3_583,B,1.1432876712328768,2.1373795849722828,6215.55,0.860974915023967,Medium Risk,418,401.29913618692973,-16.70086381307027,-3.9954219648493474
FOODS_3_696,B,0.3821917808219178,0.779611821277374,6292.22,0.8609604450876902,Medium Risk,156,162.05914555086144,6.0591455508614445,3.8840676608086184
FOODS_3_341,B,0.3663013698630137,0.7479312966978996,5320.26,0.8609155718967313,Medium Risk,93,98.033314481931,5.033314481931001,5.412166109603227
FOODS_3_692,B,3.0994520547945204,4.425470602455209,9044.400000000001,0.8609011733554006,Medium Risk,1036,1044.6358318623868,8.635831862386794,0.8335745040913894
FOODS_3_771,B,0.6221917808219178,1.2332742288650729,5698.35,0.8608507218841361,Medium Risk,331,335.3256809022915,4.325680902291481,1.3068522363418371
FOODS_1_209,B,0.6153424657534247,1.220310984484643,5031.040000000001,0.8608352023225494,Medium Risk,6,7.70106232013813,1.7010623201381296,28.351038668968826
FOODS_3_148,B,2.336164383561644,3.7277347158346443,8167.179999999999,0.8608008780625847,Medium Risk,854,892.0215027467704,38.02150274677035,4.452166597982476
HOUSEHOLD_2_257,B,0.3673972602739726,0.7462926134112361,7683.93,0.8606200447309322,Medium Risk,96,95.86603847712465,-0.133961522875353,-0.1395432529951594
HOBBIES_1_084,B,0.4019178082191781,0.8098777985599382,6169.82,0.8603758821085612,Medium Risk,336,337.75332402682284,1.7533240268228383,0.5218226270306066
HOUSEHOLD_1_360,B,0.34876712328767123,0.7068198209332585,5040.09,0.8603661219454498,Medium Risk,116,109.86920779329382,-6.130792206706175,-5.2851656954363575
HOUSEHOLD_2_284,B,0.4243835616438356,0.852129642838025,9201.060000000001,0.8603166004999167,Medium Risk,159,154.25625446249342,-4.743745537506584,-2.983487759438103
HOBBIES_1_209,B,2.5583561643835617,3.910343183649974,6511.849999999999,0.8603039047158408,Medium Risk,874,807.1444312955986,-66.85556870440143,-7.649378570297646
FOODS_3_796,B,0.5663013698630137,1.118181669600234,6097.2,0.8602726702314235,Medium Risk,135,127.53082559116733,-7.4691744088326715,-5.532721784320498
HOUSEHOLD_2_082,B,0.44054794520547946,0.8818375182737079,9039.65,0.8602417090668497,Medium Risk,100,99.0156346768262,-0.9843653231738045,-0.9843653231738047
HOUSEHOLD_1_115,B,0.3884931506849315,0.780889289403052,7002.97,0.8601464416437212,Medium Risk,152,149.56545293084383,-2.4345470691561673,-1.6016757033922153
HOUSEHOLD_2_323,B,0.3717808219178082,0.7481581338322695,5387.29,0.8601053014750337,Medium Risk,104,101.6186114753778,-2.3813885246221957,-2.289796658290573
FOODS_2_257,B,2.306027397260274,3.639148282014257,8417.0,0.8601032195048813,Medium Risk,705,726.3905463003435,21.390546300343544,3.0341200426019213
FOODS_2_260,B,0.5704109589041096,1.1216013959077342,5310.84,0.8600630847297871,Medium Risk,261,271.2763942373661,10.276394237366105,3.937315799757128
HOUSEHOLD_2_146,B,0.31972602739726025,0.646655863217563,7547.5599999999995,0.8600617903010934,Medium Risk,125,143.27325357166907,18.273253571669073,14.618602857335258
FOODS_1_167,B,0.4641095890410959,0.9216792073681079,8229.12,0.8599409878682538,Medium Risk,134,130.8687125106771,-3.1312874893228866,-2.3367817084499154
HOBBIES_1_298,B,0.410958904109589,0.82099766922875,6317.44,0.8599387361637165,Medium Risk,313,315.9837545707935,2.983754570793508,0.9532762207008012
FOODS_3_483,B,0.6493150684931507,1.2619528042486619,6989.54,0.8599174444502521,Medium Risk,9,16.81535899121187,7.81535899121187,86.83732212457633
HOUSEHOLD_1_520,B,0.44438356164383563,0.8833296494891782,8886.01,0.8598672109419917,Medium Risk,217,224.33227377742597,7.332273777425968,3.3789280080303996
HOUSEHOLD_2_329,B,0.4986301369863014,0.9850197709766209,4950.400000000001,0.8598633300280878,Medium Risk,149,134.6562828068915,-14.343717193108489,-9.626655834301
HOUSEHOLD_2_444,B,0.3391780821917808,0.6817709304467594,7822.36,0.8598295806713884,Medium Risk,119,129.86772117534983,10.867721175349828,9.132538802814983
FOODS_2_332,B,0.4915068493150685,0.9704085292856145,6326.16,0.8597859922382269,Medium Risk,107,116.74443592691455,9.744435926914548,9.106949464406119
HOBBIES_1_252,B,1.9868493150684932,3.2555944541612196,4930.58,0.8597826326815707,Medium Risk,446,454.36023752102585,8.360237521025851,1.8744927177188009
HOUSEHOLD_2_193,B,0.34164383561643835,0.6847535351807482,6160.18,0.8596797733131226,Medium Risk,139,141.83211400751458,2.8321140075145763,2.0374920917371053
FOODS_2_124,B,0.49068493150684933,0.9664392053545162,5051.099999999999,0.8596435530806686,Medium Risk,94,89.51695611842658,-4.483043881573423,-4.7691956186951305
HOBBIES_1_159,B,0.536986301369863,1.0516279318369923,6350.400000000001,0.8596209084179489,Medium Risk,150,163.30391529283756,13.303915292837559,8.869276861891706
FOODS_2_335,B,0.37917808219178084,0.7559424822801779,4926.82,0.8596157991758695,Medium Risk,122,121.48281741874135,-0.5171825812586519,-0.42392014857266547
HOUSEHOLD_2_139,B,0.3402739726027397,0.6808220745428398,7253.28,0.8595710092842574,Medium Risk,127,125.54338109418669,-1.4566189058133148,-1.1469440203254446
FOODS_3_106,B,2.1846575342465755,3.4635296296884386,7974.0,0.859530814103899,Medium Risk,785,832.7636099055441,47.76360990554406,6.0845362936998795
HOUSEHOLD_2_476,B,0.35863013698630136,0.7150178465453184,5193.780000000001,0.8594867544882007,Medium Risk,137,117.70317378174478,-19.29682621825522,-14.085274611865122
HOUSEHOLD_2_191,B,0.48904109589041095,0.9604485403676414,9694.2,0.8594715266791517,Medium Risk,139,147.41377789640896,8.41377789640896,6.053077623315798
FOODS_2_159,B,0.3493150684931507,0.696784944895523,5061.75,0.8594546186753,Medium Risk,117,109.65767723360617,-7.342322766393835,-6.275489543926355
FOODS_3_179,B,0.3567123287671233,0.7107907561482607,6481.960000000001,0.8594419708692767,Medium Risk,107,104.14875466613032,-2.8512453338696844,-2.6647152652987707
FOODS_2_190,B,0.5723287671232876,1.1119083368189038,5386.15,0.8594007640421301,Medium Risk,272,273.67853760756077,1.67853760756077,0.6171094145444008
FOODS_3_187,B,0.793972602739726,1.5029948541907365,7244.48,0.8594001953593748,Medium Risk,441,437.26916166600586,-3.730838333994143,-0.8459950870735018
FOODS_3_352,B,0.5293150684931507,1.0332063145771575,7475.16,0.8593873982807892,Medium Risk,245,238.31510935786943,-6.6848906421305685,-2.728526792706355
FOODS_2_258,B,0.5427397260273973,1.0576468089438436,5993.03,0.8593806095993156,Medium Risk,156,160.96048514393496,4.96048514393496,3.179798169189077
FOODS_2_011,B,0.5287671232876713,1.0313633964235238,4943.74,0.8593419269281246,Medium Risk,252,246.08176279585004,-5.9182372041499605,-2.3485068270436353
HOUSEHOLD_1_116,B,0.49232876712328766,0.9641825060831823,5337.09,0.8593340836248187,Medium Risk,193,185.7882045710508,-7.211795428949188,-3.736681569403724
HOUSEHOLD_2_426,B,0.37205479452054796,0.7386205486527238,5934.46,0.85932939265959,Medium Risk,137,132.06542142363807,-4.934578576361929,-3.601882172526955
HOUSEHOLD_2_513,B,0.541095890410959,1.0530379411843038,5490.5,0.8592955344225817,Medium Risk,130,117.19728610232717,-12.802713897672831,-9.848241459748332
FOODS_3_466,B,0.41835616438356166,0.8240975593552263,5763.5199999999995,0.8591858152615551,Medium Risk,5,12.677730430973712,7.677730430973712,153.55460861947427
FOODS_3_317,B,1.8413698630136985,3.036687751399967,6447.139999999999,0.8591493574891762,Medium Risk,820,805.026380587071,-14.973619412928997,-1.8260511479181705
HOBBIES_1_286,B,2.509041095890411,3.7602222651924615,6409.91,0.8591320896045544,Medium Risk,744,729.0958045573066,-14.904195442693435,-2.0032520756308383
HOBBIES_1_264,B,0.4210958904109589,0.8283440768692648,6870.389999999999,0.8591251099773349,Medium Risk,143,130.5627389941798,-12.437261005820204,-8.697385318755387
FOODS_1_078,B,0.4712328767123288,0.9216317954378307,5983.2,0.8591230385401563,Medium Risk,177,182.66414912026548,5.664149120265478,3.200084248737558
HOBBIES_1_351,B,0.3367123287671233,0.6685964790774821,7079.04,0.8591137481780832,Medium Risk,98,101.91577236789931,3.915772367899308,3.995686089693171
HOUSEHOLD_1_172,B,0.9197260273972603,1.704658049113875,6579.72,0.8590750813732794,Medium Risk,273,227.31889655700778,-45.681103442992224,-16.733004924172974
FOODS_2_280,B,0.4895890410958904,0.9541567027004567,7094.39,0.8590434602520819,Medium Risk,197,190.85754060053827,-6.142459399461728,-3.117999695158238
HOUSEHOLD_2_143,B,0.3673972602739726,0.7254373330556564,8662.86,0.8589921016519337,Medium Risk,122,127.38281026328137,5.382810263281371,4.412139560066698
HOUSEHOLD_2_486,B,0.34465753424657536,0.6802262979079307,7510.259999999999,0.8588198557602061,Medium Risk,120,119.36144153023363,-0.638558469766366,-0.5321320581386384
HOBBIES_1_292,B,0.33808219178082194,0.6676994644088359,8119.72,0.8588157373575981,Medium Risk,94,94.06724886446344,0.06724886446343703,0.07154134517386919
FOODS_2_290,B,0.7252054794520548,1.3684561612445334,6772.06,0.8587849963746614,Medium Risk,411,403.6052267685945,-7.394773231405509,-1.7992148981521918
HOBBIES_1_043,B,2.594794520547945,3.806850105667216,6629.7,0.8587790775306932,Medium Risk,885,865.4392199510116,-19.560780048988363,-2.210257632654052
HOUSEHOLD_1_253,B,0.4556164383561644,0.8870602115179294,5753.13,0.8587688928892552,Medium Risk,1,6.692958377449115,5.692958377449115,569.2958377449114
HOUSEHOLD_2_180,B,0.5884931506849315,1.1281199497757994,6100.32,0.8587644713601222,Medium Risk,204,189.40151705785942,-14.598482942140578,-7.156119089284598
HOUSEHOLD_2_221,B,0.6123287671232877,1.1699214259557074,6190.95,0.8587357011748016,Medium Risk,208,204.20671158754683,-3.7932884124531654,-1.8236963521409448
FOODS_3_410,B,0.7402739726027397,1.3931063615602837,7241.360000000001,0.8587354105404919,Medium Risk,245,238.45510128119443,-6.54489871880557,-2.6713872321655385
HOBBIES_1_378,B,0.6391780821917808,1.2171467849191704,7558.920000000001,0.8587257898143676,Medium Risk,207,206.11921469357452,-0.88078530642548,-0.4255001480316329
FOODS_1_003,B,0.5049315068493151,0.9757839682355833,5952.89,0.8586723144472321,Medium Risk,157,167.33802139065932,10.338021390659321,6.58472700041995
FOODS_3_158,B,0.3649315068493151,0.7166177739549342,8311.43,0.8586657445829443,Medium Risk,100,98.91919443062915,-1.0808055693708525,-1.0808055693708525
HOUSEHOLD_1_001,B,0.4019178082191781,0.7851364098432295,8747.17,0.8586104707359362,Medium Risk,149,138.5500010136551,-10.449998986344895,-7.013422138486507
HOUSEHOLD_2_343,B,0.4747945205479452,0.9196525336507015,4817.74,0.8586056635180995,Medium Risk,143,139.04105636032747,-3.958943639672526,-2.768492055715053
FOODS_2_174,B,0.538082191780822,1.0323894883838804,5549.82,0.8584882068498997,Medium Risk,191,160.5041463957938,-30.49585360420619,-15.966415499584391
HOUSEHOLD_2_244,B,0.35698630136986303,0.6991845952217595,5172.91,0.8584674908228584,Medium Risk,90,71.64435619408243,-18.355643805917566,-20.395159784352852
HOUSEHOLD_1_403,B,0.3731506849315068,0.7294773704992564,5352.66,0.8584665364410738,Medium Risk,134,140.9218581112093,6.921858111209303,5.165565754633809
FOODS_3_014,B,0.7772602739726028,1.4433594649322532,5617.26,0.8582595304297038,Medium Risk,203,204.69333122286855,1.6933312228685509,0.8341533117579067
HOUSEHOLD_1_325,B,0.647945205479452,1.2219569716301428,8980.0,0.858256209964278,Medium Risk,146,126.76371036272769,-19.236289637272307,-13.175540847446785
FOODS_3_573,B,2.5753424657534247,3.726383782984052,9399.28,0.8580755891436814,Medium Risk,745,780.4561834667143,35.456183466714265,4.759219257277082
FOODS_2_336,B,0.5386301369863014,1.0243745159830924,4903.0,0.8580090114801108,Medium Risk,9,17.8891941657931,8.8891941657931,98.76882406436778
HOBBIES_1_075,B,0.33424657534246577,0.6509514460919031,8462.6,0.8580040082422541,Medium Risk,93,92.20133430582217,-0.7986656941778278,-0.858780316320245
HOUSEHOLD_2_047,B,0.44082191780821917,0.8479526605358856,5905.03,0.8580033382111585,Medium Risk,118,125.11054909766153,7.110549097661533,6.025889065814859
FOODS_2_003,B,0.6002739726027397,1.132711955115003,4792.4,0.8579807549814883,Medium Risk,291,289.23745011434613,-1.7625498856538684,-0.6056872459291645
FOODS_3_386,B,0.8317808219178082,1.5261234332555806,7635.39,0.8579733548100333,Medium Risk,481,483.75507073197264,2.755070731972637,0.5727797779568892
FOODS_1_050,B,0.4471232876712329,0.857046429122624,9759.36,0.857849727261016,Medium Risk,158,158.91462373571684,0.9146237357168445,0.5788757820992686
HOUSEHOLD_1_444,B,0.47506849315068495,0.90675598797339,8461.92,0.8577968603591378,Medium Risk,165,174.10777140317316,9.10777140317316,5.519861456468582
FOODS_1_016,B,0.589041095890411,1.1082245217137676,4858.999999999999,0.8577482085861577,Medium Risk,198,199.16607428492483,1.1660742849248322,0.588926406527693
FOODS_3_360,B,0.6526027397260274,1.2184635426474313,4813.63,0.8577466774202062,Medium Risk,124,135.19032597679615,11.190325976796146,9.024456432900116
FOODS_3_660,B,1.2265753424657535,2.130802312737211,6789.34,0.8577167157177744,Medium Risk,553,495.8822923615452,-57.11770763845482,-10.328699392125646
HOUSEHOLD_2_416,B,0.4438356164383562,0.8484807084256709,5239.72,0.8576822788195785,Medium Risk,236,229.9385661141726,-6.061433885827398,-2.5684041889099145
HOUSEHOLD_1_379,B,2.1071232876712327,3.240650053480085,7460.2699999999995,0.8576712192342326,Medium Risk,720,687.4786422739095,-32.521357726090514,-4.516855239734793
FOODS_1_142,B,1.4131506849315068,2.3922644569273963,7737.0,0.8576462692567244,Medium Risk,369,389.8969874422051,20.896987442205102,5.663140228239865
HOUSEHOLD_1_114,B,2.1397260273972605,3.2716902624606283,7575.7,0.8576250908234512,Medium Risk,858,832.0003574347062,-25.99964256529381,-3.030261371246365
HOUSEHOLD_2_025,B,0.443013698630137,0.8455138249630446,8542.99,0.8575866413995921,Medium Risk,111,110.68648732071996,-0.3135126792800378,-0.28244385520724125
HOUSEHOLD_2_142,B,1.336986301369863,2.2818349753742226,9613.6,0.8575529115333633,Medium Risk,613,547.5880288501324,-65.41197114986755,-10.670794641087692
FOODS_3_643,B,0.8961643835616439,1.6168852704825696,5691.54,0.8575120457868141,Medium Risk,251,243.35649251671427,-7.643507483285731,-3.0452221048947137
FOODS_1_119,B,0.45095890410958905,0.8585522627638071,5825.26,0.8575026260124508,Medium Risk,104,115.98926163688832,11.989261636888315,11.528136189315688
FOODS_3_531,B,0.5438356164383562,1.0238972908454078,4918.96,0.8574952964685181,Medium Risk,188,169.21755836562596,-18.782441634374038,-9.990660443815978
HOUSEHOLD_1_526,B,0.44575342465753426,0.8489283909802902,8037.380000000001,0.8574875486558874,Medium Risk,160,134.6389767038527,-25.361023296147295,-15.850639560092059
FOODS_1_186,B,0.40986301369863015,0.7836442843205537,8946.08,0.857471203997161,Medium Risk,144,149.61998052775527,5.619980527755274,3.9027642553856072
HOUSEHOLD_2_301,B,0.7589041095890411,1.3913402865367215,5456.9,0.8574637143202981,Medium Risk,199,199.51588635430286,0.5158863543028644,0.2592393740215399
HOUSEHOLD_2_383,B,0.4232876712328767,0.8077828714624488,5994.599999999999,0.8574540400268902,Medium Risk,51,40.734356771597795,-10.265643228402205,-20.128712212553342
FOODS_3_207,B,1.0273972602739727,1.8210772512879017,7425.0,0.8574473786929423,Medium Risk,328,311.4891453412333,-16.510854658766675,-5.03379715206301
HOBBIES_1_076,B,0.5895890410958904,1.102974923303545,7381.360000000001,0.8574462409424415,Medium Risk,323,301.5470999683237,-21.45290003167628,-6.641764715689251
HOUSEHOLD_2_084,B,0.3219178082191781,0.6204575295673661,5016.95,0.8573470529248075,Medium Risk,93,93.96556754730747,0.9655675473074723,1.0382446745241638
HOUSEHOLD_1_305,B,0.6241095890410959,1.1593127820631832,6765.660000000001,0.8572897616944519,Medium Risk,208,217.13955206533015,9.13955206533015,4.394015416024111
HOUSEHOLD_1_274,B,0.44767123287671234,0.8487259656240241,8048.360000000001,0.8572529455505833,Medium Risk,175,148.96355295557834,-26.036447044421664,-14.877969739669522
FOODS_2_118,B,0.6936986301369863,1.2751772528435688,7745.13,0.8571837527634588,Medium Risk,309,303.7827496656002,-5.217250334399807,-1.6884305289319765
FOODS_3_519,B,2.2073972602739724,3.3060728841914226,8053.94,0.8571631324265978,Medium Risk,788,808.3895214441295,20.389521444129514,2.5875027213362327
FOODS_3_045,B,0.3536986301369863,0.6765814211372525,5138.18,0.8571357110005166,Medium Risk,117,119.7886583614835,2.788658361483499,2.3834686850286317
FOODS_2_308,B,0.4761643835616438,0.8976731135199496,4902.58,0.8571308866432852,Medium Risk,106,105.63986243180186,-0.3601375681981409,-0.3397524228284348
FOODS_3_600,B,0.5276712328767124,0.9874111975126019,4832.14,0.8570622655842746,Medium Risk,156,162.96516032016694,6.9651603201669445,4.464846359081374
FOODS_2_168,B,0.37972602739726025,0.7230495780041356,5425.94,0.8570525981863836,Medium Risk,132,129.6162268652968,-2.3837731347032047,-1.8058887384115188
FOODS_2_158,B,1.2758904109589042,2.1701516842697712,5958.4400000000005,0.8569930216527282,Medium Risk,317,367.48415653571925,50.48415653571925,15.92560143082626
HOUSEHOLD_2_400,B,0.3745205479452055,0.7126139860087868,5303.96,0.8569789886023236,Medium Risk,96,99.14726252498274,3.147262524982736,3.278398463523683
HOUSEHOLD_2_178,B,0.38575342465753426,0.7326805727037412,9807.39,0.856954161451732,Medium Risk,173,176.13602049818843,3.1360204981884294,1.8127286116696124
HOBBIES_1_266,B,0.5328767123287671,0.9941669828197081,9339.800000000001,0.856935126276909,Medium Risk,322,288.3966076395835,-33.60339236041648,-10.435836136775304
HOUSEHOLD_1_064,B,0.3506849315068493,0.6681747259667393,7398.400000000001,0.856900260780723,Medium Risk,117,119.67712406192086,2.677124061920864,2.2881402238639863
FOODS_3_806,B,0.5419178082191781,1.0086073219458787,4943.89,0.8568648762422388,Medium Risk,185,172.87579237371165,-12.124207626288353,-6.553625743939651
FOODS_2_350,B,0.40136986301369865,0.7595185964849016,7246.9800000000005,0.8568529815158575,Medium Risk,120,101.84286358273157,-18.157136417268433,-15.130947014390362
FOODS_2_037,B,0.30904109589041096,0.5912028983706226,8795.77,0.856852471007751,Medium Risk,103,109.77980620214728,6.7798062021472845,6.5823361185895966
FOODS_3_114,B,0.7665753424657534,1.3875224209220813,7482.320000000001,0.8568441093538534,Medium Risk,461,405.78423504415997,-55.21576495584003,-11.977389361353586
HOBBIES_1_350,B,0.6126027397260274,1.1298559549906544,6649.5599999999995,0.8568373156359287,Medium Risk,182,196.91273171031952,14.91273171031952,8.193808632043693
FOODS_3_494,B,0.5717808219178082,1.0589235609244594,6215.29,0.8567930853665225,Medium Risk,197,195.7031838111745,-1.2968161888254883,-0.6582823293530398
HOBBIES_1_328,B,0.2989041095890411,0.5717606853335184,7331.5199999999995,0.8567824234049408,Medium Risk,101,95.9668694640372,-5.033130535962798,-4.983297560359206
FOODS_3_003,B,0.5816438356164384,1.0756746481856565,8320.38,0.856781882495685,Medium Risk,216,219.59749870800007,3.5974987080000744,1.6655086611111456
HOBBIES_1_277,B,0.8227397260273973,1.4764352166471113,5173.35,0.8567613702485644,Medium Risk,202,193.32346938025395,-8.676530619746046,-4.295312187993092
FOODS_1_115,B,0.689041095890411,1.2570504528487692,8563.9,0.8567556555060216,Medium Risk,201,191.40512471179244,-9.594875288207561,-4.7735697951281395
FOODS_3_603,B,2.4438356164383563,3.49548455157606,8920.0,0.8567523675687987,Medium Risk,844,835.5215556997271,-8.47844430027294,-1.00455501188068
FOODS_3_082,B,0.6668493150684931,1.2197435775344352,4816.38,0.8567494949191582,Medium Risk,182,167.0507182367724,-14.949281763227589,-8.213891078696477
FOODS_3_626,B,0.3441095890410959,0.654222609549546,4998.88,0.8567392659827768,Medium Risk,98,98.21885013444967,0.21885013444966717,0.2233164637241502
HOUSEHOLD_2_403,B,0.4301369863013699,0.8094205763157649,8540.800000000001,0.8567358424650573,Medium Risk,130,126.68184405591762,-3.3181559440823776,-2.5524276492941365
FOODS_3_700,B,0.8073972602739726,1.450338057375635,7882.320000000001,0.8567135877507552,Medium Risk,355,310.06962121514607,-44.93037878485393,-12.656444728127866
FOODS_3_563,B,0.49397260273972604,0.9211689936988309,6812.46,0.8566605170425164,Medium Risk,2,8.021341547086752,6.021341547086752,301.06707735433764
FOODS_3_446,B,2.1331506849315067,3.1895145750964824,9179.92,0.8566131350796223,Medium Risk,873,867.0132703286052,-5.986729671394755,-0.6857651399077612
HOUSEHOLD_2_272,B,0.329041095890411,0.6246559247659427,6569.469999999999,0.8565622144271925,Medium Risk,95,91.50038908710823,-3.499610912891768,-3.683800960938703
HOBBIES_1_395,B,0.34986301369863015,0.6613937904884629,9546.11,0.8564674981242607,Medium Risk,108,107.11688281965219,-0.88311718034781,-0.8177010929146389
HOUSEHOLD_2_062,B,0.5526027397260274,1.0170376859745216,5929.98,0.8563391124863831,Medium Risk,192,212.52445120693355,20.52445120693355,10.689818336944557
HOUSEHOLD_2_275,B,0.3506849315068493,0.6603360147814434,6637.299999999999,0.8562592185296033,Medium Risk,95,102.46197901031512,7.461979010315119,7.854714747700125
FOODS_2_246,B,0.7926027397260273,1.4120803893642253,5821.52,0.8561956545781154,Medium Risk,160,145.2725046401806,-14.727495359819386,-9.204684599887116
HOBBIES_1_022,B,0.34136986301369865,0.6425689122452838,8944.09,0.8561801874096119,Medium Risk,114,120.09644077001977,6.096440770019768,5.347755061420849
FOODS_3_279,B,0.8052054794520548,1.4314041399874666,8517.22,0.8561653432176332,Medium Risk,298,320.21879021655735,22.218790216557352,7.45596987132797
FOODS_3_637,B,0.5013698630136987,0.9253432403963708,5453.4,0.8561578506282449,Medium Risk,156,168.66512675667792,12.665126756677921,8.118670997870463
HOUSEHOLD_2_119,B,0.40164383561643835,0.750114659543909,8561.44,0.8561462550720782,Medium Risk,123,124.76620422779604,1.7662042277960381,1.4359383965821448
FOODS_3_686,B,0.46164383561643835,0.855259570615032,6005.75,0.8561031318777348,Medium Risk,141,128.55639607653677,-12.443603923463229,-8.825251009548388
HOUSEHOLD_2_217,B,0.7610958904109589,1.3586376650384593,7972.860000000001,0.8560941512992781,Medium Risk,263,259.465639275002,-3.5343607249980096,-1.343863393535365
HOUSEHOLD_1_134,B,0.5323287671232877,0.9769451446715435,8217.630000000001,0.8560588639257098,Medium Risk,168,165.02567805585426,-2.9743219441457427,-1.77042972865818
HOBBIES_1_296,B,0.3641095890410959,0.6819720482037435,9808.02,0.8560587475510015,Medium Risk,112,115.4503720131017,3.450372013101699,3.0806892974122313
FOODS_2_046,B,0.4246575342465753,0.7886876302494341,6075.08,0.8559967418167272,Medium Risk,146,155.7249472243813,9.72494722438131,6.660922756425555
FOODS_2_219,B,0.7046575342465753,1.2635259775087149,6628.36,0.8559602343502173,Medium Risk,355,351.76061270644175,-3.239387293558252,-0.9125034629741555
FOODS_2_043,B,0.6676712328767124,1.2012924899190176,6253.82,0.8558976760138045,Medium Risk,295,298.82289495067926,3.822894950679256,1.2958965934505953
HOUSEHOLD_2_030,B,0.34794520547945207,0.6505072306881833,5041.900000000001,0.8558566734728498,Medium Risk,80,86.93841383280413,6.93841383280413,8.673017291005163
FOODS_1_063,B,0.7035616438356165,1.2591407304906925,5981.4800000000005,0.8558545269514746,Medium Risk,336,337.7548835369795,1.7548835369794915,0.522286766958182
HOUSEHOLD_2_350,B,0.6915068493150685,1.2382234190553243,7420.5599999999995,0.8558041600561106,Medium Risk,219,207.15916453513398,-11.840835464866018,-5.4067741848703275
HOUSEHOLD_1_394,B,0.5126027397260274,0.9379078941241507,9130.48,0.8557732385143567,Medium Risk,196,181.3849757076286,-14.615024292371402,-7.456645047128266
FOODS_3_550,B,0.5701369863013699,1.0354824374115092,6200.4,0.8557565167604603,Medium Risk,164,172.64487036780628,8.644870367806277,5.271262419394071
FOODS_2_393,B,0.4243835616438356,0.7834317951433061,6070.5199999999995,0.8556741885632319,Medium Risk,158,145.28943732970149,-12.710562670298515,-8.044659917910453
HOUSEHOLD_2_068,B,0.4547945205479452,0.8357983067145003,4780.8,0.8556320091949248,Medium Risk,178,164.77798608463485,-13.222013915365153,-7.4280977052613215
FOODS_3_383,B,1.2183561643835616,2.0294468368032903,6153.889999999999,0.855614109781651,Medium Risk,541,546.361212984553,5.361212984553049,0.9909820673850368
HOUSEHOLD_2_229,B,0.35342465753424657,0.6572074823975917,6166.200000000001,0.85560437340152,Medium Risk,122,120.51317843224918,-1.4868215677508232,-1.2187062030744453
FOODS_3_490,B,0.46794520547945206,0.8567993473902937,5943.44,0.8555225974593692,Medium Risk,196,195.48410391529572,-0.5158960847042806,-0.26321228811442887
HOUSEHOLD_2_251,B,0.5476712328767124,0.9924634066050544,7928.6900000000005,0.8554958115926722,Medium Risk,88,103.65589770959788,15.65589770959788,17.790792851815773
FOODS_3_724,B,0.37616438356164383,0.6957818926504731,8897.04,0.8554678348872764,Medium Risk,114,114.10045638473812,0.10045638473812346,0.08811963573519602
HOUSEHOLD_1_446,B,0.436986301369863,0.8021632251408983,6268.35,0.8554577736017919,Medium Risk,135,129.23425299940496,-5.7657470005950415,-4.270923704144476
FOODS_3_275,B,0.7917808219178082,1.389952733330425,7218.9,0.855441927121455,Medium Risk,198,167.85573890027425,-30.144261099725753,-15.224374292790785
FOODS_1_064,B,0.5950684931506849,1.070226786650121,5788.620000000001,0.8554092337743766,Medium Risk,161,154.8695427109317,-6.130457289068289,-3.8077374466262666
FOODS_3_355,B,1.7704109589041095,2.712475587030945,6192.679999999999,0.8553362959034329,Medium Risk,682,670.6102174352721,-11.389782564727852,-1.6700560945348757
FOODS_2_040,B,0.6643835616438356,1.1822045196053466,6059.5,0.8553079004885898,Medium Risk,3,9.243464879242069,6.243464879242069,208.11549597473564
FOODS_2_163,B,0.5290410958904109,0.9569267807691727,4971.0199999999995,0.8552796036623997,Medium Risk,187,184.14510489125186,-2.8548951087481385,-1.526681876335903
FOODS_2_176,B,0.6473972602739726,1.1537350160453976,6671.0599999999995,0.8552763341839188,Medium Risk,170,162.96084889395877,-7.039151106041231,-4.140677121200724
FOODS_2_228,B,0.39424657534246577,0.7249382994283924,7094.2699999999995,0.8552721901773414,Medium Risk,121,119.99155530738655,-1.0084446926134518,-0.8334253657962412
FOODS_3_722,B,0.5243835616438356,0.9487164979205378,4805.1,0.8552613371306397,Medium Risk,196,189.97135287443245,-6.028647125567545,-3.075840370187523
FOODS_2_172,B,0.8356164383561644,1.451638386328555,7602.31,0.8552001634089655,Medium Risk,381,382.26611152702185,1.2661115270218488,0.3323127367511414
FOODS_1_112,B,1.0131506849315068,1.7184192905333342,7317.73,0.8551645861958707,Medium Risk,341,338.89017977754247,-2.109820222457529,-0.6187156077588061
FOODS_2_179,B,0.423013698630137,0.7734401109223841,7673.679999999999,0.8551594176102167,Medium Risk,132,136.4478260798375,4.447826079837512,3.3695652119981148
HOUSEHOLD_2_295,B,0.4350684931506849,0.7937670371785656,9479.41,0.8551240315120672,Medium Risk,132,142.8165590857533,10.816559085753312,8.194362943752509
FOODS_3_323,B,0.5468493150684931,0.9839056694803325,4950.08,0.8551198343597564,Medium Risk,191,183.8298523787676,-7.170147621232388,-3.754003990174025
FOODS_1_025,B,0.5846575342465753,1.046512277953973,9112.179999999998,0.8550974191416388,Medium Risk,196,185.38501956220267,-10.614980437797328,-5.415806345814963
HOUSEHOLD_1_144,B,0.5021917808219178,0.9080020115550739,5429.77,0.8550862070784089,Medium Risk,253,247.66283382750836,-5.337166172491635,-2.109551846834638
HOUSEHOLD_2_297,B,0.34383561643835614,0.6337295379414521,8087.43,0.8550716594927573,Medium Risk,74,73.71395893648555,-0.28604106351444614,-0.3865419777222245
HOUSEHOLD_2_219,B,0.46821917808219177,0.8487757250749118,5947.32,0.855002184361319,Medium Risk,114,108.21252884877924,-5.787471151220757,-5.076729080018208
HOUSEHOLD_1_178,B,0.3580821917808219,0.6578127503391523,5842.29,0.8549891862017177,Medium Risk,115,111.0681542433873,-3.9318457566127023,-3.418996310098002
FOODS_2_331,B,0.6027397260273972,1.0736093572607006,5662.8,0.8549631102353366,Medium Risk,221,225.08292810877435,4.082928108774354,1.8474787822508387
HOUSEHOLD_1_261,B,0.36356164383561645,0.6668261270805393,7920.19,0.8549414276112902,Medium Risk,93,103.85504285967006,10.855042859670064,11.672089096419423
HOUSEHOLD_2_380,B,0.4345205479452055,0.7895679117375031,8147.32,0.8549093400524098,Medium Risk,86,97.77813080737872,11.778130807378716,13.69550093881246
FOODS_3_130,B,0.7857534246575343,1.3657578028391228,7672.64,0.8549062378847478,Medium Risk,450,394.1341954506256,-55.86580454937439,-12.414623233194307
FOODS_2_278,B,0.7224657534246576,1.2655021531802302,6572.7,0.8548857625937567,Medium Risk,293,293.3118374671193,0.3118374671192896,0.10642916966528655
HOUSEHOLD_1_097,B,0.3821917808219178,0.6983993887120101,5538.150000000001,0.8548664756375398,Medium Risk,133,125.75621852701377,-7.243781472986228,-5.446452235327992
FOODS_1_017,B,0.6619178082191781,1.166914707976828,5411.84,0.8548196690960412,Medium Risk,256,249.8545400383477,-6.145459961652307,-2.4005702975204324
FOODS_3_095,B,0.4547945205479452,0.8222450361020543,8266.800000000001,0.8547773598129336,Medium Risk,119,122.79796314529996,3.79796314529996,3.191565668319294
FOODS_3_143,B,0.5402739726027397,0.9662118221648631,4944.2,0.8547662697624197,Low Risk,242,235.78963676581554,-6.210363234184456,-2.5662657992497753
FOODS_3_641,B,0.7906849315068493,1.369527355010685,6146.64,0.8547638078331874,Low Risk,346,326.0823733669453,-19.91762663305468,-5.756539489322162
HOUSEHOLD_2_171,B,0.4980821917808219,0.8946242691729731,7035.66,0.8547173172111489,Low Risk,151,153.03105686558513,2.0310568655851284,1.3450707719106811
FOODS_3_102,B,0.7517808219178083,1.3055012954448577,5433.12,0.8546414908031639,Low Risk,188,183.20052201670515,-4.7994779832948495,-2.5529138209015154
HOUSEHOLD_1_475,B,0.5320547945205479,0.9493546276864329,5185.139999999999,0.8545970254141703,Low Risk,199,191.36542130551922,-7.63457869448078,-3.8364717057692364
FOODS_3_595,B,0.692054794520548,1.2092488183115413,5001.48,0.8545663240436638,Low Risk,330,311.5712664020177,-18.428733597982273,-5.584464726661295
HOUSEHOLD_2_232,B,0.44602739726027396,0.803163687775752,7781.84,0.8545131837327004,Low Risk,141,130.6538773124098,-10.346122687590196,-7.337675664957585
HOUSEHOLD_1_295,B,0.7410958904109589,1.2831876176789305,8060.9,0.8544272480675343,Low Risk,224,220.88646401498812,-3.113535985011879,-1.389971421880303
HOUSEHOLD_2_136,B,0.5186301369863013,0.9236743666585471,9218.91,0.8544151373127228,Low Risk,203,210.34855040963902,7.348550409639017,3.6199755712507478
FOODS_1_120,B,0.8750684931506849,1.4879649863936801,6260.24,0.8543985277714187,Low Risk,0,6.438162214871889,6.438162214871889,
FOODS_2_324,B,0.5956164383561644,1.0500140106614222,5431.46,0.8543920745045086,Low Risk,2,6.892903514411759,4.892903514411759,244.64517572058796
FOODS_3_273,B,1.1923287671232876,1.9367205788574318,9173.44,0.8542590333015414,Low Risk,472,449.5028277032925,-22.497172296707504,-4.766350062861759
HOBBIES_1_208,B,0.5827397260273972,1.0260397813821946,6891.4800000000005,0.8542464892842364,Low Risk,196,191.53182184475202,-4.468178155247983,-2.2796827322693796
FOODS_1_101,B,0.8235616438356165,1.404722655253736,6005.0,0.8542180711406853,Low Risk,179,185.84881448196967,6.848814481969669,3.8261533418824962
HOUSEHOLD_1_320,B,0.5257534246575343,0.9314808999945139,8559.2,0.8541948033349649,Low Risk,256,246.4837620926222,-9.516237907377814,-3.7172804325694586
HOUSEHOLD_2_064,B,0.4419178082191781,0.7904934223242234,6240.31,0.8541447190678194,Low Risk,113,114.6294668456036,1.629466845603602,1.442006058056285
FOODS_3_720,B,0.5079452054794521,0.9003926534591181,8348.960000000001,0.8541062847343434,Low Risk,137,144.26928944932757,7.269289449327573,5.306050692939834
FOODS_1_006,B,1.0468493150684932,1.7287240725216022,8853.04,0.8540980053641148,Low Risk,333,329.1751959212619,-3.8248040787381115,-1.1485898134348682
FOODS_2_330,B,0.49232876712328766,0.8738277910165269,7431.7,0.8540708250733415,Low Risk,174,174.89715472578806,0.8971547257880559,0.5156061642460091
HOUSEHOLD_1_145,B,0.976986301369863,1.6277319594097912,7987.840000000001,0.8540702740406869,Low Risk,541,533.6769368766071,-7.323063123392899,-1.3536161041391679
FOODS_3_365,B,0.4657534246575342,0.8294092794462296,8635.87,0.854069056109617,Low Risk,152,157.39727536709856,5.397275367098558,3.550839057301683
FOODS_3_497,B,0.7695890410958904,1.3178397729564788,6997.68,0.8540635163383438,Low Risk,356,344.51947726906,-11.480522730939981,-3.2248659356572977
HOBBIES_2_033,B,0.8082191780821918,1.375484510630834,8496.0,0.8540104027225809,Low Risk,313,296.4773466136693,-16.522653386330717,-5.278802998827705
FOODS_3_645,B,0.8821917808219178,1.4861507795969915,7641.08,0.8539916516927529,Low Risk,699,667.9988293148037,-31.001170685196257,-4.43507449001377
HOUSEHOLD_2_012,B,0.44,0.7847826474775415,7676.68,0.853983749676403,Low Risk,139,136.44936902889822,-2.550630971101782,-1.834986310145167
FOODS_3_721,B,0.9884931506849315,1.6405986441840787,7143.84,0.8539614388844816,Low Risk,288,285.8341247916872,-2.165875208312798,-0.7520400028863882
FOODS_3_274,B,1.6901369863013698,2.537552704371174,9237.14,0.8539382965696141,Low Risk,529,538.749001022317,9.749001022316975,1.8429113463737192
FOODS_3_328,B,0.4517808219178082,0.8038707101075364,6386.23,0.8539374450353807,Low Risk,136,144.61171385372228,8.611713853722279,6.3321425395016755
HOUSEHOLD_2_250,B,0.38465753424657534,0.6901294499526285,9771.84,0.8539298361044779,Low Risk,125,128.25453622794225,3.2545362279422534,2.603628982353803
FOODS_3_428,B,0.773972602739726,1.320675582747111,5593.5,0.8539186731557937,Low Risk,260,248.11609508515528,-11.88390491484472,-4.570732659555662
FOODS_3_206,B,0.8063013698630137,1.3697246212617895,7590.54,0.8539092774299278,Low Risk,199,178.1432252656287,-20.8567747343713,-10.480791323804674
FOODS_2_133,B,0.5731506849315069,1.0030057276790585,5379.48,0.8538770085713279,Low Risk,267,265.1873808358656,-1.8126191641343894,-0.678883582072805
FOODS_2_283,B,1.0876712328767124,1.7777240727971024,5764.64,0.8538753406319518,Low Risk,384,399.21919662803964,15.21919662803964,3.9633324552186564
HOUSEHOLD_1_265,B,0.4136986301369863,0.7387254450920216,6836.68,0.8538736219704969,Low Risk,144,134.50453743837267,-9.495462561627335,-6.594071223352316
HOUSEHOLD_2_089,B,0.42164383561643837,0.7521031327028974,5355.72,0.8538696935968365,Low Risk,141,134.02131106723567,-6.978688932764328,-4.949424775010161
FOODS_3_470,B,0.8561643835616438,1.4435088546575983,5437.5,0.8538644319377191,Low Risk,240,235.97231516070565,-4.027684839294352,-1.6782020163726468
HOUSEHOLD_2_183,B,0.36904109589041095,0.6617410711355519,6694.59,0.8538005267287013,Low Risk,105,107.44495776016849,2.444957760168492,2.3285312001604686
FOODS_3_409,B,0.5397260273972603,0.94675162944472,5469.549999999999,0.8537807821684508,Low Risk,171,165.68076266465008,-5.319237335349925,-3.1106651083917694
FOODS_3_542,B,0.8095890410958904,1.3699856257796554,7409.04,0.853741845851042,Low Risk,206,208.19971426818645,2.1997142681864545,1.0678224602846866
FOODS_3_589,B,1.7578082191780822,2.6003510980849183,7497.4,0.8537408755271763,Low Risk,12,27.460860125844402,15.460860125844402,128.84050104870335
FOODS_3_591,B,0.6783561643835616,1.1671006413733482,8609.1,0.853708188100009,Low Risk,204,207.9304179633678,3.930417963367802,1.9266754722391186
HOUSEHOLD_1_242,B,0.5334246575342466,0.934761851071659,9480.63,0.8536898760035688,Low Risk,199,190.80442414173,-8.19557585826999,-4.118379828276377
FOODS_1_071,B,1.141095890410959,1.8413608894051907,8330.0,0.853624075393475,Low Risk,318,301.984974557136,-16.015025442863987,-5.036171522913204
HOUSEHOLD_2_423,B,0.6547945205479452,1.1277706172162374,9249.3,0.8536093888184418,Low Risk,281,249.72067374380862,-31.279326256191382,-11.131432831384833
FOODS_3_264,B,0.6271232876712329,1.0837137101002197,9110.22,0.853595974215679,Low Risk,270,256.1412516822583,-13.858748317741686,-5.1328697473117355
HOUSEHOLD_2_512,B,0.5947945205479452,1.03192411891541,8614.970000000001,0.8535844224416441,Low Risk,192,184.64329956392186,-7.3567004360781425,-3.8316148104573657
FOODS_3_504,B,1.2967123287671234,2.0452312404862436,6981.11,0.8535809956457473,Low Risk,725,721.4043331205348,-3.5956668794651705,-0.4959540523400235
HOUSEHOLD_1_012,B,0.6120547945205479,1.0593086041557185,8754.289999999999,0.8535755475248898,Low Risk,209,195.32715617833549,-13.672843821664515,-6.542030536681585
HOUSEHOLD_2_109,B,0.49205479452054796,0.864365586801227,6950.52,0.8535459124943202,Low Risk,157,153.81919076638576,-3.180809233614241,-2.025993142429453
FOODS_2_057,B,0.4265753424657534,0.7555081723317606,6101.599999999999,0.8535389707960087,Low Risk,157,150.00005146708605,-6.9999485329139475,-4.458565944531177
HOUSEHOLD_2_265,B,0.376986301369863,0.6710689046118393,6833.969999999999,0.8534774688995135,Low Risk,108,113.30162110320067,5.301621103200674,4.908908428889513
FOODS_3_387,B,0.8263013698630137,1.3873992566353976,8052.630000000001,0.8534722710260124,Low Risk,438,421.86543573935654,-16.134564260643458,-3.6836904704665425
FOODS_2_288,B,0.8076712328767123,1.3591730520586536,7578.68,0.8534608025063066,Low Risk,362,365.48282763450044,3.4828276345004383,0.9621070813537123
FOODS_3_016,B,0.6224657534246575,1.0733266477117684,6768.5599999999995,0.8534582492651362,Low Risk,377,352.62405115468954,-24.37594884531046,-6.465768924485533
FOODS_3_608,B,0.7926027397260273,1.3360938180354913,5033.82,0.8534462390812296,Low Risk,249,236.36482797224255,-12.635172027757449,-5.074366276207811
HOUSEHOLD_1_485,B,0.6071232876712329,1.0486409263492016,6581.52,0.8534430668107528,Low Risk,203,206.72202144984263,3.7220214498426287,1.833508103370753
FOODS_2_218,B,0.5736986301369863,0.9950101691130078,8243.08,0.8534329109184465,Low Risk,236,227.104907521252,-8.895092478748012,-3.769106982520344
FOODS_1_141,B,0.5164383561643836,0.9014944047861989,6672.900000000001,0.8533861073530314,Low Risk,135,138.1801643473514,3.1801643473513934,2.3556772943343653
FOODS_3_773,B,0.530958904109589,0.9248260772602004,9651.240000000002,0.8533707281116707,Low Risk,158,151.05752210711734,-6.942477892882664,-4.393973349925736
FOODS_3_199,B,0.5427397260273973,0.943720879886597,4973.86,0.8533606986830221,Low Risk,192,197.23309394779974,5.233093947799745,2.725569764479034
HOUSEHOLD_2_411,B,0.45452054794520547,0.7992443695983013,9688.56,0.8533555870126412,Low Risk,150,154.38470357967972,4.384703579679723,2.923135719786482
HOUSEHOLD_1_333,B,0.4791780821917808,0.8397035739757195,5194.530000000001,0.8533407920060041,Low Risk,253,251.7876048021963,-1.212395197803687,-0.4792075880646985
HOUSEHOLD_1_149,B,1.78,2.5992146293647975,6302.09,0.8533365052198579,Low Risk,550,526.9368097505893,-23.063190249410695,-4.193307318074671
FOODS_3_527,B,0.47835616438356166,0.8380493436429984,8695.08,0.853322676035264,Low Risk,143,135.8303408626802,-7.1696591373197975,-5.013747648475383
HOUSEHOLD_1_492,B,0.3756164383561644,0.666718477184782,5429.16,0.853322671003751,Low Risk,154,141.3799048986792,-12.6200951013208,-8.19486694890961
FOODS_3_647,B,1.3832876712328768,2.1415246569638184,5917.3,0.8533037162615231,Low Risk,0,6.438162214871889,6.438162214871889,
HOUSEHOLD_2_368,B,0.4706849315068493,0.8249605798186084,9414.640000000001,0.8532946623257606,Low Risk,59,77.79825078913309,18.798250789133093,31.861442015479817
FOODS_1_020,B,0.6742465753424658,1.1502235866485258,6589.88,0.8532646153528863,Low Risk,305,287.5263295369228,-17.473670463077212,-5.729072282976135
HOUSEHOLD_2_247,B,0.36273972602739724,0.6436511625540656,5256.280000000001,0.853223079949861,Low Risk,90,94.35972295974139,4.35972295974139,4.844136621934878
HOUSEHOLD_2_185,B,0.7890410958904109,1.3245124176005594,9668.55,0.8532205886288694,Low Risk,232,224.68099370376754,-7.319006296232459,-3.1547440932036457
FOODS_3_415,B,0.7367123287671233,1.2436719018222124,6754.1,0.8531562275259242,Low Risk,289,291.54975020392766,2.5497502039276583,0.8822665065493627
HOUSEHOLD_1_286,B,0.4684931506849315,0.818543096852893,8417.58,0.853122863970204,Low Risk,169,169.15993929045206,0.15993929045205846,0.09463863340358489
HOBBIES_1_412,B,0.68,1.1552826467886326,4957.86,0.8531010745364996,Low Risk,285,269.7857632616558,-15.214236738344198,-5.338328680120771
FOODS_2_369,B,0.4884931506849315,0.850904555098779,8654.51,0.8531000196735105,Low Risk,158,156.28110214304954,-1.7188978569504627,-1.0879100360445966
FOODS_3_803,B,1.6391780821917807,2.427112180427366,5981.98,0.8530165868892821,Low Risk,548,602.4285548283709,54.42855482837092,9.932218034374255
FOODS_3_337,B,0.34876712328767123,0.6174185449496892,5066.54,0.853014768988119,Low Risk,123,114.46968704818948,-8.530312951810515,-6.935213781959769
HOUSEHOLD_2_054,B,0.5073972602739726,0.87945713623415,9019.24,0.8529743566354299,Low Risk,188,177.3260653492667,-10.673934650733287,-5.677624814219833
HOUSEHOLD_1_529,B,0.7263013698630137,1.2225136476378369,7855.71,0.8529477229287243,Low Risk,472,401.4899063770298,-70.5100936229702,-14.93857915740894
HOUSEHOLD_1_074,B,0.406027397260274,0.7124672560322575,7321.080000000001,0.8529370971864553,Low Risk,146,144.96701419573367,-1.0329858042663318,-0.7075245234700903
FOODS_3_205,B,1.84,2.6361818308129417,7869.86,0.8529333695986717,Low Risk,0,6.438162214871889,6.438162214871889,
FOODS_3_394,B,0.6578082191780822,1.116605579518549,6945.18,0.8529157289157595,Low Risk,182,177.29462958647528,-4.705370413524719,-2.585368359079516
FOODS_2_363,B,0.6958904109589041,1.174596174539653,6344.5,0.8528867262913923,Low Risk,3,8.430269638868609,5.430269638868609,181.00898796228694
FOODS_2_010,B,0.6531506849315069,1.1081413223153813,5937.150000000001,0.852861233217717,Low Risk,255,253.44696873369628,-1.5530312663037193,-0.6090318691387135
FOODS_2_214,B,0.7367123287671233,1.2357137071800621,6711.0,0.8528464315901768,Low Risk,11,19.386210677464902,8.386210677464902,76.23827888604457
FOODS_2_156,B,0.9175342465753424,1.501271755409327,4851.88,0.8528308529336419,Low Risk,362,352.9030250157029,-9.096974984297105,-2.5129765149992003
HOBBIES_1_017,B,0.8098630136986301,1.3430540463505924,5852.88,0.8527734974487842,Low Risk,305,280.1442347492696,-24.85576525073043,-8.149431229747682
HOBBIES_1_281,B,0.5095890410958904,0.879124290787222,7886.400000000001,0.8527559370513386,Low Risk,224,218.07933060964976,-5.920669390350241,-2.643155977834929
FOODS_2_235,B,0.8254794520547946,1.3636865879504387,7726.22,0.8526911031641038,Low Risk,279,293.7926454337463,14.792645433746316,5.302023452955669
HOUSEHOLD_1_008,B,0.36273972602739724,0.6368023972628354,7242.28,0.8526816076314667,Low Risk,127,123.63531307991873,-3.364686920081269,-2.64935977959155
FOODS_3_703,B,0.7526027397260274,1.2543812256413918,5439.0599999999995,0.8526444123058959,Low Risk,262,245.52218870827645,-16.477811291723555,-6.289240951039525
FOODS_1_114,B,0.46328767123287673,0.8017486622979985,5986.14,0.8526127339116321,Low Risk,135,131.73685790050683,-3.263142099493166,-2.417142295920864
FOODS_3_320,B,1.0753424657534247,1.7124214377818638,7771.5,0.8525917956840935,Low Risk,341,330.7230341370351,-10.276965862964914,-3.013772980341617
HOUSEHOLD_2_036,B,0.4652054794520548,0.8042230779342586,6741.06,0.8525730205217387,Low Risk,178,162.80393117960048,-15.196068820399518,-8.53711731483119
HOUSEHOLD_1_034,B,0.42219178082191783,0.7337165302534596,6056.13,0.8525578621462153,Low Risk,122,132.27775758257138,10.277757582571382,8.424391461124085
FOODS_2_072,B,0.7246575342465753,1.2092954155232012,6812.94,0.852523524418104,Low Risk,299,297.9117133418272,-1.0882866581728194,-0.3639754709608092
FOODS_3_468,B,1.8665753424657534,2.6326169522889153,8028.36,0.8524646874344235,Low Risk,753,763.8312874956613,10.831287495661286,1.4384179941117246
FOODS_3_116,B,1.5293150684931507,2.272439234249111,6583.34,0.8524593511303038,Low Risk,874,876.53466145125,2.534661451250031,0.29000703103547265
FOODS_3_605,B,0.841917808219178,1.3800626497849473,8213.880000000001,0.8524297225766065,Low Risk,535,499.04155765390533,-35.95844234609467,-6.721204176840126
FOODS_3_479,B,1.6391780821917807,2.3907076396809313,5983.0,0.8523796615677341,Low Risk,463,449.0697031659908,-13.930296834009198,-3.008703419872397
FOODS_3_303,B,0.4846575342465753,0.8316236668374241,5271.62,0.8523297679570444,Low Risk,188,169.67767351351327,-18.32232648648673,-9.74591834387592
HOBBIES_1_152,B,0.4567123287671233,0.7862305957698649,8110.14,0.8523104998319643,Low Risk,145,130.1976415854399,-14.802358414560103,-10.20852304452421
FOODS_3_624,B,0.9726027397260274,1.5614972221142407,8795.119999999999,0.8523043721808938,Low Risk,274,267.3444490850976,-6.655550914902392,-2.429033180621311
FOODS_3_452,B,0.44164383561643833,0.761514360239697,8025.760000000001,0.8522929886462376,Low Risk,115,119.85503206846991,4.85503206846991,4.221767016060792
HOUSEHOLD_1_195,B,0.4071232876712329,0.704877653238262,5765.68,0.8522740638760543,Low Risk,134,136.83958801378438,2.839588013784379,2.1190955326749097
FOODS_2_091,B,0.8602739726027397,1.4008512197131537,7704.26,0.8522378394926128,Low Risk,386,398.2629012742074,12.262901274207422,3.176917428551146
FOODS_2_147,B,0.5208219178082192,0.8863814705480555,7055.719999999999,0.8521607958777793,Low Risk,200,195.7570627352986,-4.242937264701396,-2.121468632350698
FOODS_2_292,B,0.7972602739726027,1.3072696168429756,9096.3,0.8521569511085286,Low Risk,0,6.438162214871889,6.438162214871889,
FOODS_1_124,B,0.8131506849315069,1.3293665174287104,6645.72,0.8521196316674354,Low Risk,342,313.1676465155238,-28.832353484476187,-8.430512714759118
HOUSEHOLD_1_278,B,0.42904109589041095,0.7381328692004108,9345.05,0.8521015026790623,Low Risk,163,165.77184622370223,2.7718462237022266,1.7005191556455377
FOODS_3_568,B,2.1336986301369865,2.852679242797753,7781.88,0.8520783048294343,Low Risk,781,783.674165747112,2.674165747112056,0.34240278452139
HOUSEHOLD_2_374,B,0.6213698630136987,1.0413133809409374,6758.64,0.8520608707686456,Low Risk,218,211.50577334378644,-6.494226656213556,-2.9790030533089706
HOUSEHOLD_2_212,B,0.8512328767123287,1.3816932760713598,8295.69,0.8520301969427314,Low Risk,291,290.52311973583716,-0.476880264162844,-0.16387637943740344
HOUSEHOLD_1_483,B,0.4501369863013699,0.7710550426109518,7459.22,0.8520224945478517,Low Risk,131,134.38293016205017,3.3829301620501724,2.582389436679521
HOUSEHOLD_1_454,B,0.4463013698630137,0.7647293154235847,4838.13,0.8520135091260426,Low Risk,130,135.39969615653467,5.399696156534674,4.153612428103595
FOODS_2_221,B,1.703013698630137,2.436930782483868,6216.0,0.8520011571081881,Low Risk,623,604.2576438227202,-18.742356177279817,-3.008403880783277
HOUSEHOLD_2_072,B,0.6221917808219178,1.0412172274857996,5859.18,0.8519982415465229,Low Risk,237,224.31066047598856,-12.689339524011444,-5.354151697895125
FOODS_3_538,B,1.0142465753424657,1.6057975241929925,5086.5,0.851934607972169,Low Risk,278,275.91276995925386,-2.0872300407461353,-0.7508021729302644
FOODS_3_581,B,0.7136986301369863,1.1775528024220219,9007.82,0.8519123269987152,Low Risk,239,243.06974229941633,4.069742299416333,1.7028210457808926
FOODS_2_378,B,0.7827397260273973,1.2783065285406947,9709.22,0.8518746474112631,Low Risk,205,204.22975387536002,-0.7702461246399821,-0.37572981689755225
FOODS_3_576,B,0.5378082191780822,0.9078209051166986,4907.5,0.8518718419070437,Low Risk,202,200.1672776608035,-1.8327223391964935,-0.9072882867309374
HOUSEHOLD_1_078,B,0.6095890410958904,1.0184196139885848,6319.0,0.8518367861732598,Low Risk,229,224.57539421578193,-4.424605784218073,-1.932142263850687
FOODS_2_267,B,1.093972602739726,1.708615298004347,7641.66,0.8518342141342143,Low Risk,427,448.10266826498344,21.102668264983436,4.942076877045301
FOODS_3_747,B,2.3095890410958906,2.974365880891647,8430.0,0.8518016057444415,Low Risk,797,810.6782892486763,13.678289248676265,1.716221988541564
FOODS_2_138,B,1.027945205479452,1.6185372435399727,6901.700000000001,0.8517731393539166,Low Risk,442,433.9802962377148,-8.01970376228519,-1.8144126159016265
FOODS_3_417,B,0.5024657534246575,0.8503344832544835,8262.3,0.8517682724496382,Low Risk,194,192.8751536121653,-1.1248463878347081,-0.579817725687994
FOODS_3_209,B,0.4389041095890411,0.748960294494351,6375.96,0.851763724941142,Low Risk,132,135.95094431657273,3.9509443165727305,2.9931396337672203
HOUSEHOLD_2_404,B,0.4884931506849315,0.8273908963416698,5295.51,0.8517195692027453,Low Risk,143,139.228738283036,-3.7712617169640055,-2.637245955918885
FOODS_2_329,B,0.45643835616438355,0.7760412251818404,6176.28,0.8516981574170894,Low Risk,123,130.99594809138907,7.995948091389067,6.500770806007372
HOUSEHOLD_1_125,B,0.4693150684931507,0.796515996692758,9798.359999999999,0.8516943810230397,Low Risk,126,132.98321494770244,6.983214947702436,5.542234085478124
HOUSEHOLD_2_266,B,0.7663013698630137,1.2489134843287644,8307.09,0.8516734926946453,Low Risk,246,238.9475328320963,-7.0524671679037,-2.8668565723185773
HOBBIES_1_388,B,0.5361643835616439,0.9015267190434902,5557.26,0.8516730123407168,Low Risk,211,192.42998163154755,-18.570018368452452,-8.80095657272628
FOODS_2_328,B,0.58,0.969123202055265,9357.14,0.8516530768483724,Low Risk,239,220.81103701221127,-18.188962987788727,-7.610444764765158
FOODS_3_046,B,0.7057534246575342,1.157858180168407,5099.5,0.8515935697979571,Low Risk,248,241.62155485808643,-6.3784451419135735,-2.571953686255473
HOUSEHOLD_1_296,B,0.4506849315068493,0.7646662809020657,8139.889999999999,0.851559756448134,Low Risk,169,169.96119693346103,0.9611969334610251,0.5687555819296006
FOODS_2_024,B,1.0136986301369864,1.591057762509883,9215.17,0.8515386194449271,Low Risk,392,398.9268980514768,6.926898051476826,1.7670658294583739
FOODS_3_384,B,0.49205479452054796,0.8294176076248108,5348.15,0.8515090219264981,Low Risk,154,144.12937604292782,-9.870623957072183,-6.409496076020899
FOODS_3_290,B,2.244931506849315,2.8984375655556485,8194.0,0.8514791304036909,Low Risk,832,801.5812746354952,-30.41872536450478,-3.656096798618363
HOUSEHOLD_1_135,B,1.0657534246575342,1.6544631564362426,5757.2,0.851381353452046,Low Risk,336,283.4784167023347,-52.5215832976653,-15.631423600495625
FOODS_2_121,B,1.0315068493150685,1.6088765071711193,6552.1,0.8513715574666233,Low Risk,338,335.19513282285357,-2.804867177146434,-0.8298423601024953
FOODS_3_111,B,0.4780821917808219,0.8039956696501801,8690.1,0.8513069301130805,Low Risk,165,160.53163639034548,-4.468363609654517,-2.708099157366374
FOODS_2_008,B,0.7701369863013698,1.2445711027461892,7024.5,0.8513036943735942,Low Risk,4,8.877721131401048,4.877721131401048,121.94302828502619
FOODS_1_109,B,0.6273972602739726,1.0339880772631445,5129.6,0.8513031103577844,Low Risk,232,235.69895505515777,3.698955055157768,1.5943771789473138
FOODS_3_013,B,1.0104109589041095,1.578111826558232,9510.94,0.8512964703742064,Low Risk,294,260.07745849762944,-33.922541502370564,-11.538279422575021
FOODS_3_018,B,0.5816438356164384,0.960464018582184,9573.36,0.8511012784735152,Low Risk,247,235.54419492932104,-11.455805070678963,-4.637977761408487
HOUSEHOLD_1_192,B,0.4021917808219178,0.6796543028860086,5314.16,0.8510525674194221,Low Risk,143,136.66851892232654,-6.331481077673459,-4.427609145226195
FOODS_2_296,B,0.606027397260274,0.9962202336715048,7375.900000000001,0.8510449128584676,Low Risk,143,158.76130629260183,15.76130629260183,11.021892512308971
FOODS_2_192,B,0.9638356164383561,1.5064696780985598,6781.13,0.851029414517996,Low Risk,366,362.2196598874108,-3.780340112589215,-1.0328798121828457
FOODS_3_777,B,0.7109589041095891,1.151459764811439,7729.139999999999,0.851024490395878,Low Risk,240,221.18274844628104,-18.81725155371896,-7.840521480716234
FOODS_2_167,B,0.8783561643835617,1.389187204765393,8008.66,0.8510120317690029,Low Risk,263,255.94125715970972,-7.058742840290279,-2.683932638893642
FOODS_3_742,B,1.227945205479452,1.8447818157354412,5982.009999999999,0.8509899435951026,Low Risk,545,526.4688633088581,-18.53113669114191,-3.400208567182002
HOBBIES_1_238,B,0.36684931506849316,0.6215700660248659,7948.780000000001,0.8509532661991369,Low Risk,104,111.45405360112923,7.454053601129232,7.1673592318550305
HOUSEHOLD_2_059,B,0.5416438356164384,0.8964119789505892,6879.96,0.8509496504672998,Low Risk,210,210.98199380867928,0.9819938086792774,0.4676160993710845
FOODS_1_175,B,0.7202739726027397,1.162985324928131,7834.22,0.8509426711079094,Low Risk,158,164.73834430025943,6.738344300259428,4.264774873581916
FOODS_3_009,B,0.616986301369863,1.0100273975205536,5132.969999999999,0.8509198817874958,Low Risk,145,154.11829006495867,9.118290064958671,6.288475906868049
HOUSEHOLD_2_002,B,0.567945205479452,0.9355278052163886,5534.91,0.8508961559741198,Low Risk,225,208.65078323362502,-16.34921676637498,-7.266318562833324
FOODS_1_163,B,1.8572602739726027,2.520001250763091,6584.58,0.8508686463427234,Low Risk,384,417.9316486956822,33.93164869568221,8.83636684783391
FOODS_1_044,B,0.9794520547945206,1.5218747457011903,9552.52,0.8508663264823243,Low Risk,322,296.4908758644898,-25.509124135510206,-7.9220882408416795
HOUSEHOLD_1_353,B,0.5205479452054794,0.8616170347243348,6536.0,0.8508203673862994,Low Risk,163,161.73056041046453,-1.269439589535466,-0.7787972941935374
FOODS_2_178,B,0.7095890410958904,1.1443097852005784,6469.0,0.8508163661193542,Low Risk,7,13.491019313636613,6.491019313636613,92.7288473376659
FOODS_3_118,B,1.5380821917808218,2.191766061772455,6619.84,0.8507686772621693,Low Risk,842,819.8759751357014,-22.124024864298576,-2.6275563971851037
HOUSEHOLD_1_105,B,0.4671232876712329,0.7765674121460195,6717.7,0.8506839213616508,Low Risk,121,134.52953682966256,13.529536829662561,11.18143539641534
FOODS_2_225,B,0.9564383561643836,1.4838191576407018,8685.09,0.8506493022855701,Low Risk,430,420.1571206146213,-9.842879385378694,-2.289041717529929
FOODS_3_285,B,1.9704109589041097,2.603347781630189,9577.13,0.8505756116075206,Low Risk,869,878.6375424642229,9.63754246422286,1.109038258253494
FOODS_2_137,B,1.0775342465753424,1.6395577383790234,9830.0,0.8505737369889333,Low Risk,332,327.3619585674731,-4.638041432526904,-1.3970004314840074
FOODS_3_707,B,1.3367123287671232,1.9560238237858072,5763.38,0.8505710202177965,Low Risk,2,8.027864606972695,6.027864606972695,301.39323034863475
FOODS_3_251,B,0.6032876712328767,0.982103567811309,6527.24,0.8505703013531734,Low Risk,238,235.43218536186475,-2.5678146381352462,-1.0789137135022042
FOODS_3_061,B,0.5197260273972603,0.8555718634285803,5639.03,0.8505565714136484,Low Risk,191,191.96794417728813,0.9679441772881319,0.5067770561717968
FOODS_2_005,B,0.6268493150684932,1.0166830854962343,9013.66,0.8505491855265962,Low Risk,271,240.66436075930523,-30.335639240694775,-11.193962819444566
HOUSEHOLD_2_061,B,0.6295890410958904,1.0168765528296024,6825.06,0.8503732257548071,Low Risk,167,172.97767281569006,5.977672815690056,3.5794447998144046
FOODS_3_401,B,0.6690410958904109,1.0746591095105669,4835.16,0.8503726613921507,Low Risk,220,206.5972525176416,-13.402747482358393,-6.092157946526542
FOODS_3_190,B,2.0863013698630137,2.683435535379701,7615.0,0.8503177990277097,Low Risk,584,571.8962891376598,-12.103710862340222,-2.072553229852778
FOODS_3_518,B,0.6523287671232877,1.0485351336090587,6854.76,0.8502967494664807,Low Risk,191,188.32781390748937,-2.6721860925106284,-1.3990503102149887
FOODS_2_042,B,0.8246575342465754,1.293127566922472,6089.1,0.8502792380539284,Low Risk,117,117.93427521855337,0.9342752185533669,0.7985258278233905
FOODS_2_237,B,0.7542465753424658,1.1919800488491983,6871.09,0.850178142135309,Low Risk,246,225.81028122284923,-20.189718777150773,-8.207202754939338
HOUSEHOLD_2_264,B,0.4534246575342466,0.7470747175070109,5759.4,0.8501707356165912,Low Risk,173,156.10519235236762,-16.894807647632376,-9.765784767417559
FOODS_2_120,B,0.7063013698630137,1.1229140179070982,6978.160000000001,0.8501417224278738,Low Risk,170,198.45334883284568,28.453348832845677,16.737264019320985
FOODS_1_214,B,0.7471232876712329,1.180780916207647,8562.78,0.8501345197933209,Low Risk,195,210.47547842697043,15.475478426970426,7.936142783061757
FOODS_3_475,B,1.8147945205479452,2.4322444062450193,6624.0,0.8501190107170498,Low Risk,573,537.2893407317232,-35.7106592682768,-6.232226748390366
HOUSEHOLD_2_145,B,0.5421917808219178,0.8809674895609438,7856.63,0.8500882911634298,Low Risk,140,152.80896423442894,12.808964234428942,9.149260167449244
HOBBIES_1_383,B,0.6202739726027398,0.996802193955411,6746.72,0.850080731904377,Low Risk,236,226.76174235878597,-9.238257641214034,-3.9145159496669635
FOODS_3_584,B,1.319178082191781,1.9105193741619346,4815.0,0.8500266841225401,Low Risk,345,375.7161488321341,30.71614883213408,8.90323154554611
FOODS_3_775,B,0.6772602739726027,1.0774110798099115,9226.64,0.8499830569361674,Low Risk,217,213.24591423877203,-3.7540857612279694,-1.729993438353903
FOODS_2_064,B,0.6536986301369863,1.0428310472815496,5546.52,0.8499587222972749,Low Risk,175,172.47942983603988,-2.520570163960116,-1.440325807977209
FOODS_3_044,B,0.7523287671232877,1.1831586549180293,7907.28,0.8499450602648679,Low Risk,243,250.4082773945535,7.408277394553494,3.0486738249191334
HOUSEHOLD_1_231,B,0.538082191780822,0.8714601222554079,5812.02,0.8499110020806521,Low Risk,183,182.52805405800376,-0.47194594199623907,-0.257893957374994
FOODS_3_766,B,0.6035616438356164,0.9683047341982771,6363.21,0.8498952110757118,Low Risk,172,168.70901431916414,-3.2909856808358597,-1.9133637679278253
FOODS_2_262,B,1.2,1.7634889059484085,8809.51,0.8498705792750929,Low Risk,413,402.62297752239954,-10.377022477600462,-2.512596241549749
FOODS_1_195,B,0.7953424657534247,1.2410403284004543,6502.72,0.8498698813165347,Low Risk,228,244.34861489023106,16.34861489023106,7.170445127294325
FOODS_3_528,B,0.4958904109589041,0.8070052220286927,9013.800000000001,0.8498636345432123,Low Risk,147,147.52381071622466,0.5238107162246592,0.35633382056099266
FOODS_3_648,B,1.475068493150685,2.075330521928282,5384.0,0.8498450565501183,Low Risk,450,417.8345659852631,-32.16543401473689,-7.147874225497086
FOODS_2_238,B,1.0035616438356165,1.518042913909501,6349.24,0.849841498642602,Low Risk,383,377.13059479060746,-5.869405209392539,-1.5324817779092792
FOODS_2_275,B,1.1208219178082193,1.665647425699057,9604.72,0.8498346481884339,Low Risk,314,337.5661429071733,23.566142907173287,7.5051410532399
FOODS_3_612,B,0.5745205479452055,0.9235256017686782,9425.1,0.849798707124442,Low Risk,202,198.12031193369594,-3.8796880663040554,-1.920637656586166
HOUSEHOLD_1_480,B,0.6945205479452055,1.0961441689748452,6920.55,0.8497338841857238,Low Risk,219,225.78394290856565,6.783942908565649,3.097690825829064
FOODS_3_278,B,1.743013698630137,2.3374503451428676,6358.25,0.849680093681112,Low Risk,627,606.9273330863259,-20.072666913674084,-3.201382282882629
FOODS_3_698,B,1.6567123287671233,2.252665699480534,6047.0,0.8496602625104137,Low Risk,570,551.6098963233427,-18.390103676657304,-3.2263339783609304
FOODS_3_189,B,0.7657534246575343,1.1922283253859622,6997.9,0.8495804621261468,Low Risk,167,168.4966136887639,1.4966136887638868,0.8961758615352616
FOODS_2_044,B,1.0690410958904109,1.5891004506364925,9746.54,0.8495121470821073,Low Risk,408,408.01517356124356,0.015173561243557288,0.0037190101087150214
FOODS_3_726,B,0.7682191780821918,1.1930548799057197,7037.06,0.8494838763120847,Low Risk,301,299.7008424997691,-1.2991575002308764,-0.4316137874521184
FOODS_3_658,B,0.6410958904109589,1.0131819068866204,6642.48,0.8494506390545923,Low Risk,202,195.40710345239498,-6.592896547605022,-3.2638101720816945
FOODS_2_220,B,1.0227397260273972,1.5286711426991628,7485.02,0.8494495207710977,Low Risk,400,383.74738270345796,-16.25261729654204,-4.06315432413551
FOODS_3_122,B,0.6567123287671233,1.0349947736121912,5992.5,0.8494259606309766,Low Risk,252,242.68449999489377,-9.31550000510623,-3.696626986153266
FOODS_3_743,B,0.6838356164383562,1.0732485782204413,7437.12,0.8494121358186526,Low Risk,256,237.53800437293398,-18.461995627066017,-7.211717041822663
FOODS_3_297,B,0.6550684931506849,1.031795327807969,6886.08,0.8493887286721531,Low Risk,240,221.27944703343164,-18.720552966568363,-7.800230402736817
FOODS_3_791,B,0.8865753424657534,1.3502780477324738,8078.0,0.8493858257413067,Low Risk,282,262.08253540308766,-19.91746459691234,-7.062930708124942
FOODS_2_199,B,2.208767123287671,2.7031299140875302,7784.56,0.8493166886298954,Low Risk,716,690.1754203335473,-25.824579666452678,-3.606784869616296
FOODS_3_456,B,0.4383561643835616,0.7106113720291035,6366.99,0.8493124599097219,Low Risk,132,124.56506728240105,-7.434932717598954,-5.632524786059814
FOODS_3_162,B,0.7172602739726027,1.1176616698780226,5183.64,0.8493056276864174,Low Risk,208,194.72403787212488,-13.275962127875118,-6.382674099939961
FOODS_2_041,B,0.66,1.0360797374008779,9563.73,0.8492691226409379,Low Risk,239,247.96129718805417,8.961297188054175,3.7494967314034207
FOODS_1_036,B,1.313972602739726,1.8655982810771425,8536.88,0.8491772723496787,Low Risk,495,494.1253247510511,-0.874675248948904,-0.17670207049472808
FOODS_2_020,B,0.8972602739726028,1.3573054370816124,8186.5,0.8491590844785527,Low Risk,279,275.83412591154166,-3.165874088458338,-1.1347218955047806
FOODS_3_191,B,1.4427397260273973,2.0057831298593642,5266.0,0.8491586175803788,Low Risk,428,433.1220223751372,5.122022375137192,1.1967341997984093
FOODS_3_735,B,0.8052054794520548,1.233996052717709,5878.0,0.8491343396928905,Low Risk,249,250.70566815484906,1.7056681548490644,0.685007291104042
FOODS_2_105,B,0.7775342465753424,1.1952860054206715,9473.52,0.8490925546157402,Low Risk,186,183.97786804724444,-2.022131952755558,-1.0871677165352462
FOODS_2_215,B,1.101095890410959,1.61128654975464,7406.860000000001,0.8490553186466829,Low Risk,532,480.2587252495116,-51.7412747504884,-9.725803524527894
FOODS_3_047,B,1.8095890410958904,2.359256353355861,6605.0,0.8490393382153608,Low Risk,541,560.7857385249204,19.78573852492036,3.657252962092488
FOODS_3_716,B,1.0684931506849316,1.5702143894767726,5391.2,0.8490235736614163,Low Risk,406,411.74809244271034,5.748092442710345,1.4157863159385085
FOODS_1_206,B,0.927945205479452,1.3923458293395845,6948.26,0.8490049978457606,Low Risk,320,322.9785698750787,2.9785698750786764,0.9308030859620864
FOODS_3_464,B,0.616986301369863,0.9679074582395957,7849.88,0.8489620683208545,Low Risk,236,222.01694124622776,-13.98305875377224,-5.925024895666204
HOUSEHOLD_1_070,B,0.5161643835616438,0.8213288401611283,7404.120000000001,0.8489568262458285,Low Risk,186,172.25312506105635,-13.746874938943648,-7.390792977926693
FOODS_1_153,B,1.0224657534246575,1.5101880928206364,7389.36,0.8489408203340356,Low Risk,313,322.4515046837577,9.451504683757719,3.019650058708536
FOODS_2_355,B,0.7931506849315069,1.2122997999306255,7083.22,0.8489402347065592,Low Risk,292,308.71139787129755,16.71139787129755,5.723081462773134
FOODS_3_733,B,0.9523287671232876,1.4213369554339612,6658.58,0.8489332381128294,Low Risk,197,204.91358685703247,7.91358685703247,4.01704916600633
HOUSEHOLD_1_155,B,0.4610958904109589,0.738662478522402,5839.67,0.8489107804037439,Low Risk,143,148.8491753331115,5.8491753331115035,4.0903324007772754
HOUSEHOLD_2_451,B,0.5501369863013699,0.8686439555979388,6867.36,0.8488240355654078,Low Risk,184,173.88402757117885,-10.115972428821152,-5.497811102620191
FOODS_3_166,B,1.4835616438356165,2.029888595792005,5415.0,0.8487903037320574,Low Risk,442,440.43301749310046,-1.566982506899535,-0.3545209291627907
HOUSEHOLD_2_322,B,0.6134246575342466,0.9586607699546533,4970.580000000001,0.8487680611151022,Low Risk,247,220.9873167433936,-26.012683256606408,-10.531450711176683
FOODS_1_190,B,2.047945205479452,2.540146794095816,7236.82,0.84875517360658,Low Risk,394,498.0243845038761,104.02438450387609,26.40212804666906
FOODS_2_327,B,1.2715068493150685,1.7982617526004538,9257.58,0.8487450399905995,Low Risk,425,421.3565409549012,-3.64345904509878,-0.8572844811997129
FOODS_1_182,B,1.1936986301369863,1.7061505191501958,9125.84,0.8486749354799582,Low Risk,400,392.73414288144653,-7.26585711855347,-1.8164642796383677
FOODS_2_001,B,1.146027397260274,1.648900527849616,8035.34,0.848640471859391,Low Risk,467,459.06034800451425,-7.939651995485747,-1.7001396135943783
FOODS_3_529,B,0.5504109589041096,0.8638827097102809,7995.82,0.8485551789892654,Low Risk,165,173.35137819933138,8.351378199331378,5.061441332928108
FOODS_1_146,B,0.7517808219178083,1.1458593016736351,6145.52,0.8485515229914641,Low Risk,195,209.12414003493535,14.124140034935351,7.243148735864283
FOODS_3_354,B,0.7816438356164384,1.1846476300552555,8498.48,0.8484968930490273,Low Risk,303,309.20761539215147,6.207615392151467,2.048717951205105
FOODS_3_025,B,0.7712328767123288,1.1703352917006071,7969.0199999999995,0.84848439839182,Low Risk,387,359.39391873727504,-27.606081262724956,-7.133354331453477
FOODS_2_107,B,1.2347945205479451,1.7433097340088946,9050.91,0.8484383118474026,Low Risk,450,445.29666633194597,-4.703333668054029,-1.045185259567562
HOUSEHOLD_2_167,B,0.7323287671232876,1.1161002170809857,7698.24,0.8484219750330345,Low Risk,236,229.93735040736055,-6.0626495926394455,-2.568919318915019
HOBBIES_1_199,B,0.62,0.9604311857092486,9006.74,0.8484169591300067,Low Risk,145,161.91348948395574,16.913489483955743,11.664475506176375
HOUSEHOLD_1_422,B,0.5191780821917809,0.8159074684380881,6859.900000000001,0.8484118645550904,Low Risk,158,160.39771570493517,2.397715704935166,1.5175415854020038
FOODS_3_057,B,0.581917808219178,0.9055122712444055,5983.32,0.8483725572122889,Low Risk,123,139.7014384456595,16.701438445659505,13.57840524037358
FOODS_2_039,B,0.48547945205479454,0.7650437722157558,8824.560000000001,0.8483186799462037,Low Risk,155,147.4201891667624,-7.5798108332375875,-4.890200537572637
FOODS_3_536,B,0.8682191780821917,1.2924738849963333,9387.94,0.8482817537208422,Low Risk,294,304.51139715810837,10.511397158108366,3.5753051558191724
HOUSEHOLD_1_452,B,0.5816438356164384,0.9031126918138097,6305.31,0.8482734996597159,Low Risk,129,141.63593167475423,12.635931674754232,9.795295871902505
FOODS_2_025,B,0.6791780821917808,1.0395465543727709,9744.94,0.8482677253322678,Low Risk,292,259.3685397835185,-32.631460216481514,-11.17515760838408
FOODS_3_613,B,0.6353424657534247,0.9784805450351468,6678.04,0.8482576513533897,Low Risk,140,148.88301529543384,8.883015295433836,6.345010925309882
FOODS_3_663,B,0.9750684931506849,1.426823952572693,6192.66,0.8482428070071047,Low Risk,308,295.1180856628781,-12.881914337121884,-4.182439719844767
FOODS_3_656,B,0.6531506849315069,1.0008065762141558,8308.119999999999,0.848148356890202,Low Risk,241,246.7287232182715,5.7287232182715115,2.3770635760462704
HOUSEHOLD_1_374,B,0.6101369863013698,0.9399954128251502,8841.19,0.8481110598450209,Low Risk,159,158.3347065979827,-0.665293402017312,-0.4184235232813283
HOUSEHOLD_1_522,B,0.9898630136986302,1.4394345258879013,6380.7300000000005,0.8480761862560394,Low Risk,181,177.40259694166582,-3.59740305833418,-1.9875155018420885
FOODS_3_610,B,1.121917808219178,1.5971976842835907,8005.36,0.8480503473278664,Low Risk,337,329.9184379139422,-7.081562086057772,-2.1013537347352442
FOODS_3_141,B,0.5367123287671233,0.8342458679851303,5656.92,0.8480322255196991,Low Risk,142,138.7423244230071,-3.2576755769929093,-2.2941377302766965
FOODS_2_134,B,0.7684931506849315,1.1542309259889854,8358.9,0.8480209270689731,Low Risk,244,255.5895266188996,11.589526618899612,4.7498059913523
HOUSEHOLD_1_076,B,0.49013698630136987,0.7654761048987516,8864.720000000001,0.8479445093276461,Low Risk,174,176.28309249116404,2.283092491164041,1.3121221213586443
FOODS_1_181,B,1.6975342465753425,2.189193282044643,8550.48,0.8479129929523336,Low Risk,612,651.5122734512537,39.51227345125369,6.456253831904197
FOODS_3_805,B,1.5013698630136987,2.001403532646316,5480.0,0.8478953994415008,Low Risk,414,422.78581123446764,8.785811234467644,2.1221766266830056
HOUSEHOLD_2_049,B,0.6495890410958904,0.9900608261376446,8108.82,0.8478919540864671,Low Risk,210,193.92761170480716,-16.072388295192837,-7.653518235806113
FOODS_3_218,B,0.690958904109589,1.0461273693777704,5035.39,0.8478682910785112,Low Risk,208,190.01948087711276,-17.980519122887245,-8.644480347541943
FOODS_2_157,B,0.5964383561643836,0.9146284886783469,8551.16,0.8478179233012446,Low Risk,235,211.91642661616254,-23.08357338383746,-9.822797184611685
FOODS_3_089,B,1.6361643835616437,2.1261159306991657,5972.0,0.8477995420627557,Low Risk,492,501.8442737741859,9.844273774185922,2.0008686532898214
FOODS_2_376,B,1.1095890410958904,1.5703267533349285,7843.7,0.8477301106177128,Low Risk,325,315.3461096485138,-9.653890351486211,-2.970427800457296
FOODS_1_041,B,0.8432876712328767,1.2434934025291489,6893.68,0.8477177060050235,Low Risk,239,266.24719580038726,27.24719580038726,11.400500334890067
HOUSEHOLD_2_342,B,1.9663013698630136,2.4033441958623953,6961.69,0.8477112782788984,Low Risk,663,659.7445827231426,-3.255417276857429,-0.49101316393023064
FOODS_3_029,B,1.1038356164383563,1.5622329359154963,6052.38,0.8476943354046182,Low Risk,493,474.9507554667143,-18.049244533285673,-3.661104367806425
HOUSEHOLD_1_317,B,1.1827397260273973,1.6528799784852912,8461.32,0.8476925041950099,Low Risk,308,315.64506651601937,7.645066516019369,2.482164453253042
FOODS_3_269,B,0.7613698630136986,1.1360160720453938,8277.5,0.8476919595706649,Low Risk,249,224.86915969504784,-24.13084030495216,-9.691100524077171
HOUSEHOLD_1_398,B,0.6331506849315068,0.9626896594500081,6620.0,0.8476811855191451,Low Risk,190,175.7758899102697,-14.224110089730289,-7.486373731436995
FOODS_3_212,B,0.667945205479452,1.0101634235320593,7265.24,0.8476720202592926,Low Risk,224,212.94353752072826,-11.056462479271744,-4.935920749674886
FOODS_2_211,B,0.9578082191780822,1.3859790470329303,8239.41,0.8476649612675246,Low Risk,266,263.65352631718844,-2.3464736828115633,-0.8821329634629939
FOODS_3_021,B,1.076164383561644,1.525594763044119,9617.01,0.847583468105899,Low Risk,263,283.2838780787499,20.28387807874992,7.7125011706273465
HOUSEHOLD_2_298,B,0.5994520547945206,0.9128057181079521,7482.96,0.8475290228948162,Low Risk,196,195.7887400677339,-0.21125993226610262,-0.10778567972760336
FOODS_1_127,B,1.009041095890411,1.4430546036645573,7807.96,0.8475099030528979,Low Risk,307,316.4346194524849,9.434619452484924,3.0731659454348286
FOODS_3_677,B,0.5865753424657534,0.8938053295064933,8521.18,0.8474758249936434,Low Risk,198,189.91568521732088,-8.084314782679115,-4.082987263979351
FOODS_3_049,B,0.516986301369863,0.7955492197607601,8848.59,0.8474594997862822,Low Risk,179,172.95297194933752,-6.047028050662476,-3.3782279612639527
HOUSEHOLD_1_043,B,0.766027397260274,1.135175566751694,8080.3,0.8474303045441367,Low Risk,458,386.3319844915484,-71.66801550845162,-15.648038320622623
FOODS_1_054,B,1.1276712328767122,1.575931015460946,8149.679999999999,0.8473382311705138,Low Risk,320,328.42523688112675,8.42523688112675,2.6328865253521094
HOUSEHOLD_1_158,B,0.650958904109589,0.9787158946122065,9429.26,0.8473089772691844,Low Risk,203,200.97824159215907,-2.0217584078409345,-0.9959401023846968
FOODS_2_323,B,0.6356164383561644,0.9577781368587911,9210.4,0.8473062956865055,Low Risk,267,252.66219958616304,-14.337800413836959,-5.369962701811596
FOODS_3_170,B,0.9649315068493151,1.3806309233361762,6973.5599999999995,0.8472455146382147,Low Risk,275,256.7674162181272,-18.23258378187279,-6.63003046613556
FOODS_3_508,B,1.4682191780821918,1.9304723070314334,5359.0,0.8471596833226839,Low Risk,352,347.0072085023588,-4.9927914976411785,-1.4184066754662439
FOODS_3_650,B,0.7791780821917809,1.1423746661416756,8472.14,0.8470626547101553,Low Risk,386,398.3563024747515,12.356302474751487,3.2011146307646343
HOUSEHOLD_1_460,B,0.5736986301369863,0.866962370175229,8100.16,0.8470319171935456,Low Risk,224,227.87322171891032,3.8732217189103153,1.7291168387992477
FOODS_3_385,B,0.7783561643835616,1.1401742397826462,8455.98,0.8470206881983995,Low Risk,317,301.372686897598,-15.627313102402013,-4.929751767319248
HOUSEHOLD_1_025,B,0.8706849315068493,1.2569307216564958,9470.44,0.8470060004640875,Low Risk,273,272.71937122812454,-0.2806287718754561,-0.10279442193240149
FOODS_3_055,B,0.5991780821917808,0.9013551404041982,6504.16,0.8469991640308084,Low Risk,186,185.51150446439775,-0.48849553560225445,-0.26263200838830886
FOODS_3_060,B,0.796986301369863,1.1631228281795791,8666.65,0.8469843888201739,Low Risk,409,415.6533326125058,6.653332612505778,1.6267316900992121
FOODS_3_312,B,0.7353424657534247,1.0828062591619003,7729.92,0.8469637680397967,Low Risk,260,254.8121244406785,-5.187875559321498,-1.9953367535851914
FOODS_3_280,B,0.5917808219178082,0.8902125193376651,9201.7,0.846950827048622,Low Risk,164,162.43142729807815,-1.5685727019218518,-0.9564467694645439
HOUSEHOLD_1_059,B,0.8134246575342465,1.1826764301547699,9263.28,0.846933794295905,Low Risk,248,232.6572706577219,-15.34272934227809,-6.186584412208908
HOUSEHOLD_1_211,B,0.6027397260273972,0.9042957380120256,8514.0,0.8469070784023482,Low Risk,190,196.34917551708827,6.34917551708827,3.3416713247832996
FOODS_3_438,B,1.555890410958904,1.9993900382667746,5679.0,0.8468696310319621,Low Risk,520,486.1795046318788,-33.820495368121215,-6.503941416946388
HOUSEHOLD_1_047,B,0.5487671232876712,0.8290127342030141,8472.69,0.8468571182270117,Low Risk,148,151.38641566411036,3.386415664110359,2.2881186919664587
HOBBIES_1_242,B,0.7342465753424657,1.0782255524861366,7269.24,0.8468408266475784,Low Risk,287,262.033554029188,-24.966445970812003,-8.699110094359582
FOODS_3_509,B,1.1216438356164384,1.5492278451337145,8106.12,0.846832042560766,Low Risk,367,349.86592081458593,-17.134079185414066,-4.668686426543342
FOODS_2_084,B,0.6736986301369863,0.9977193874125904,7302.21,0.8468089287152026,Low Risk,245,214.623866306535,-30.376133693464993,-12.398421915699998
FOODS_1_139,B,2.4038356164383563,2.6259840735322473,8598.52,0.8468039644502945,Low Risk,924,946.2134656114007,22.213465611400693,2.40405471984856
HOBBIES_1_206,B,0.6934246575342465,1.0228871963406354,7246.4400000000005,0.8467685988935298,Low Risk,327,302.542246297089,-24.45775370291102,-7.479435383153217
FOODS_1_074,B,1.1027397260273972,1.525203678201678,9013.230000000001,0.8467646060118105,Low Risk,301,309.9972024426887,8.997202442688717,2.9891038015577136
FOODS_3_426,B,0.6268493150684932,0.9334925105378609,6816.95,0.8467431742831553,Low Risk,207,208.85876912525418,1.8587691252541845,0.8979560991566108
HOUSEHOLD_1_021,B,1.2816438356164384,1.7193042670744942,8938.86,0.8467227072036377,Low Risk,469,475.0191218581676,6.01912185816758,1.283394852487757
FOODS_3_104,B,0.823013698630137,1.1865773058442552,8951.92,0.8466456340182855,Low Risk,318,302.2578194525247,-15.7421805474753,-4.950371241344434
FOODS_3_625,B,0.8841095890410959,1.2622627717952086,9560.0,0.8466367373481464,Low Risk,295,280.5737470110483,-14.426252988951717,-4.890255250492107
HOBBIES_1_097,B,0.4808219178082192,0.7297381876294212,7433.76,0.8466206614005408,Low Risk,137,134.02169677119818,-2.9783032288018205,-2.173943962629066
FOODS_3_480,B,0.807945205479452,1.1661586060664744,8638.619999999999,0.8465949952769203,Low Risk,236,232.23478052338703,-3.7652194766129696,-1.595431981615665
FOODS_1_040,B,1.2706849315068494,1.7016880442562663,8255.64,0.8465863672725924,Low Risk,377,419.9633281994568,42.96332819945678,11.39610827571798
FOODS_2_180,B,1.1142465753424657,1.5312009571193095,9547.119999999999,0.8465834142898595,Low Risk,424,415.6894991140904,-8.310500885909619,-1.9600237938466083
FOODS_2_109,B,0.7682191780821918,1.1151702406215718,8168.88,0.8465763358665673,Low Risk,217,199.2715285812483,-17.728471418751695,-8.169802497120598
FOODS_3_708,B,0.9230136986301369,1.3069964615211862,9363.119999999999,0.8465512953105916,Low Risk,331,314.07298328992823,-16.92701671007177,-5.113902329326819
FOODS_1_185,B,0.9917808219178083,1.388769249616783,7789.799999999999,0.8465428350258067,Low Risk,353,351.6327471316466,-1.3672528683533756,-0.38732375874033304
FOODS_3_687,B,0.6917808219178082,1.013508841197722,7528.94,0.8464697503434897,Low Risk,209,201.74808871373654,-7.251911286263464,-3.469814012566251
FOODS_3_084,B,0.7731506849315068,1.117411070240833,5431.26,0.8464256622754622,Low Risk,214,216.49793677986239,2.4979367798623855,1.1672601775057876
FOODS_3_560,B,0.9432876712328767,1.3259288432365897,9768.01,0.8463845998955087,Low Risk,627,582.4431228279376,-44.5568771720624,-7.106359995544242
HOBBIES_1_010,B,0.5098630136986302,0.765834030674767,5527.17,0.8463587868116377,Low Risk,176,162.19038112059818,-13.809618879401825,-7.8463743632964915
FOODS_1_097,B,1.9805479452054795,2.321018082537373,7084.42,0.8463587510951833,Low Risk,674,698.540825836145,24.540825836145018,3.6410720825140976
FOODS_2_185,B,0.9682191780821918,1.353042654318781,6960.36,0.8463101809020673,Low Risk,259,248.47173921531962,-10.528260784680384,-4.064965553930651
FOODS_3_357,B,0.6917808219178082,1.009173248401107,9708.14,0.8462900126911672,Low Risk,186,180.40212062292775,-5.597879377072246,-3.0096125683184116
FOODS_2_202,B,0.5753424657534246,0.8537603732806573,6258.0,0.846260604516563,Low Risk,200,208.4951112801843,8.49511128018429,4.247555640092145
HOUSEHOLD_1_499,B,0.5408219178082192,0.8066620276265821,7797.360000000001,0.8462572354675508,Low Risk,148,140.55395504994664,-7.446044950053363,-5.031111452738759
FOODS_3_075,B,0.7832876712328767,1.1254036817767918,8232.72,0.846247147172265,Low Risk,258,278.434120870273,20.434120870272977,7.920201887702705
FOODS_2_321,B,0.8528767123287672,1.2119794392986594,9040.91,0.8462442918918758,Low Risk,266,266.08062784777576,0.08062784777575871,0.03031122096833034
FOODS_3_065,B,0.5452054794520548,0.8121847316569316,7277.2,0.8462320335067699,Low Risk,199,190.7736222309327,-8.226377769067312,-4.13385817541071
HOBBIES_1_270,B,0.5263013698630137,0.7859367964307774,9374.48,0.8462145906227756,Low Risk,156,154.27167032153625,-1.7283296784637514,-1.1079036400408664
FOODS_2_089,B,0.6506849315068494,0.952650352044517,9300.36,0.8461765403577217,Low Risk,247,231.77933424781335,-15.220665752186648,-6.1622128551362945
HOBBIES_1_282,B,0.6326027397260274,0.9273884858379092,9189.82,0.846115069731829,Low Risk,236,229.3088513915236,-6.6911486084763965,-2.835232461218812
FOODS_3_621,B,1.372876712328767,1.7838466135347797,7516.5,0.8461016763312283,Low Risk,451,448.36234279532727,-2.6376572046727347,-0.5848463868453957
FOODS_3_786,B,1.3304109589041095,1.7365167365796916,9614.88,0.8459974710589628,Low Risk,390,376.60745890828065,-13.392541091719352,-3.4339848953126544
FOODS_3_642,B,0.7235616438356164,1.042541755931672,7870.18,0.8459796020665162,Low Risk,251,243.44801462925992,-7.551985370740084,-3.008759111848639
FOODS_3_544,B,0.7112328767123288,1.026056721502214,7736.08,0.8459517999885524,Low Risk,233,237.60393427801833,4.603934278018329,1.9759374583769653
HOUSEHOLD_1_176,B,0.6032876712328767,0.8846240758279463,8665.49,0.8459363880554307,Low Risk,205,200.44451078733846,-4.555489212661541,-2.222189859834898
HOBBIES_1_240,B,0.6978082191780822,1.00800882627513,7226.05,0.8459195907953244,Low Risk,317,303.98154451704687,-13.01845548295313,-4.106768291152407
HOUSEHOLD_1_141,B,1.4284931506849314,1.8283295393466283,9228.78,0.8459019521214787,Low Risk,430,403.1787383865376,-26.82126161346241,-6.237502700805212
FOODS_3_246,B,0.8142465753424658,1.1535994853340348,5829.54,0.8458728728199577,Low Risk,257,261.53829654663406,4.538296546634058,1.7658741426591664
HOUSEHOLD_2_376,B,0.5665753424657535,0.833710515280213,7899.759999999999,0.8458478084178618,Low Risk,163,156.4302603524067,-6.569739647593309,-4.030515121222889
FOODS_2_130,B,1.1378082191780823,1.5274668456566498,6545.780000000001,0.8458248702559836,Low Risk,356,367.62305761948465,11.623057619484655,3.2649038256979366
HOUSEHOLD_1_208,B,1.8367123287671232,2.177054697250839,6234.72,0.845816878179089,Low Risk,600,604.1246393933448,4.124639393344751,0.6874398988907917
HOUSEHOLD_2_325,B,0.5298630136986301,0.7833644669331126,7385.5599999999995,0.8458104207769335,Low Risk,159,157.57507294180982,-1.4249270581901783,-0.8961805397422504
FOODS_1_122,B,1.0372602739726027,1.415272431182125,7496.28,0.8458076239195228,Low Risk,345,362.37926900880774,17.37926900880774,5.037469277915287
HOUSEHOLD_1_313,B,0.5646575342465754,0.8299083246524478,8167.900000000001,0.8457856808138113,Low Risk,211,180.0170849031274,-30.982915096872603,-14.683846017475165
FOODS_2_146,B,0.9789041095890411,1.3474675674327703,6903.82,0.845778184584179,Low Risk,282,291.09813873956114,9.098138739561136,3.226290333177708
FOODS_3_289,B,0.7556164383561644,1.0771817851457801,7978.95,0.8457477403377734,Low Risk,232,213.70516254017485,-18.294837459825146,-7.885705801648769
FOODS_1_092,B,1.1536986301369863,1.5359735909692194,8253.56,0.8456083483909496,Low Risk,312,323.2020999674485,11.202099967448476,3.590416656233486
FOODS_3_748,B,0.6405479452054794,0.9256253993166581,9305.24,0.8455657941577662,Low Risk,180,181.67015415765076,1.6701541576507566,0.9278634209170871
FOODS_3_701,B,0.9347945205479452,1.287041587170426,6755.76,0.8455031559362429,Low Risk,282,283.1790634959218,1.1790634959218096,0.4181076226673084
HOUSEHOLD_1_181,B,0.5786301369863014,0.8421502758182893,8321.28,0.8454645375819334,Low Risk,185,183.1303524329239,-1.8696475670761004,-1.0106203065276218
FOODS_3_310,B,1.4986301369863013,1.862827669263231,5470.0,0.8452957827443796,Low Risk,490,478.61274402002454,-11.387255979975464,-2.323929791831727
FOODS_3_200,B,1.233972602739726,1.606900319631618,8938.0,0.8452897072576251,Low Risk,209,221.6447560517666,12.644756051766592,6.050122512806982
HOUSEHOLD_2_096,B,0.5495890410958905,0.7993427664007575,6960.820000000001,0.8452493778746136,Low Risk,150,153.62537483650414,3.625374836504136,2.416916557669424
HOUSEHOLD_1_530,B,0.7432876712328768,1.048620771059644,5286.38,0.8452445116619264,Low Risk,266,257.6697900930614,-8.330209906938592,-3.1316578597513502
HOUSEHOLD_1_154,B,0.6523287671232877,0.933497859171303,7047.76,0.8452393046905889,Low Risk,201,188.97798287113227,-12.02201712886773,-5.981103049187926
FOODS_3_239,B,0.8273972602739726,1.1501736823547208,5979.599999999999,0.8451929972921399,Low Risk,258,242.76547493376245,-15.234525066237552,-5.90485467683626
HOBBIES_1_139,B,0.8843835616438356,1.2173057715574884,8124.43,0.8451679568998589,Low Risk,219,230.27078923231107,11.270789232311074,5.146479101511906
HOUSEHOLD_1_028,B,0.9024657534246575,1.23807303135665,9494.61,0.8451533771044154,Low Risk,482,424.29178549895886,-57.70821450104114,-11.972658610174511
FOODS_3_108,B,2.564109589041096,2.560396693761135,9359.0,0.8451439035903361,Low Risk,715,726.6796529474168,11.679652947416798,1.633517894743608
FOODS_2_116,B,1.0654794520547946,1.4191802074475917,7516.2,0.8450581106391012,Low Risk,271,280.0099033740611,9.009903374061082,3.3246875919044587
FOODS_3_062,B,0.9265753424657535,1.262951233627163,9769.26,0.8450548712326614,Low Risk,285,272.62409545803524,-12.375904541964758,-4.342422646303424
HOBBIES_1_379,B,0.7934246575342466,1.1050895227647488,6487.040000000001,0.8450517006665762,Low Risk,232,225.24049377188882,-6.759506228111178,-2.913580270737577
FOODS_1_130,B,1.2032876712328766,1.563768360331968,7817.76,0.845016533155529,Low Risk,500,494.3693019015557,-5.630698098444327,-1.1261396196888656
FOODS_1_145,B,1.344109589041096,1.7038796634201994,4807.88,0.8450077945423817,Low Risk,497,473.8974658354832,-23.102534164516783,-4.64839721620056
FOODS_3_433,B,1.375890410958904,1.7335752619554514,5021.64,0.8449916145013413,Low Risk,427,433.7172502194846,6.717250219484583,1.573126515101776
FOODS_3_761,B,0.9736986301369863,1.3145344578646243,7108.0,0.844985727868537,Low Risk,249,254.33843999344694,5.33843999344694,2.143951804597165
HOUSEHOLD_1_101,B,0.9663013698630137,1.305684083485828,8358.62,0.8449718294175304,Low Risk,275,276.7358952107263,1.7358952107263121,0.6312346220822953
FOODS_3_416,B,0.6276712328767123,0.8956221292973435,6139.700000000001,0.8449622203834061,Low Risk,206,206.20990217428192,0.20990217428192182,0.10189425936015621
FOODS_3_431,B,1.5043835616438357,1.8462727047352445,5490.76,0.8448808927526675,Low Risk,507,495.9825882110617,-11.017411788938318,-2.173059524445428
FOODS_3_671,B,0.9517808219178082,1.2845940253601922,7920.719999999999,0.8448340694497702,Low Risk,346,305.31400782947605,-40.685992170523946,-11.758957274717902
FOODS_3_709,B,0.9408219178082192,1.2697567253124424,8304.01,0.844762107361447,Low Risk,351,348.0566879994274,-2.9433120005725755,-0.8385504275135544
HOUSEHOLD_1_503,B,1.6369863013698631,1.9532776909140976,7173.02,0.8447581358565607,Low Risk,515,516.1929247522793,1.192924752279282,0.23163587422898682
FOODS_3_011,B,1.12986301369863,1.4762618731036166,7988.82,0.8447447480945378,Low Risk,389,385.13329242985503,-3.8667075701449676,-0.9940122288290405
FOODS_3_553,B,0.7682191780821918,1.0656593630025168,7032.23,0.8447280268740166,Low Risk,240,231.2708412422795,-8.729158757720512,-3.637149482383547
HOUSEHOLD_1_363,B,0.6013698630136987,0.8565184025018484,6519.150000000001,0.8447178215792095,Low Risk,175,157.50054438611906,-17.49945561388094,-9.999688922217679
FOODS_3_085,B,0.7326027397260274,1.0203493071883782,7968.5199999999995,0.8446591009446395,Low Risk,259,259.2923383202863,0.29233832028631923,0.1128719383344862
FOODS_1_134,B,1.1567123287671233,1.4961685375210605,8359.56,0.8445413746528755,Low Risk,242,250.4292244826679,8.429224482667905,3.4831506126726883
HOUSEHOLD_1_167,B,0.6334246575342466,0.8901769266562213,6334.88,0.8443810320095979,Low Risk,170,183.5798520511582,13.579852051158213,7.988148265387183
HOBBIES_1_142,B,1.895068493150685,2.1241806398605116,6501.98,0.8443456279977166,Low Risk,549,571.523702860399,22.523702860399,4.10267811664827
FOODS_3_335,B,1.093150684931507,1.421397068558535,9790.23,0.8443274653694363,Low Risk,328,314.5285039071911,-13.471496092808877,-4.107163442929536
FOODS_3_640,B,1.375890410958904,1.6998926631086266,7533.0,0.8442895438061069,Low Risk,435,444.01411975774755,9.014119757747551,2.0722114385626553
HOUSEHOLD_2_299,B,1.116986301369863,1.444416096386315,5050.14,0.8442761812024565,Low Risk,307,294.8395273585543,-12.160472641445722,-3.961066006985577
HOUSEHOLD_2_434,B,0.9054794520547945,1.2129282586063643,6213.4,0.8442454366245147,Low Risk,289,287.50437960634656,-1.4956203936534394,-0.5175157071465188
FOODS_3_005,B,0.8679452054794521,1.1694416397193754,7223.039999999999,0.8442282303881038,Low Risk,267,254.8406438633883,-12.159356136611706,-4.554065968768429
FOODS_1_202,B,1.6183561643835616,1.9068015268383802,5724.74,0.8442085350456722,Low Risk,472,494.9247924042706,22.92479240427059,4.856947543277668
FOODS_2_125,B,1.0347945205479452,1.3532722839311138,9501.39,0.8441666964588187,Low Risk,343,330.0899683229713,-12.910031677028712,-3.763857631786797
HOUSEHOLD_1_365,B,0.6295890410958904,0.8789746485964263,9278.97,0.8440915979534026,Low Risk,199,187.30498632508431,-11.695013674915685,-5.87689129392748
FOODS_3_826,B,1.0726027397260274,1.3830354803947937,5011.2,0.8438838652976995,Low Risk,387,391.5859982011745,4.585998201174505,1.1850124550838514
HOBBIES_1_056,B,1.8986301369863015,2.095061540505444,6514.2,0.8438684119689575,Low Risk,611,599.8575985406212,-11.142401459378789,-1.8236336267395725
FOODS_3_215,B,2.0,2.1593163966010875,7509.66,0.8438384012971285,Low Risk,749,706.1764181300555,-42.82358186994452,-5.717434161541324
FOODS_2_108,B,0.7676712328767124,1.0410833477636676,9312.6,0.8438347839936922,Low Risk,259,251.06515275526476,-7.934847244735238,-3.06364758483986
FOODS_3_072,B,0.9068493150684932,1.1974588018429162,8264.44,0.8437070104298507,Low Risk,286,280.16649175153873,-5.833508248461271,-2.0396881987626823
HOUSEHOLD_2_225,B,1.3717808219178083,1.6648884349605264,4826.59,0.8436374313425521,Low Risk,446,430.4902182655774,-15.509781734422575,-3.477529536866048
FOODS_3_719,B,0.7528767123287671,1.0179392283167248,6884.32,0.8436222029895877,Low Risk,255,255.6517904427179,0.6517904427178962,0.2556040951834887
HOUSEHOLD_2_196,B,0.9473972602739726,1.238584517507027,7849.66,0.843592190118203,Low Risk,295,293.68197654575897,-1.318023454241029,-0.44678761160712843
HOBBIES_1_407,B,0.8364383561643836,1.110175376494382,8433.92,0.8434488732283504,Low Risk,236,248.57481174864998,12.574811748649978,5.328310062987279
FOODS_3_684,B,1.124931506849315,1.4135381938622855,7705.48,0.8432782087249407,Low Risk,394,390.49641695081027,-3.5035830491897286,-0.8892342764440935
HOUSEHOLD_2_382,B,0.7131506849315068,0.9599643684471902,9058.44,0.8431950441520197,Low Risk,249,228.8036419065987,-20.1963580934013,-8.11098718610494
FOODS_3_019,B,0.8805479452054794,1.1464338052184964,6260.15,0.8430069759996044,Low Risk,249,243.58042388688563,-5.419576113114374,-2.1765365916121984
FOODS_3_545,B,1.4665753424657535,1.7116323921378436,5353.0,0.8429119824523472,Low Risk,475,479.98683549927387,4.986835499273866,1.0498601051102876
HOUSEHOLD_2_118,B,0.753972602739726,1.0000092349889105,9411.84,0.842890899338638,Low Risk,213,207.61493092856193,-5.385069071438068,-2.528201441989703
HOBBIES_1_352,B,0.8002739726027397,1.0503101795602379,7347.96,0.8427908487473619,Low Risk,200,202.42471166181372,2.424711661813717,1.2123558309068585
HOBBIES_1_358,B,0.9613698630136986,1.2267629861303575,8830.62,0.8427845632639164,Low Risk,247,255.87182098598333,8.871820985983334,3.591830358697706
FOODS_2_123,B,0.7282191780821918,0.9673192912924518,7894.26,0.8427828956720841,Low Risk,259,245.6933804967703,-13.306619503229712,-5.1376909278879195
FOODS_3_331,B,1.5104109589041095,1.7371936292632015,8250.34,0.8427081210786875,Low Risk,472,453.28812235193584,-18.71187764806416,-3.964380857640712
FOODS_3_225,B,1.0893150684931507,1.3531003636261716,7873.5,0.8426360118022885,Low Risk,327,320.79084006850746,-6.209159931492536,-1.8988256671230996
FOODS_3_340,B,0.7698630136986301,1.0108597681938012,8834.16,0.8426122884373796,Low Risk,228,242.0899202627678,14.089920262767805,6.179789588933248
FOODS_3_186,B,0.7983561643835616,1.035091360021786,6642.099999999999,0.8423222260450939,Low Risk,177,186.96124071801134,9.96124071801134,5.627819614695672
FOODS_3_058,B,1.2057534246575343,1.4500431550719075,8713.98,0.8422512514529166,Low Risk,402,397.40370782675603,-4.596292173243967,-1.1433562620009867
FOODS_1_208,B,1.2750684931506848,1.5132402980845348,9121.84,0.8422440078505763,Low Risk,489,499.50749189544536,10.507491895445355,2.1487713487618314
HOUSEHOLD_1_244,B,0.8197260273972603,1.0557727004780202,8856.32,0.842214012398492,Low Risk,256,262.78659975131586,6.786599751315862,2.6510155278577585
HOUSEHOLD_1_024,B,1.5298630136986302,1.7222326236776,8208.48,0.8421334914521303,Low Risk,470,460.626508586783,-9.373491413216982,-1.9943598751525495
HOUSEHOLD_1_528,B,0.8145205479452055,1.04770173653399,8823.24,0.8421323871650063,Low Risk,246,222.64573323459504,-23.354266765404958,-9.493604376180876
FOODS_3_559,B,0.8405479452054795,1.0750412056713743,9148.96,0.842090482862195,Low Risk,238,234.67072175958853,-3.329278240411469,-1.3988564035342306
HOUSEHOLD_1_330,B,1.0912328767123287,1.3332828056162473,9638.86,0.8420649258894726,Low Risk,302,306.6448181425087,4.644818142508711,1.5380192524863283
FOODS_3_026,B,1.1391780821917807,1.3718480187831439,8232.84,0.8418697065990196,Low Risk,421,397.71490991463435,-23.285090085365653,-5.530900257806568
HOUSEHOLD_1_461,B,1.7608219178082192,1.8746844100350393,6234.19,0.8418686621533689,Low Risk,554,519.2970535547652,-34.70294644523483,-6.264069755457551
HOBBIES_1_154,B,0.9087671232876713,1.1400455597641013,9246.3,0.8418276052706081,Low Risk,378,364.3867060061265,-13.613293993873526,-3.6014005274797687
FOODS_3_010,B,0.8556164383561644,1.082372000994851,8864.46,0.8417872326005977,Low Risk,211,217.8605728379362,6.860572837936189,3.2514563212967724
FOODS_3_361,B,1.1712328767123288,1.3699171182774232,8464.5,0.8410835843470489,Low Risk,358,348.1336626060228,-9.866337393977176,-2.7559601659154125
FOODS_3_390,B,1.2556164383561643,1.4417064071742138,8157.74,0.8410122071351357,Low Risk,420,429.2741654672758,9.274165467275793,2.208134635065665
HOUSEHOLD_1_532,B,1.0780821917808219,1.2703532431512474,9758.8,0.8407336673347429,Low Risk,340,336.6863134920491,-3.3136865079508766,-0.9746136788090813
HOUSEHOLD_1_170,B,1.1734246575342466,1.353337195712992,8422.3,0.8406298239112346,Low Risk,360,359.35332516592194,-0.6466748340780555,-0.17963189835501542
HOUSEHOLD_2_213,B,2.1564383561643834,2.0027162767693976,7589.79,0.8405166354875138,Low Risk,690,673.061212763551,-16.938787236449002,-2.454896700934638
FOODS_3_467,B,0.8838356164383562,1.0678215622649703,6270.28,0.8403384423641145,Low Risk,277,275.15816620946714,-1.84183379053286,-0.6649219460407436
FOODS_3_248,B,0.9397260273972603,1.1145343536379373,6695.65,0.8400630943255337,Low Risk,307,301.04980527133205,-5.950194728667952,-1.9381741787192028
HOUSEHOLD_1_007,B,1.6024657534246576,1.6531340646605421,8656.52,0.8399015265771631,Low Risk,490,498.194739853507,8.194739853506974,1.672395888470811
HOUSEHOLD_1_217,B,1.156986301369863,1.307172578712743,7728.09,0.8398496369661449,Low Risk,307,300.4452080426084,-6.554791957391615,-2.135111386772513
HOUSEHOLD_2_102,B,1.0726027397260274,1.213308890464903,9709.199999999999,0.8393458068983065,Low Risk,339,309.93735417416696,-29.062645825833044,-8.573051866027447
FOODS_3_301,B,1.0298630136986302,1.1663201978533868,7324.469999999999,0.8391084733217794,Low Risk,241,247.35900466335482,6.359004663354824,2.638591146620259
FOODS_3_253,B,1.2402739726027396,1.3408316327036773,8963.46,0.8389882648202363,Low Risk,387,397.3620269348567,10.362026934856715,2.677526339756257
HOUSEHOLD_2_442,B,1.1046575342465754,1.2200953763128632,5967.36,0.8387869888662972,Low Risk,303,313.5229796460133,10.522979646013312,3.472930576242017
HOUSEHOLD_1_061,B,1.305205479452055,1.3649089560031824,8884.22,0.838392925590058,Low Risk,355,337.8215119090617,-17.178488090938288,-4.839010729841771
HOUSEHOLD_1_390,B,1.1695890410958905,1.250269840270122,7974.969999999999,0.8381863595854004,Low Risk,365,347.3631618590766,-17.636838140923373,-4.832010449568048
HOUSEHOLD_1_215,B,1.1561643835616437,1.207561167836573,9377.560000000001,0.8373965173133952,Low Risk,367,376.27481247065685,9.274812470656855,2.527196858489606
HOBBIES_1_112,C,0.012602739726027398,0.13183390770085426,123.32000000000001,0.7000811316095805,Low Risk,35,36.65037758795719,1.6503775879571876,4.715364537020536
HOUSEHOLD_2_162,C,0.026027397260273973,0.2344228420126679,377.15000000000003,0.658469859996154,Low Risk,94,77.9748078469194,-16.025192153080596,-17.048076758596377
FOODS_3_522,C,0.04547945205479452,0.3974605643776258,390.38,0.6509255862486896,Low Risk,82,79.53317890062453,-2.4668210993754656,-3.008318413872519
HOBBIES_1_391,C,0.03232876712328767,0.2197342658054198,457.84,0.5951332090539917,Low Risk,82,77.35247520604871,-4.647524793951291,-5.667713163355233
FOODS_3_345,C,0.04684931506849315,0.31365592664382463,397.68,0.592305187874877,Low Risk,80,76.207075988818,-3.792924011181995,-4.741155013977494
FOODS_3_732,C,0.09397260273972603,0.5784016582657224,698.0600000000001,0.5771222980807916,Low Risk,15,21.51283949573222,6.512839495732219,43.41892997154813
HOUSEHOLD_2_242,C,0.033424657534246574,0.2013398473071859,1548.43,0.5729666904013676,Low Risk,41,45.46452653783451,4.464526537834509,10.889089116669533
HOUSEHOLD_2_175,C,0.03643835616438356,0.20419933586283542,794.01,0.5609489222187055,Low Risk,25,33.80521700691183,8.805217006911832,35.22086802764733
FOODS_3_630,C,0.06821917808219179,0.38111540466603466,579.4200000000001,0.5606563614583195,Low Risk,110,97.75865480213353,-12.241345197866465,-11.128495634424059
FOODS_3_054,C,0.27095890410958906,1.435277803877733,1994.02,0.5536561745660435,Low Risk,51,60.18104510136559,9.18104510136559,18.0020492183639
FOODS_3_160,C,0.09479452054794521,0.4997124675828261,809.0600000000001,0.551790844804701,Low Risk,186,169.31220650084566,-16.68779349915434,-8.971931988792656
HOBBIES_2_079,C,0.047397260273972605,0.24374907802320325,427.31000000000006,0.5477904606432777,Low Risk,10,20.11793334714199,10.117933347141989,101.1793334714199
HOUSEHOLD_2_448,C,0.1232876712328767,0.6309198780814352,2228.54,0.5475556911724155,Low Risk,32,36.240842832937396,4.240842832937396,13.252633852929364
HOBBIES_2_143,C,0.1591780821917808,0.8046380921703191,563.5699999999999,0.5459941528315184,Low Risk,81,92.84998521420422,11.849985214204224,14.629611375560772
FOODS_1_079,C,0.11123287671232877,0.5625665094640022,2148.26,0.5457600859130408,Low Risk,46,48.1002866915801,2.100286691580102,4.5658406338697874
HOBBIES_2_055,C,0.05808219178082192,0.2941312206078685,530.0,0.5456042078796784,Low Risk,33,39.11631459756837,6.116314597568369,18.53428665929809
HOUSEHOLD_2_278,C,0.06,0.303383676634082,2404.62,0.5453969595085685,Low Risk,29,34.26954640830662,5.269546408306617,18.17084968381592
FOODS_3_824,C,0.07808219178082192,0.38281334963450564,667.8000000000001,0.541105529931148,Low Risk,140,125.37437811137268,-14.625621888627322,-10.446872777590945
FOODS_3_123,C,0.10328767123287672,0.49443617122653666,881.26,0.537949217616463,Low Risk,169,142.5294991112077,-26.470500888792287,-15.663018277391885
HOBBIES_1_192,C,0.05232876712328767,0.24831865720567545,676.14,0.5364274149665508,Low Risk,20,30.504840830654228,10.504840830654228,52.524204153271135
HOUSEHOLD_2_314,C,0.14,0.6414605491101345,1006.67,0.5323029750789869,Low Risk,35,40.39897141548566,5.398971415485661,15.425632615673319
HOUSEHOLD_2_245,C,0.06301369863013699,0.28744956749749917,453.09999999999997,0.5312291643114452,Low Risk,11,21.077750779629504,10.077750779629504,91.61591617845004
HOUSEHOLD_2_108,C,0.07726027397260274,0.34811972042359335,2504.1600000000003,0.5297178904206137,Low Risk,1,6.682355605056134,5.682355605056134,568.2355605056134
FOODS_3_666,C,0.13424657534246576,0.6024111546570093,1155.2,0.5295554385530599,Low Risk,268,224.59859894445285,-43.401401055547154,-16.19455263266685
HOUSEHOLD_2_042,C,0.05342465753424658,0.23908464326079387,832.6,0.5286859950616449,Low Risk,16,28.311252241237053,12.311252241237053,76.94532650773158
HOUSEHOLD_2_283,C,0.08328767123287671,0.37189586643865624,1794.56,0.5285921142303563,Low Risk,86,84.93276183001235,-1.0672381699876468,-1.2409746162647055
HOBBIES_2_057,C,0.11041095890410958,0.48898650886717593,793.91,0.5277225019375518,Low Risk,43,47.36330863261207,4.363308632612068,10.1472293781676
FOODS_3_762,C,0.10931506849315069,0.47904378803546377,1310.88,0.5263802866715122,Low Risk,198,192.18024938967346,-5.819750610326537,-2.9392679850134025
HOBBIES_1_212,C,0.05945205479452055,0.26075070498058706,1620.99,0.5261645044098473,Low Risk,26,32.250675989301634,6.250675989301634,24.041061497313976
FOODS_3_659,C,0.17095890410958905,0.7331409514239874,1859.52,0.5240863338808195,Low Risk,320,298.8290058602095,-21.17099413979048,-6.615935668684525
HOUSEHOLD_2_202,C,0.06438356164383562,0.2769434741304468,2082.1,0.5237747249927599,Low Risk,0,6.438162214871889,6.438162214871889,
FOODS_3_336,C,0.1358904109589041,0.5811976644612586,1159.97,0.5235323206879268,Low Risk,230,197.39175455829314,-32.608245441706856,-14.177498018133416
HOBBIES_2_119,C,0.05780821917808219,0.24820675890071367,626.6700000000001,0.5235075993147046,Low Risk,13,22.535874367771303,9.535874367771303,73.35287975208693
HOBBIES_2_030,C,0.06794520547945206,0.2891808054503522,240.09,0.522496387156257,Low Risk,22,31.43552581905578,9.43552581905578,42.888753722980816
HOBBIES_2_066,C,0.06876712328767123,0.2922866314761131,1247.47,0.5223380613137047,Low Risk,22,34.36112291955746,12.36112291955746,56.186922361624816
HOBBIES_2_110,C,0.09561643835616439,0.4040185449420412,2083.5299999999997,0.5217946731800033,Low Risk,0,6.438162214871889,6.438162214871889,
HOBBIES_1_314,C,0.07178082191780821,0.30217691250392814,1040.14,0.521191193597843,Low Risk,23,30.572826712013942,7.572826712013942,32.9253335304954
HOUSEHOLD_2_018,C,0.05917808219178082,0.24733024148853164,1715.0400000000002,0.5202412854657892,Low Risk,32,38.74904917450216,6.7490491745021615,21.090778670319253
HOUSEHOLD_2_161,C,0.07041095890410959,0.29283224160168886,2819.29,0.5197250667824314,Low Risk,24,31.4665786699062,7.466578669906198,31.11074445794249
HOBBIES_2_099,C,0.11150684931506849,0.46103792025798046,394.79,0.5192931294473287,Low Risk,40,43.928490630822985,3.928490630822985,9.821226577057462
HOUSEHOLD_2_412,C,0.06904109589041096,0.2851017250944905,1496.88,0.5188716067443457,Low Risk,21,32.93814395593692,11.938143955936923,56.848304552080585
HOBBIES_2_056,C,0.08438356164383562,0.34803991063578876,749.04,0.5188283976109569,Low Risk,41,45.11763984872952,4.117639848729517,10.043024021291506
HOUSEHOLD_1_199,C,0.1378082191780822,0.5656860222190545,890.3100000000001,0.518609642268292,Low Risk,43,45.046551419439034,2.0465514194390337,4.759421905672172
HOUSEHOLD_1_297,C,0.08821917808219178,0.36253478099555897,2552.2400000000002,0.5184223122259161,Low Risk,16,23.115233513234248,7.115233513234248,44.47020945771405
HOBBIES_2_097,C,0.18958904109589042,0.7730746349609218,1360.27,0.5181616328586965,Low Risk,65,62.98278636346462,-2.0172136365353808,-3.1034055946698165
FOODS_3_790,C,0.12219178082191781,0.49924647680499357,999.6800000000001,0.5179608546519918,Low Risk,120,110.63063143836304,-9.36936856163696,-7.807807134697467
HOUSEHOLD_2_065,C,0.06410958904109589,0.26226993397875403,1279.98,0.5177361049899339,Low Risk,19,29.960441851063386,10.960441851063386,57.68653605822834
HOBBIES_2_034,C,0.0852054794520548,0.3466557512727773,777.5,0.5172267904530397,Low Risk,59,55.38579208649737,-3.614207913502632,-6.1257761245807325
HOUSEHOLD_2_230,C,0.06356164383561644,0.2571284065164557,575.02,0.516424156210401,Low Risk,9,19.767397115213388,10.767397115213388,119.6377457245932
HOUSEHOLD_2_147,C,0.06739726027397261,0.2717241288234694,976.62,0.5160570975232506,Low Risk,22,29.633872340133642,7.633872340133642,34.69941972788019
HOUSEHOLD_2_087,C,0.06794520547945206,0.27359826816595184,1969.1200000000001,0.5159192264270882,Low Risk,17,24.750798134182695,7.750798134182695,45.59293020107468
HOUSEHOLD_2_474,C,0.08465753424657534,0.3404093830564076,2385.37,0.5158624358403701,Low Risk,22,30.852004910943954,8.852004910943954,40.23638595883616
FOODS_3_220,C,0.08712328767123288,0.34972282589529624,947.64,0.5156803466038224,Low Risk,72,78.14939699629205,6.1493969962920545,8.540829161516744
HOUSEHOLD_2_086,C,0.06767123287671233,0.27115113736218527,980.59,0.5153479205948399,Low Risk,23,30.643989519407935,7.643989519407935,33.234737040904065
HOUSEHOLD_2_101,C,0.07753424657534247,0.3101718546175169,1270.67,0.5152267367925153,Low Risk,35,42.19603489965128,7.196034899651281,20.56009971328937
HOBBIES_2_016,C,0.06657534246575343,0.26426015886818377,1207.71,0.5142639973943467,Low Risk,18,26.695418360813044,8.695418360813044,48.30787978229469
HOBBIES_1_336,C,0.08465753424657534,0.3322613344746916,580.92,0.5131021942746683,Low Risk,29,39.38303478330654,10.383034783306542,35.80356821829842
HOBBIES_2_118,C,0.11068493150684931,0.43335931751121093,1598.88,0.5129967693084628,Low Risk,24,30.352488525088916,6.352488525088916,26.46870218787048
HOBBIES_2_049,C,0.09726027397260274,0.379840226446163,887.5,0.5126278114086533,Low Risk,46,48.657267625070965,2.657267625070965,5.776668750154271
HOUSEHOLD_1_092,C,0.11726027397260275,0.45571568868314716,757.5600000000001,0.5122105480780695,Low Risk,40,42.635866145444766,2.6358661454447656,6.589665363611914
FOODS_3_314,C,0.17205479452054795,0.6658793720983592,1440.14,0.5120986521003071,Low Risk,208,173.07151777087353,-34.92848222912647,-16.79253953323388
HOBBIES_1_062,C,0.11506849315068493,0.4422442184125152,407.4,0.5109618906730561,Low Risk,40,41.77210849137903,1.7721084913790293,4.430271228447573
HOUSEHOLD_1_057,C,0.13616438356164384,0.5201677484581294,879.42,0.5104332871702826,Low Risk,30,38.273194299826145,8.273194299826145,27.577314332753815
HOBBIES_1_145,C,0.32,1.2061139580044116,1498.29,0.5101530103817921,Low Risk,123,106.01089707904445,-16.989102920955546,-13.812278797524835
HOUSEHOLD_2_379,C,0.10821917808219178,0.41228511336782897,1753.8000000000002,0.5099544906903449,Low Risk,33,40.15538390486139,7.155383904861388,21.682981529882994
HOUSEHOLD_2_392,C,0.0736986301369863,0.2805346012676506,1336.9299999999998,0.5096401214773305,Low Risk,24,30.795747939345876,6.795747939345876,28.315616413941154
HOUSEHOLD_2_372,C,0.15342465753424658,0.5787130503783536,4744.64,0.5091627654806965,Low Risk,92,85.43958646036467,-6.560413539635334,-7.13088428221232
HOUSEHOLD_2_078,C,0.11095890410958904,0.41816182983616657,2367.7599999999998,0.508793312840042,Low Risk,162,158.1920173019877,-3.807982698012296,-2.350606603711294
HOUSEHOLD_1_174,C,0.14465753424657535,0.5439371160028262,2796.7799999999997,0.5087679854653459,Low Risk,219,221.09843796204564,2.0984379620456366,0.9581908502491491
HOBBIES_1_302,C,0.07315068493150685,0.27575292037419913,768.9599999999999,0.5085796597293504,Low Risk,27,33.7382232326765,6.7382232326765035,24.956382343246307
HOBBIES_2_061,C,0.12027397260273973,0.45160404290962686,864.83,0.5084568105795545,Low Risk,35,38.978895515198715,3.9788955151987153,11.368272900567758
HOUSEHOLD_2_134,C,0.07616438356164383,0.28616892895188456,1651.3200000000002,0.5082433848361914,Low Risk,38,43.7433035300023,5.743303530002301,15.113956657900793
HOUSEHOLD_2_005,C,0.07589041095890411,0.284802006855468,1515.1899999999998,0.5081140670798133,Low Risk,30,37.605550462503636,7.605550462503636,25.35183487501212
HOBBIES_2_112,C,0.1252054794520548,0.46757893654948124,1128.7900000000002,0.5079063280194622,Low Risk,32,38.14457490758983,6.144574907589828,19.20179658621821
HOUSEHOLD_2_125,C,0.09780821917808219,0.3657292297393376,3170.1600000000003,0.5078663457724509,Low Risk,12,9.026438150200384,-2.9735618497996157,-24.779682081663466
HOBBIES_1_052,C,0.07808219178082192,0.291820800108298,1675.8,0.5076850305578938,Low Risk,33,39.56072873256918,6.560728732569181,19.880996159300548
HOBBIES_2_077,C,0.10767123287671233,0.3996042182407554,3911.21,0.5071293740550568,Low Risk,20,28.765920145726493,8.765920145726493,43.82960072863247
HOUSEHOLD_2_189,C,0.07780821917808219,0.2885892704032756,4112.32,0.5068695872218159,Low Risk,19,28.231704109857272,9.231704109857272,48.587916367669855
HOUSEHOLD_2_149,C,0.08657534246575342,0.3204213243489141,1256.76,0.506699100103681,Low Risk,25,34.90931446726902,9.90931446726902,39.63725786907608
HOUSEHOLD_2_141,C,0.0736986301369863,0.2726075926302249,1339.6200000000001,0.5065554493264238,Low Risk,34,37.68378019891438,3.683780198914377,10.834647643865814
HOBBIES_2_031,C,0.13315068493150686,0.49032535636041275,3386.73,0.506465957688698,Low Risk,52,49.08947938438395,-2.9105206156160506,-5.597155030030867
HOUSEHOLD_2_138,C,0.08904109589041095,0.3277858837638559,1940.25,0.506147667114244,Low Risk,17,28.1602657422847,11.1602657422847,65.64862201343942
HOUSEHOLD_2_309,C,0.08164383561643836,0.2978272175561036,738.22,0.5051420663994782,Low Risk,19,31.42268870146769,12.422688701467688,65.38257211298783
HOBBIES_2_082,C,0.13232876712328767,0.48067197570355813,425.04,0.5050245128997808,Low Risk,40,45.26194380070019,5.2619438007001875,13.154859501750469
HOUSEHOLD_2_502,C,0.09342465753424657,0.33972495112565054,3021.2599999999998,0.5048871961184517,Low Risk,0,6.438162214871889,6.438162214871889,
HOUSEHOLD_2_307,C,0.09643835616438357,0.35041129911908586,2104.96,0.5048255552012181,Low Risk,33,37.95983245679049,4.959832456790487,15.029795323607537
HOUSEHOLD_2_274,C,0.09972602739726028,0.36181832970035077,2265.52,0.5046917721209018,Low Risk,32,39.69626886155464,7.696268861554643,24.050840192358258
HOBBIES_2_027,C,0.1210958904109589,0.43813664602666225,870.74,0.5045417928261273,Low Risk,25,33.99972107713275,8.999721077132747,35.99888430853099
HOUSEHOLD_2_428,C,0.08493150684931507,0.307783041927224,2461.4,0.5044753272845128,Low Risk,30,34.68140086174011,4.681400861740109,15.604669539133695
HOUSEHOLD_2_331,C,0.08931506849315068,0.32307922089443536,1294.22,0.5043142940632116,Low Risk,21,31.510487173307638,10.510487173307638,50.04993892051256
HOBBIES_2_132,C,0.2608219178082192,0.9314247572644896,2739.88,0.5040938878087816,Low Risk,73,81.17494729015401,8.174947290154009,11.19855793171782
HOUSEHOLD_2_034,C,0.08876712328767124,0.3198208991356301,3814.5,0.5038984417383001,Low Risk,23,33.62770296697211,10.627702966972109,46.20740420422656
FOODS_1_039,C,0.22082191780821916,0.7887287547528707,1998.8799999999999,0.5038556757599748,Low Risk,128,122.94356126545192,-5.056438734548081,-3.9503427613656883
HOBBIES_2_106,C,0.11917808219178082,0.42823016321857776,421.95,0.5038153156997518,Low Risk,40,41.856292305397815,1.8562923053978153,4.640730763494538
HOUSEHOLD_2_456,C,0.08164383561643836,0.2931903386440965,2640.2799999999997,0.5035132900599065,Low Risk,0,6.438162214871889,6.438162214871889,
HOUSEHOLD_2_393,C,0.10547945205479452,0.37763975830636115,2263.8,0.503355036620632,Low Risk,22,31.504832290518618,9.504832290518618,43.20378313872099
FOODS_1_105,C,0.16410958904109588,0.5831042028814645,1180.1,0.5029558004387109,Low Risk,252,215.29812964817006,-36.70187035182994,-14.564234266599183
HOUSEHOLD_2_006,C,0.09342465753424657,0.33238559550615115,1173.04,0.5026342255748256,Low Risk,19,25.655486193229482,6.655486193229482,35.028874701207805
HOBBIES_2_014,C,0.14575342465753424,0.5162365599479123,516.04,0.5025138323416024,Low Risk,41,49.21554756436406,8.215547564364059,20.037920888692824
HOUSEHOLD_2_439,C,0.2,0.7042913520537452,4262.7,0.5022782406593173,Low Risk,257,253.9128015763239,-3.0871984236761136,-1.2012445228311726
HOUSEHOLD_2_116,C,0.12712328767123288,0.44819750891079957,2615.96,0.5019305382213334,Low Risk,54,67.57973621362105,13.579736213621047,25.147659654853786
HOUSEHOLD_2_094,C,0.10849315068493151,0.3822008328863515,2352.2400000000002,0.5017279840286683,Low Risk,37,42.53972080158701,5.539720801587009,14.972218382667593
HOUSEHOLD_2_254,C,0.0936986301369863,0.33024031397579084,1518.0100000000002,0.5016810337882585,Low Risk,45,44.99926564490773,-0.0007343550922698228,-0.0016319002050440507
HOBBIES_2_052,C,0.10219178082191781,0.35769827869117715,921.3100000000001,0.5010408273699024,Low Risk,38,43.51453599539937,5.5145359953993704,14.511936829998342
HOUSEHOLD_1_124,C,0.16027397260273973,0.5587539787572287,2328.3,0.5010126091990763,Low Risk,98,76.47179865950997,-21.52820134049003,-21.967552388255132
HOUSEHOLD_2_111,C,0.16465753424657534,0.5729924196182098,3869.94,0.5008590425772363,Low Risk,70,67.45143738787432,-2.5485626121256786,-3.6408037316081123
HOBBIES_1_065,C,0.09150684931506849,0.3199054020256753,1629.92,0.5008489401017704,Low Risk,36,38.66013921804504,2.660139218045039,7.389275605680663
HOUSEHOLD_2_092,C,0.09315068493150686,0.32453722227024134,2018.46,0.5005162480674312,Low Risk,35,41.8668528109185,6.866852810918502,19.61957945976715
HOBBIES_2_006,C,0.10383561643835616,0.3610398418940437,1504.63,0.5003851502157135,Low Risk,20,28.25907868155736,8.259078681557359,41.2953934077868
HOUSEHOLD_2_027,C,0.09068493150684931,0.31539614681355543,1645.07,0.5003263180952833,Low Risk,33,38.916211205775426,5.916211205775426,17.927912744774016
HOBBIES_1_174,C,0.09726027397260274,0.3370241192932643,1732.3999999999999,0.5000028288520011,Low Risk,28,41.391001034850326,13.391001034850326,47.825003695894026
HOUSEHOLD_2_249,C,0.10794520547945205,0.37365620708947295,3404.1600000000003,0.4999671770499303,Low Risk,41,43.79320314691934,2.793203146919339,6.81269060224229
HOBBIES_2_111,C,0.10684931506849316,0.3695481628269176,1548.3000000000002,0.4998756878518186,Low Risk,19,26.757771467431034,7.757771467431034,40.830376144373865
HOBBIES_2_015,C,0.136986301369863,0.472744924439377,1235.0,0.4998530643254568,Low Risk,33,44.66984080509785,11.669840805097849,35.36315395484196
HOUSEHOLD_2_270,C,0.13287671232876713,0.45833673900874505,2866.96,0.4997778659938155,Low Risk,151,149.27903636884335,-1.7209636311566499,-1.1397110140110265
FOODS_3_580,C,6.201917808219178,12.941148769770088,4658.46,0.49976754581218485,Low Risk,1417,1454.401766944193,37.401766944193014,2.6395036657863806
FOODS_3_296,C,0.3019178082191781,1.0294760465818233,2191.24,0.4997318673428784,Low Risk,351,371.14104343875664,20.14104343875664,5.73818901389078
HOBBIES_2_039,C,0.14164383561643837,0.4870957823412675,2569.49,0.4995342987504472,Low Risk,51,51.78277060902722,0.7827706090272173,1.5348443314259161
HOBBIES_2_040,C,0.13835616438356163,0.475526027978299,444.4,0.4994584414839097,Low Risk,33,39.06812279965809,6.0681227996580915,18.38825090805482
HOBBIES_2_047,C,0.11753424657534246,0.4043399149793231,214.5,0.49941667981392296,Low Risk,34,39.82359531998147,5.823595319981472,17.12822152935727
HOBBIES_2_021,C,0.11945205479452055,0.4108420005136047,422.92,0.4994060892749659,Low Risk,44,47.07383805725149,3.0738380572514927,6.985995584662484
HOUSEHOLD_2_144,C,0.09671232876712328,0.3330932236290998,1567.3200000000002,0.4993966905868482,Low Risk,36,43.04164295744083,7.041642957440828,19.560119326224523
HOBBIES_2_102,C,0.13095890410958905,0.44953666467820186,2853.66,0.499287047796235,Low Risk,51,49.97517255787296,-1.024827442127041,-2.0094655727981197
FOODS_3_815,C,0.34684931506849315,1.1723133768909728,3136.2999999999997,0.4991637229405732,Low Risk,90,88.74556975479234,-1.254430245207658,-1.3938113835640644
HOUSEHOLD_2_276,C,0.10493150684931507,0.35996225285369127,2095.0099999999998,0.4990562632234927,Low Risk,38,44.902946760031426,6.902946760031426,18.165649368503754
HOUSEHOLD_2_063,C,0.12465753424657534,0.4260240903997502,2261.35,0.4988134753439789,Low Risk,33,37.65029918933649,4.6502991893364864,14.09181572526208
HOUSEHOLD_1_260,C,0.1252054794520548,0.4277895077560053,1357.2900000000002,0.49879244466957284,Low Risk,38,41.15160528614185,3.1516052861418515,8.293698121425926
HOUSEHOLD_2_396,C,0.10767123287671233,0.3681946971612481,3318.9,0.4987633188643641,Low Risk,73,66.42028555618701,-6.579714443812989,-9.013307457278067
HOBBIES_2_084,C,0.1147945205479452,0.3920633194376324,2498.73,0.49868668248225617,Low Risk,39,39.415511595738636,0.4155115957386357,1.065414348047784
HOBBIES_1_066,C,0.40328767123287673,1.3502088739426774,1840.0,0.4986125430708033,Low Risk,150,160.17619382528088,10.176193825280876,6.784129216853918
HOUSEHOLD_2_340,C,0.11972602739726028,0.4070762565652698,2176.26,0.498280108127681,Low Risk,43,42.556340352874756,-0.4436596471252443,-1.0317666212214982
HOBBIES_2_050,C,0.11287671232876713,0.383795783926927,811.64,0.49823795665501913,Low Risk,36,39.559040917511574,3.559040917511574,9.886224770865484
HOUSEHOLD_2_291,C,0.12602739726027398,0.4278683924598497,2286.2,0.4981766449224528,Low Risk,34,39.266588950251595,5.266588950251595,15.489967500739986
HOUSEHOLD_2_210,C,0.09972602739726028,0.33914265142845446,3225.04,0.4981708222142885,Low Risk,0,6.438162214871889,6.438162214871889,
HOBBIES_2_013,C,0.09479452054794521,0.32236498291793014,2411.62,0.49813699420912483,Low Risk,30,36.12327267777111,6.123272677771112,20.410908925903705
HOUSEHOLD_2_503,C,0.10082191780821918,0.3420384199068901,2553.92,0.49794147915906206,Low Risk,22,30.731978306847118,8.731978306847118,39.69081048566872
HOBBIES_2_086,C,0.12575342465753425,0.42570180575996336,445.23,0.497892905528571,Low Risk,35,46.45902825676087,11.459028256760867,32.740080733602476
HOBBIES_2_127,C,0.10054794520547945,0.340915418519252,1456.99,0.49788451058442595,Low Risk,32,40.84865203112464,8.848652031124637,27.65203759726449
HOUSEHOLD_2_218,C,0.09808219178082192,0.332280202550466,3974.26,0.4977882600452576,Low Risk,36,41.84053548926189,5.840535489261889,16.223709692394138
HOBBIES_2_080,C,0.09342465753424657,0.3163326921086245,1350.05,0.4977064471199686,Low Risk,33,38.82023559243405,5.820235592434052,17.637077552830462
HOUSEHOLD_2_384,C,0.19616438356164384,0.6591777394877586,4187.2,0.4976327451847296,Low Risk,232,219.48773543280828,-12.512264567191721,-5.393217485858501
HOUSEHOLD_2_397,C,0.10794520547945205,0.3647489776179798,2750.1200000000003,0.49760072134246414,Low Risk,30,40.31749601667351,10.317496016673509,34.3916533889117
HOUSEHOLD_2_504,C,0.10136986301369863,0.342677042829484,728.9,0.49759977523085086,Low Risk,29,34.781518762957745,5.781518762957745,19.93627159640602
HOBBIES_2_048,C,0.2167123287671233,0.7256753401864185,2276.32,0.4974275242419959,Low Risk,90,94.94545875500896,4.945458755008957,5.494954172232174
HOUSEHOLD_2_085,C,0.09643835616438357,0.32526469547724907,2792.33,0.4973475005588505,Low Risk,17,28.326384362321388,11.326384362321388,66.6257903665964
HOBBIES_1_162,C,0.15041095890410958,0.5022351748788849,2185.02,0.4967288625824316,Low Risk,51,51.1425555956019,0.14255559560189823,0.27952077568999656
HOUSEHOLD_2_282,C,0.16931506849315067,0.564638835878763,3620.64,0.49672881051320467,Low Risk,219,213.63540442428507,-5.3645955757149295,-2.449587020874397
HOUSEHOLD_2_387,C,0.11095890410958904,0.37092968453270186,2415.8199999999997,0.49658559142894976,Low Risk,40,43.85976715578029,3.8597671557802897,9.649417889450724
HOBBIES_1_214,C,0.11013698630136987,0.3678371571214366,3969.86,0.49649049136297385,Low Risk,71,66.54958971216037,-4.450410287839631,-6.268183503999481
HOUSEHOLD_2_495,C,0.17917808219178083,0.5952257147325872,3832.7999999999997,0.49642342122767563,Low Risk,244,215.19246016177144,-28.807539838228564,-11.806368786159247
FOODS_3_454,C,5.206849315068493,11.414399909131937,3932.03,0.49638879047189893,Low Risk,1395,1435.400826398029,40.40082639802904,2.8961165876723327
FOODS_1_084,C,0.2493150684931507,0.8209245046819422,4673.26,0.49603582086452014,Low Risk,129,129.85143038402973,0.8514303840297259,0.6600235535114155
HOBBIES_2_060,C,0.23150684931506849,0.7628279431851052,819.55,0.4959881845344739,Low Risk,48,55.81896671851407,7.818966718514069,16.28951399690431
HOBBIES_1_136,C,0.0989041095890411,0.32662755883717287,1761.68,0.49534708790044146,Low Risk,29,37.976660679694675,8.976660679694675,30.95400234377474
HOUSEHOLD_2_243,C,0.11424657534246575,0.3765382911514561,1128.47,0.4952557674355379,Low Risk,41,47.87277947386704,6.872779473867041,16.76287676552937
HOBBIES_2_135,C,0.14136986301369864,0.4638340198770701,258.0,0.4950047192271795,Low Risk,54,56.80022983280314,2.80022983280314,5.185610801487297
HOUSEHOLD_2_419,C,0.11178082191780822,0.3673408196627485,2231.2599999999998,0.49496518151883917,Low Risk,50,52.562950306444435,2.562950306444435,5.12590061288887
HOBBIES_1_303,C,0.13835616438356163,0.45370196676544794,4337.79,0.49493471692010593,Low Risk,47,49.17057138699325,2.1705713869932524,4.618236993602665
HOUSEHOLD_2_026,C,0.10602739726027398,0.3480231914024984,1536.39,0.494817142049491,Low Risk,33,39.52754851201143,6.527548512011428,19.780450036398268
HOBBIES_2_074,C,0.12630136986301368,0.4137851625265088,1830.17,0.49476938925314257,Low Risk,34,44.8072153873846,10.807215387384602,31.78592760995471
HOUSEHOLD_2_220,C,0.1378082191780822,0.45023134814767335,3519.2599999999998,0.4945828664777562,Low Risk,71,77.41682645558235,6.416826455582353,9.037783740256835
HOBBIES_2_108,C,0.1241095890410959,0.4057609114770034,1345.41,0.4945603447647106,Low Risk,25,33.70801938356235,8.708019383562352,34.83207753424941
HOUSEHOLD_2_441,C,0.10356164383561643,0.33799081466847125,1863.3500000000001,0.49426436484338826,Low Risk,25,33.685680508706895,8.685680508706895,34.74272203482758
HOBBIES_1_223,C,0.583013698630137,1.8383082027556594,2383.36,0.494180331176134,Low Risk,201,218.70600202264643,17.70600202264643,8.808956230172353
FOODS_3_549,C,0.18438356164383563,0.5970857019206866,1523.24,0.49405658932168717,Low Risk,186,150.30424511776138,-35.69575488223862,-19.191266065719688
HOUSEHOLD_2_358,C,0.11424657534246575,0.371408692848054,2072.49,0.4939681131925841,Low Risk,33,38.0620074980956,5.062007498095603,15.339416660895768
HOUSEHOLD_2_515,C,0.1304109589041096,0.42332784342688373,937.72,0.49393356824391127,Low Risk,33,39.5939214746707,6.593921474670701,19.98158022627485
HOUSEHOLD_2_398,C,0.12602739726027398,0.40887234630987845,3656.24,0.4938539225330637,Low Risk,29,34.99955127341883,5.999551273418831,20.68810783937528
HOUSEHOLD_2_271,C,0.11589041095890411,0.3760354686120141,2021.94,0.4938012061088026,Low Risk,43,48.08987754000836,5.089877540008359,11.836924511647346
HOUSEHOLD_2_487,C,0.10219178082191781,0.3314527287789686,3676.6800000000003,0.49367538550231804,Low Risk,34,37.966508358677565,3.966508358677565,11.666201054934016
HOBBIES_1_315,C,0.12219178082191781,0.39575109261983127,2197.62,0.49367026354091864,Low Risk,48,47.797415448839466,-0.20258455116053398,-0.42205114825111245
HOUSEHOLD_2_433,C,0.12493150684931507,0.4044935436108798,2856.52,0.4936578539338642,Low Risk,41,43.06612737860998,2.066127378609977,5.0393350697804316
HOUSEHOLD_2_060,C,0.10246575342465754,0.33178136351517257,2981.79,0.4935204193914084,Low Risk,44,45.37960944729649,1.3796094472964882,3.1354760165829276
HOBBIES_2_001,C,0.10301369863013699,0.33243698080774475,2055.72,0.49321252821624983,Low Risk,30,35.823589825025905,5.8235898250259055,19.411966083419685
HOBBIES_1_140,C,0.5208219178082192,1.6308311306061967,2129.1200000000003,0.49315336901999757,Low Risk,122,128.05103174166047,6.051031741660466,4.959862083328251
HOBBIES_2_073,C,0.12356164383561644,0.397744290110106,225.5,0.4931119515258327,Low Risk,49,50.883030089324514,1.8830300893245138,3.8429185496418645
HOBBIES_1_070,C,0.11068493150684931,0.35631687043954824,2375.52,0.49303492496642454,Low Risk,35,42.17128187124881,7.171281871248809,20.489376774996597
HOBBIES_1_402,C,0.10849315068493151,0.34922955264536115,3936.24,0.4930124784356723,Low Risk,49,48.94811526044728,-0.051884739552718884,-0.1058872235769773
HOBBIES_1_272,C,0.10301369863013699,0.33078415238850306,3173.4399999999996,0.4927523862034679,Low Risk,36,40.418593566315884,4.418593566315884,12.273871017544122
FOODS_2_395,C,0.17424657534246576,0.556281348698561,2481.2400000000002,0.49267826689031496,Low Risk,68,69.05630201882073,1.0563020188207304,1.5533853217951916
HOBBIES_1_267,C,0.11643835616438356,0.3729382708420104,1224.0,0.49260398960552765,Low Risk,37,43.16567589362779,6.1656758936277924,16.663988901696737
HOBBIES_2_026,C,0.396986301369863,1.2414428227193586,333.27000000000004,0.4922386808516522,Low Risk,88,97.0851967750652,9.0851967750652,10.324087244392272
HOUSEHOLD_1_037,C,0.12547945205479452,0.3995511358460973,1937.3400000000001,0.4921263062215209,Low Risk,70,68.57836122025581,-1.4216387797441854,-2.0309125424916936
HOBBIES_2_023,C,0.16383561643835617,0.5192977269137813,580.06,0.4919554048886748,Low Risk,45,46.50762643696187,1.5076264369618713,3.350280971026381
HOUSEHOLD_2_132,C,0.12684931506849315,0.4028770086659408,912.11,0.4919008923851857,Low Risk,45,51.70531275174535,6.705312751745353,14.900695003878564
HOBBIES_1_121,C,0.4671232876712329,1.4470232714725835,1909.6000000000001,0.4918460445826894,Low Risk,120,121.59853437524676,1.5985343752467571,1.3321119793722975
HOBBIES_2_025,C,0.12821917808219177,0.40684517860981606,234.0,0.49182414557522774,Low Risk,43,46.58493078684226,3.584930786842257,8.33704834149362
HOUSEHOLD_2_097,C,0.1345205479452055,0.4262393986096039,2690.6800000000003,0.49173673064312484,Low Risk,56,57.981377600161196,1.9813776001611956,3.5381742860021346
HOBBIES_2_124,C,0.6863013698630137,2.0883352623207627,576.1500000000001,0.4916840212843867,Low Risk,225,223.08075564952887,-1.919244350471132,-0.8529974890982809
HOUSEHOLD_1_104,C,0.12712328767123288,0.4024502898789659,1378.0800000000002,0.49161008715265603,Low Risk,43,45.04332978578727,2.0433297857872716,4.7519297343890035
FOODS_3_713,C,0.2095890410958904,0.6577456336588835,2661.24,0.49135049534639813,Low Risk,96,88.94060889035799,-7.059391109642007,-7.353532405877091
HOUSEHOLD_2_100,C,0.13342465753424657,0.4207622673934176,4207.68,0.4912987771075264,Low Risk,63,63.61069106558316,0.6106910655831612,0.9693508977510497
HOBBIES_2_138,C,0.12630136986301368,0.39826117969170055,447.07,0.4912444292815088,Low Risk,34,44.032294577938735,10.032294577938735,29.50674875864334
HOBBIES_2_129,C,0.8586301369863014,2.55329883240585,720.82,0.49080898965603553,Low Risk,245,239.805979714253,-5.194020285747001,-2.1200082798967355
HOUSEHOLD_2_420,C,0.16219178082191782,0.5075431193697477,3338.2099999999996,0.4907876690325888,Low Risk,110,114.61332730969363,4.613327309693631,4.193933917903301
HOBBIES_2_059,C,0.8846575342465753,2.623462282873973,742.6700000000001,0.49074203578082354,Low Risk,257,250.6989747541708,-6.301025245829209,-2.451760796042494
HOUSEHOLD_2_235,C,0.1567123287671233,0.49006589227744934,4272.84,0.49069191222947717,Low Risk,64,61.09835615591728,-2.90164384408272,-4.53381850637925
HOBBIES_2_010,C,0.12986301369863013,0.40632331756368284,459.78,0.49056759873167943,Low Risk,34,41.108989379191165,7.108989379191165,20.90879229173872
HOUSEHOLD_2_056,C,0.1473972602739726,0.46017031709781225,3211.8599999999997,0.4904829488456383,Low Risk,69,70.71470654956825,1.7147065495682483,2.485081955896012
HOBBIES_1_220,C,0.30054794520547945,0.9257586201467374,3137.55,0.49027190447052926,Low Risk,131,126.03806672301263,-4.9619332769873665,-3.7877353259445545
HOUSEHOLD_1_052,C,0.14575342465753424,0.45349928325511724,2250.36,0.49016954587072803,Low Risk,87,91.0968109040036,4.096810904003604,4.708978050578856
FOODS_2_270,C,0.33534246575342463,1.0287109992924022,4147.72,0.490134748530112,Low Risk,178,167.98544192200328,-10.014558077996725,-5.626156223593665
HOUSEHOLD_1_108,C,0.12794520547945207,0.39842440751884234,2278.96,0.4901297399947552,Low Risk,27,37.3490975375071,10.349097537507099,38.329990879655924
HOUSEHOLD_2_429,C,0.10712328767123287,0.3340192609437852,2322.54,0.49011209957219304,Low Risk,39,43.518288685432324,4.518288685432324,11.585355603672626
HOUSEHOLD_2_187,C,0.20849315068493152,0.6446305644540354,2534.13,0.4900125030697209,Low Risk,184,175.57052423018578,-8.429475769814218,-4.581236831420771
HOBBIES_1_396,C,0.13013698630136986,0.40454560629990205,893.0,0.48998869431577086,Low Risk,52,54.30891811444679,2.30891811444679,4.440227143166904
HOBBIES_2_128,C,0.18876712328767123,0.5840999691197359,3422.3599999999997,0.48995531220312616,Low Risk,63,62.09465493853543,-0.9053450614645726,-1.4370556531183691
HOBBIES_2_083,C,0.20054794520547944,0.619673555116581,2108.16,0.4899053573101,Low Risk,32,44.967252498008115,12.967252498008115,40.52266405627536
HOUSEHOLD_2_174,C,0.12219178082191781,0.37949009714632237,1770.6200000000001,0.4898537726392631,Low Risk,30,34.38088495520052,4.380884955200521,14.602949850668404
HOBBIES_2_078,C,0.16794520547945205,0.5198313250264813,3659.6099999999997,0.4898486555129254,Low Risk,63,65.03982222089078,2.039822220890784,3.2378130490329906
HOUSEHOLD_2_381,C,0.11506849315068493,0.357233989163438,2494.8,0.4897746764315314,Low Risk,40,43.12488610133949,3.1248861013394915,7.812215253348728
HOBBIES_1_230,C,0.11123287671232877,0.34520536623381487,1815.65,0.4897188328729276,Low Risk,28,36.51957674740363,8.519576747403633,30.427059812155832
HOBBIES_1_422,C,0.1326027397260274,0.4108091041169575,1752.0800000000002,0.4897014416683267,Low Risk,42,47.12162300532842,5.1216230053284235,12.194340488877199
HOBBIES_1_181,C,0.11178082191780822,0.345821641124242,801.7,0.4894441848275648,Low Risk,30,35.71137330503337,5.711373305033369,19.037911016777898
HOUSEHOLD_2_253,C,0.1063013698630137,0.3289098849002239,2316.36,0.48941977856643704,Low Risk,40,42.42763893343061,2.4276389334306074,6.069097333576519
HOBBIES_1_039,C,0.11205479452054795,0.34612904171972236,2404.92,0.48930769242326294,Low Risk,41,43.712631437404895,2.7126314374048945,6.616174237572913
HOBBIES_2_012,C,0.15205479452054796,0.46664860205186104,1093.35,0.48899230067636723,Low Risk,51,53.65309550686034,2.653095506860339,5.202148052667331
HOUSEHOLD_2_104,C,0.1252054794520548,0.3846111794476345,2271.29,0.4889023241179996,Low Risk,51,47.18732911902348,-3.812670880976519,-7.475825256816703
HOUSEHOLD_2_458,C,0.12493150684931507,0.3836302461551518,1809.42,0.4888685756964304,Low Risk,51,52.02054679997437,1.020546799974369,2.001072156812488
FOODS_1_138,C,0.4884931506849315,1.4596065489372152,4759.660000000001,0.4888359705363654,Low Risk,233,234.75798963208118,1.757989632081177,0.7545019880176725
HOBBIES_1_110,C,0.14986301369863014,0.45907461446497216,2007.49,0.4888160041334104,Low Risk,60,61.53758344421075,1.5375834442107532,2.5626390736845885
HOUSEHOLD_2_478,C,0.12054794520547946,0.3697817359343692,2172.25,0.48874809739799985,Low Risk,40,44.62209050365776,4.622090503657759,11.555226259144398
FOODS_3_816,C,4.465753424657534,9.342721225389123,3338.4300000000003,0.48874694395308393,Low Risk,929,1069.9113007196022,140.9113007196022,15.168062510183228
FOODS_3_256,C,0.12767123287671234,0.3898215841796262,1199.84,0.48838717562173034,Low Risk,38,41.80611005563398,3.8061100556339795,10.01607909377363
HOBBIES_1_011,C,0.12575342465753425,0.38371879622251576,1597.32,0.48831847740391093,Low Risk,28,40.99178684052742,12.991786840527418,46.39923871616935
HOBBIES_2_122,C,0.29232876712328765,0.8808248092608048,938.96,0.48829450213257114,Low Risk,58,64.93650451888396,6.9365045188839645,11.95949054979994
HOUSEHOLD_2_020,C,0.1421917808219178,0.432700882418528,4395.93,0.488186864873669,Low Risk,37,43.782304484432714,6.782304484432714,18.330552660628957
FOODS_3_421,C,0.32438356164383564,0.9737483077208284,2936.32,0.48817712061614404,Low Risk,150,147.5639085232572,-2.436091476742803,-1.6240609844952019
HOUSEHOLD_2_157,C,0.11643835616438356,0.35486429097948086,2324.75,0.4881523825180637,Low Risk,44,51.75808434452279,7.758084344522793,17.63200987391544
HOUSEHOLD_2_363,C,0.1589041095890411,0.4820242601254712,3550.8,0.48801767769564625,Low Risk,68,63.37138981096424,-4.628610189035761,-6.806779689758473
HOUSEHOLD_2_192,C,0.11178082191780822,0.3402292460822631,803.76,0.4880093905361463,Low Risk,33,39.70495949035936,6.704959490359357,20.31805906169502
HOUSEHOLD_2_304,C,0.11616438356164384,0.353018655077982,2517.96,0.48790110666272646,Low Risk,42,44.73026065325811,2.7302606532581066,6.500620602995492
HOBBIES_2_096,C,0.15123287671232877,0.45832617294266886,1529.04,0.4878871398958044,Low Risk,72,75.78480982865072,3.7848098286507224,5.2566803175704475
HOUSEHOLD_1_258,C,0.13013698630136986,0.39494786037683144,1410.75,0.4878736104109227,Low Risk,40,44.20777228709356,4.207772287093562,10.519430717733904
HOBBIES_1_227,C,0.20767123287671233,0.6256999819263979,1493.26,0.4877439020619251,Low Risk,56,59.789032979015204,3.7890329790152038,6.766130319670006
FOODS_3_472,C,0.20493150684931508,0.6173501380058021,1473.56,0.4877129384642024,Low Risk,115,102.43167761030776,-12.568322389692241,-10.928975991036731
FOODS_1_095,C,0.3189041095890411,0.9516677917004606,4383.01,0.48763536095449156,Low Risk,120,125.54290900057498,5.54290900057498,4.619090833812483
HOBBIES_1_331,C,0.25917808219178085,0.7755544227937037,889.2399999999999,0.48748544478365086,Low Risk,64,69.52343517404452,5.523435174044522,8.630367459444566
HOBBIES_2_125,C,0.1506849315068493,0.4543035251640646,530.21,0.48743406288365376,Low Risk,45,45.07444199715095,0.07444199715094868,0.1654266603354415
HOBBIES_2_004,C,0.15178082191780823,0.45694705345613706,1368.38,0.48731631818335,Low Risk,62,62.434599812756915,0.4345998127569146,0.7009674399305075
FOODS_1_189,C,0.3271232876712329,0.9705748628554296,2674.5600000000004,0.4871955319140769,Low Risk,135,130.06138656521946,-4.938613434780535,-3.6582321739115073
HOUSEHOLD_2_130,C,0.12630136986301368,0.37994932249706337,3674.17,0.48708643939552165,Low Risk,31,35.622032175034505,4.622032175034505,14.909781209788726
HOUSEHOLD_2_169,C,0.136986301369863,0.4113712703779551,2920.0,0.48700422382883035,Low Risk,43,44.803987328156175,1.8039873281561754,4.195319367805059
HOUSEHOLD_2_422,C,0.11863013698630137,0.35645138702010837,2148.04,0.4869353384178519,Low Risk,35,41.15773178680811,6.157731786808107,17.593519390880306
HOBBIES_1_082,C,0.136986301369863,0.4107045491880732,1905.5,0.48686464285788245,Low Risk,40,44.405088986957864,4.405088986957864,11.01272246739466
FOODS_3_350,C,0.23863013698630137,0.7095544846199388,2794.78,0.4868107827876712,Low Risk,328,330.74674531928565,2.746745319285651,0.8374223534407473
FOODS_3_758,C,0.2534246575342466,0.7525570171535793,2250.28,0.48679419324228207,Low Risk,115,107.0127003483645,-7.987299651635496,-6.9454779579439085
HOBBIES_2_062,C,0.13123287671232878,0.3931934771282873,2816.52,0.4867704623646525,Low Risk,42,44.7298414999819,2.7298414999819016,6.499622619004527
HOBBIES_2_051,C,0.1780821917808219,0.5313536376346614,1280.5,0.4867165688763164,Low Risk,52,55.11958613618564,3.1195861361856387,5.999204108049305
HOBBIES_2_002,C,0.18904109589041096,0.5632291611096305,1014.3,0.48666223946765863,Low Risk,36,40.06882373235229,4.068823732352293,11.302288145423036
FOODS_1_176,C,0.25945205479452055,0.7681839481990271,3256.84,0.48658188923537127,Low Risk,108,105.39429204122278,-2.6057079587772165,-2.4126925544233484
HOBBIES_2_072,C,0.15205479452054796,0.45354472732894413,4423.349999999999,0.4865208115134215,Low Risk,46,51.81478988486322,5.814789884863217,12.640847575789602
FOODS_1_197,C,0.17643835616438355,0.5251612910783359,3397.08,0.4864967063183396,Low Risk,71,71.02495362214184,0.024953622141836718,0.035145946678643264
HOBBIES_1_304,C,0.13424657534246576,0.40081418169016325,1944.26,0.48648890784337584,Low Risk,39,47.47986421576074,8.479864215760742,21.743241578873697
HOBBIES_1_284,C,0.1210958904109589,0.36135445107117364,2155.7,0.48635775965892675,Low Risk,49,48.98537777928651,-0.014622220713491174,-0.029841266762226884
HOBBIES_1_299,C,0.2583561643835616,0.7628267620807777,1197.61,0.48634033959191325,Low Risk,103,112.8933369817095,9.893336981709496,9.605181535640286
FOODS_3_745,C,0.17123287671232876,0.50591986125933,1361.7800000000002,0.48583554430880554,Low Risk,1,6.682355605056134,5.682355605056134,568.2355605056134
HOUSEHOLD_2_290,C,0.12465753424657534,0.36953038491606466,2839.2000000000003,0.48581654994820256,Low Risk,38,40.40097589866596,2.400975898665962,6.318357628068321
HOBBIES_1_205,C,0.12273972602739726,0.36382480023648944,2634.24,0.48579941348999517,Low Risk,39,42.64519482459302,3.6451948245930197,9.346653396392359
HOUSEHOLD_2_462,C,0.12493150684931507,0.36980853662641977,3634.3199999999997,0.48569573052224085,Low Risk,41,46.353904222648765,5.353904222648765,13.058302982070158
HOUSEHOLD_2_227,C,0.13808219178082193,0.4076571080149569,2004.42,0.4855563632181962,Low Risk,53,58.70378753372931,5.703787533729312,10.76186327118738
HOUSEHOLD_2_279,C,0.13726027397260274,0.4049003080411639,2223.5,0.4854820666711939,Low Risk,49,54.47043678884908,5.470436788849078,11.164156711936894
HOBBIES_2_146,C,0.18602739726027398,0.546717802445809,1337.6299999999999,0.4854816243906589,Low Risk,37,42.30519615507308,5.305196155073077,14.338367986683991
FOODS_3_554,C,0.16657534246575342,0.4896075888513059,2227.38,0.4853663210009998,Low Risk,150,142.02985164554786,-7.970148354452135,-5.3134322363014235
HOUSEHOLD_2_317,C,0.12383561643835617,0.3649580556692506,2006.88,0.4853166208899482,Low Risk,34,39.230139074343164,5.230139074343164,15.382761983362247
HOUSEHOLD_2_464,C,0.1273972602739726,0.3752263495092249,1339.2,0.485288159110696,Low Risk,42,44.43665841724237,2.43665841724237,5.801567660100881
HOBBIES_2_064,C,0.1865753424657534,0.5470322011031885,660.5699999999999,0.48528594811958126,Low Risk,70,77.59547697619992,7.595476976199919,10.850681394571312
HOUSEHOLD_2_481,C,0.14191780821917807,0.41698870091428103,4125.49,0.4851784695564579,Low Risk,39,42.06352938847414,3.0635293884741372,7.855203560190096
HOBBIES_1_217,C,0.14602739726027397,0.4288727911570844,1849.51,0.4851674396722065,Low Risk,56,57.846085266081175,1.8460852660811753,3.2965808322878134
HOUSEHOLD_2_415,C,0.13506849315068492,0.3967569384447951,1221.8,0.4851116944327064,Low Risk,25,35.67578416700468,10.675784167004679,42.703136668018715
HOBBIES_2_017,C,0.16246575342465752,0.4759660261495093,296.5,0.4850640631048361,Low Risk,55,48.55457529147444,-6.445424708525557,-11.718954015501014
HOBBIES_2_065,C,0.13972602739726028,0.4097803106478246,255.0,0.4850066439925863,Low Risk,44,47.9482507391295,3.9482507391294988,8.973297134385225
HOBBIES_1_175,C,0.15013698630136987,0.4397752644591998,1079.56,0.4849709566760627,Low Risk,26,32.70878309056231,6.7087830905623065,25.803011886778105
FOODS_2_165,C,0.17671232876712328,0.5147909690661499,2518.01,0.4846831261806914,Low Risk,76,73.20191975971406,-2.798080240285941,-3.681684526692028
HOBBIES_1_245,C,0.1304109589041096,0.38108339004425207,2361.72,0.4846435898608932,Low Risk,56,56.492117399628285,0.4921173996282846,0.8787810707647938
HOBBIES_2_144,C,0.19123287671232878,0.5561188205049455,349.0,0.48463071545181546,Low Risk,60,67.26993332103358,7.269933321033577,12.11655553505596
HOUSEHOLD_2_198,C,0.14493150684931508,0.42216320113899014,4216.13,0.4844695881688045,Low Risk,42,48.53930674226293,6.53930674226293,15.569777957768881
HOBBIES_1_053,C,0.31452054794520545,0.9041378056151547,4557.56,0.48446603826329776,Low Risk,112,94.33008625265008,-17.669913747349923,-15.776708702991002
HOUSEHOLD_2_370,C,0.14438356164383562,0.4203998745709176,3304.29,0.484432840820061,Low Risk,52,57.21847519509689,5.218475195096893,10.03552922134018
HOBBIES_2_090,C,0.18054794520547945,0.5240238165323383,1058.43,0.48439951953138655,Low Risk,44,51.353363364121954,7.353363364121954,16.712189463913532
HOUSEHOLD_2_004,C,0.143013698630137,0.4146359262122087,2959.74,0.48406801256480886,Low Risk,33,43.14435017191815,10.144350171918148,30.740455066418633
HOUSEHOLD_2_010,C,0.16,0.4630969183912944,4070.48,0.4840363090374142,Low Risk,37,42.372458740520386,5.372458740520386,14.520158758163207
FOODS_2_068,C,0.1358904109589041,0.3940494479546626,3904.96,0.48403606030119817,Low Risk,52,54.81684582927382,2.8168458292738165,5.417011210141955
HOUSEHOLD_2_014,C,0.13863013698630136,0.4013723890004654,3020.8199999999997,0.4839251051674679,Low Risk,48,54.33972134648226,6.339721346482257,13.207752805171369
HOUSEHOLD_2_057,C,0.21698630136986302,0.6242884355689805,3936.24,0.48390791627998986,Low Risk,76,77.94952023191007,1.9495202319100713,2.565158199881673
FOODS_3_779,C,0.2978082191780822,0.8504641367780198,2682.24,0.4838161417677538,Low Risk,99,97.04797957451486,-1.952020425485145,-1.9717378035203483
HOBBIES_2_130,C,0.14136986301369864,0.40854572027992003,3594.04,0.48378878399163555,Low Risk,60,65.64960403643164,5.64960403643164,9.416006727386067
HOBBIES_2_037,C,0.17013698630136986,0.490341051523551,602.37,0.4837482755038244,Low Risk,43,45.8342434313154,2.8342434313154,6.591263793756745
HOUSEHOLD_2_479,C,0.14520547945205478,0.41913700369690776,3148.2000000000003,0.48371604935170054,Low Risk,42,49.9436413227011,7.943641322701097,18.913431720716897
HOBBIES_1_165,C,0.14328767123287672,0.41354848328284644,2596.33,0.48369314572085453,Low Risk,44,41.67769527110299,-2.3223047288970093,-5.277965292947749
FOODS_3_171,C,0.14602739726027397,0.4211350455278437,1321.04,0.4836478049760715,Low Risk,27,35.10621002819179,8.10621002819179,30.02300010441403
HOBBIES_1_054,C,0.12602739726027398,0.3634535623527736,1366.2,0.4835184667882112,Low Risk,42,47.453288362986136,5.453288362986136,12.984019911871753
FOODS_2_071,C,0.2273972602739726,0.6482178858276579,3718.4000000000005,0.48321523621876483,Low Risk,99,101.10163444482889,2.101634444828889,2.1228630755847364
HOUSEHOLD_1_323,C,0.2706849315068493,0.768409447923292,4761.24,0.4831544325392768,Low Risk,58,60.02877494722206,2.028774947222061,3.4978878400380364
HOUSEHOLD_2_327,C,0.23534246575342466,0.6697555052476121,2559.82,0.483131003889957,Low Risk,70,75.07801446383667,5.078014463836666,7.254306376909524
HOUSEHOLD_2_332,C,0.14794520547945206,0.4233877869674787,3651.64,0.48302470004714393,Low Risk,60,63.62770214093313,3.627702140933131,6.046170234888551
HOBBIES_2_134,C,0.13671232876712328,0.3906205573520626,2480.0299999999997,0.48282209236557067,Low Risk,38,43.166403880170144,5.166403880170144,13.595799684658271
HOUSEHOLD_2_168,C,0.13972602739726028,0.39893655773458775,3539.4,0.48278097078306864,Low Risk,35,43.61782602877442,8.617826028774417,24.62236008221262
HOUSEHOLD_2_079,C,0.1832876712328767,0.5214974507184466,2990.43,0.4827776575446874,Low Risk,50,52.59150583976751,2.591505839767507,5.183011679535014
HOUSEHOLD_2_126,C,0.18136986301369862,0.5160969184530732,4611.11,0.48277418096683283,Low Risk,66,65.4402619625034,-0.5597380374966008,-0.8480879356009102
HOUSEHOLD_2_013,C,0.14794520547945206,0.4220912548442938,3207.6000000000004,0.48277337169557294,Low Risk,65,71.57593436445747,6.575934364457467,10.116822099165335
FOODS_1_203,C,0.5810958904109589,1.6009465219311372,4751.040000000001,0.4827519744224479,Low Risk,175,181.72385714843946,6.723857148439464,3.842204084822551
HOBBIES_1_325,C,0.14493150684931508,0.41297510001887816,3406.2900000000004,0.4826514702155569,Low Risk,38,42.84690247279365,4.846902472793651,12.755006507351716
HOUSEHOLD_1_229,C,0.2156164383561644,0.6094419820326461,2245.52,0.4824486154270217,Low Risk,85,74.44917055839608,-10.550829441603923,-12.412740519534028
HOUSEHOLD_2_339,C,0.16410958904109588,0.465498714804184,4079.66,0.4824038649796677,Low Risk,83,82.43761522672526,-0.5623847732747436,-0.677572015993667
HOUSEHOLD_2_128,C,0.13917808219178082,0.3949869250194303,3015.77,0.4822859601961488,Low Risk,72,73.5845055703571,1.584505570357095,2.200702181051521
HOUSEHOLD_2_261,C,0.17835616438356164,0.5045395831919255,4553.97,0.48227533813020457,Low Risk,74,71.32931704160669,-2.6706829583933143,-3.60903102485583
HOBBIES_2_008,C,0.1421917808219178,0.4031944469595741,2010.83,0.48223570865357335,Low Risk,41,45.40888231961213,4.4088823196121325,10.753371511249103
HOBBIES_2_041,C,0.4095890410958904,1.1357158425761937,2945.15,0.48215752457115424,Low Risk,122,115.58524922627113,-6.414750773728869,-5.257992437482679
FOODS_1_135,C,0.4326027397260274,1.1967252606188648,4222.12,0.48211983265312125,Low Risk,261,266.7620661896614,5.762066189661425,2.2076881952725764
HOBBIES_2_105,C,0.14904109589041095,0.42170543485162404,1343.68,0.48210456196285484,Low Risk,33,35.94120025052228,2.9412002505222787,8.912728031885694
HOUSEHOLD_2_008,C,0.15041095890410958,0.42478191769400087,1360.18,0.4819609435421846,Low Risk,42,46.414331461519055,4.414331461519055,10.510313003616798
HOBBIES_1_255,C,0.4315068493150685,1.1913841505223497,2961.0,0.4819592839738666,Low Risk,178,202.51955445499007,24.51955445499007,13.775030592691051
HOBBIES_2_019,C,0.15835616438356165,0.4468059468277743,1947.8600000000001,0.4819370501617332,Low Risk,22,30.125668971337785,8.125668971337785,36.93485896062629
HOUSEHOLD_2_207,C,0.16,0.4511062496259951,4354.93,0.4818870808879739,Low Risk,60,62.987233885648465,2.9872338856484646,4.978723142747441
HOUSEHOLD_2_364,C,0.16712328767123288,0.469997287071856,3462.3799999999997,0.48172830947229567,Low Risk,67,67.2027460288927,0.20274602889270454,0.3026060132726933
HOUSEHOLD_2_334,C,0.1967123287671233,0.55122886408853,2139.64,0.4816299741667699,Low Risk,63,65.82531309309087,2.8253130930908696,4.484623957287095
HOUSEHOLD_2_077,C,0.16027397260273973,0.45009658414412274,2035.8,0.481569962593554,Low Risk,55,54.794628152039024,-0.20537184796097563,-0.3734033599290466
FOODS_2_073,C,0.16931506849315067,0.4750166337314116,3668.0400000000004,0.4815485544619607,Low Risk,60,62.09751392260875,2.097513922608748,3.495856537681246
HOBBIES_1_102,C,0.16465753424657534,0.4617578213037243,2992.9800000000005,0.4814851280231478,Low Risk,52,55.56750625852527,3.5675062585252704,6.860588958702444
HOBBIES_2_092,C,0.1832876712328767,0.5130205309812982,3324.93,0.48145128991430064,Low Risk,41,52.04909697974125,11.04909697974125,26.949017023759147
HOBBIES_1_035,C,0.18356164383561643,0.5121204818694143,1420.4,0.48119262686062486,Low Risk,52,61.336987660340924,9.336987660340924,17.955745500655624
HOUSEHOLD_2_121,C,0.17232876712328768,0.48110508281132575,1239.1299999999999,0.48117411979824176,Low Risk,55,58.00011267138378,3.000112671383782,5.454750311606876
FOODS_3_799,C,0.16082191780821917,0.44929149615723124,1279.66,0.4811555161363474,Low Risk,55,57.36901261284657,2.369012612846568,4.307295659721032
HOBBIES_2_148,C,0.2704109589041096,0.7484531199591277,868.5600000000001,0.4811186667696414,Low Risk,51,56.197087395749065,5.197087395749065,10.190367442645226
HOUSEHOLD_2_179,C,0.15863013698630138,0.4427031340107696,3456.6299999999997,0.48105731400098406,Low Risk,50,54.79648981254551,4.796489812545509,9.592979625091019
HOBBIES_1_365,C,0.1317808219178082,0.36853997250493303,1909.5700000000002,0.48105151519708383,Low Risk,44,45.6202851895752,1.620285189575199,3.6824663399436344
HOBBIES_1_418,C,0.2717808219178082,0.7514293358448972,3946.16,0.4810414496615614,Low Risk,85,79.3414807293258,-5.658519270674205,-6.6570814949108295
FOODS_3_427,C,0.40356164383561643,1.101899714703382,3651.08,0.4809032981711876,Low Risk,126,122.50158645018716,-3.498413549812838,-2.776518690327649
HOBBIES_2_113,C,0.1832876712328767,0.5092675108704396,3993.93,0.48086406194168946,Low Risk,21,31.82137044459382,10.821370444593821,51.53033545044676
HOBBIES_2_046,C,0.16246575342465752,0.4517430109433856,1761.21,0.4807881834876397,Low Risk,47,52.07727932911652,5.0772793291165215,10.802721976843662
HOUSEHOLD_2_337,C,0.15397260273972602,0.4283293008090426,3803.9399999999996,0.4807711060174711,Low Risk,62,63.18238412584763,1.1823841258476335,1.9070711707219894
HOUSEHOLD_1_504,C,0.273972602739726,0.7539114042033406,3380.0,0.4806810407603735,Low Risk,81,83.16363312686445,2.163633126864454,2.6711520084746345
HOUSEHOLD_2_205,C,0.14876712328767122,0.41293800982739187,3171.12,0.4805620908238391,Low Risk,55,58.41920040061537,3.4192004006153667,6.216728001118849
HOUSEHOLD_2_194,C,0.15945205479452054,0.4420978490271576,3649.14,0.48054118275423,Low Risk,66,66.08568853871022,0.08568853871021531,0.129831119257902
HOBBIES_1_127,C,0.4293150684931507,1.1640291682519417,1910.6399999999999,0.48052207854009105,Low Risk,148,139.18797208914057,-8.812027910859427,-5.954072912742856
HOUSEHOLD_1_423,C,0.33342465753424655,0.9108255768862821,3602.3199999999997,0.48048881122666004,Low Risk,108,109.31709965419972,1.3170996541997226,1.219536716851595
HOUSEHOLD_2_258,C,0.14356164383561643,0.3982607083828858,2084.72,0.4804829787567916,Low Risk,49,56.35822243230988,7.35822243230988,15.016780474101795
HOBBIES_1_305,C,0.16136986301369863,0.44664737234417917,1690.43,0.48041707449238136,Low Risk,59,56.96631446273027,-2.033685537269733,-3.446924639440225
HOBBIES_2_098,C,0.3684931506849315,1.0027882083607127,1183.6,0.48041610541760815,Low Risk,107,109.80097330630264,2.8009733063026374,2.6177320619650817
HOBBIES_2_139,C,0.1610958904109589,0.4458251935030813,2922.3599999999997,0.48040394151874455,Low Risk,51,55.60421187366422,4.6042118736642195,9.02786641894945
HOBBIES_1_091,C,0.5586301369863014,1.4952150913996196,1427.3,0.48035685498785347,Low Risk,197,205.45220174676956,8.45220174676956,4.290457739476934
HOUSEHOLD_2_445,C,0.17835616438356164,0.49133074619976974,3884.6499999999996,0.48015143085149115,Low Risk,45,51.86433026267731,6.8643302626773135,15.25406725039403
HOBBIES_1_290,C,0.1652054794520548,0.45558592544013327,3478.49,0.48015050154229,Low Risk,42,56.99153618769136,14.99153618769136,35.69413378021753
HOBBIES_1_289,C,0.22054794520547946,0.6049623295256756,4000.85,0.48008532232530504,Low Risk,78,81.89309235968058,3.8930923596805798,4.991144050872538
HOUSEHOLD_2_460,C,0.1515068493150685,0.41788486980158707,3280.86,0.4800766168062616,Low Risk,59,64.02374734318657,5.023747343186571,8.514826005400968
HOBBIES_1_294,C,0.18602739726027398,0.510961618008808,2634.52,0.4799693179149467,Low Risk,68,68.2770647076197,0.2770647076197008,0.40744809944073646
HOUSEHOLD_2_367,C,0.16575342465753426,0.4559881947871015,4519.349999999999,0.47996218515525524,Low Risk,47,51.27743294293296,4.277432942932961,9.100921155176513
HOUSEHOLD_2_435,C,0.18684931506849314,0.513070800414744,4071.54,0.47995183492058846,Low Risk,78,77.78517074807752,-0.21482925192248103,-0.2754221178493347
FOODS_2_007,C,0.31068493150684934,0.8437352010693261,3199.79,0.47988350152017517,Low Risk,105,96.40748252143825,-8.592517478561746,-8.183349979582614
FOODS_1_169,C,0.3731506849315068,1.008020557597479,4725.4,0.4798741074912555,Low Risk,115,121.40285212631558,6.4028521263155795,5.567697501143982
FOODS_3_436,C,0.48191780821917807,1.2894693935464205,4390.84,0.4798380493398581,Low Risk,317,297.6766311493206,-19.3233688506794,-6.09569995289571
HOBBIES_2_116,C,0.24,0.6550518316629428,2599.7200000000003,0.4798201080803714,Low Risk,40,55.225546565399924,15.225546565399924,38.06386641349981
HOUSEHOLD_2_455,C,0.14575342465753424,0.40089622059603625,4117.68,0.4798192834918125,Low Risk,51,58.44739610402205,7.447396104022047,14.602737458866761
HOBBIES_2_141,C,0.23616438356164385,0.6446496073818528,431.0,0.47980350836890784,Low Risk,76,71.75437136773338,-4.245628632266616,-5.586353463508705
HOUSEHOLD_2_177,C,0.21342465753424658,0.5835842868307863,2321.42,0.47979236718784113,Low Risk,75,69.30483131041595,-5.695168689584051,-7.593558252778735
HOBBIES_2_005,C,0.14,0.38449676691865226,2284.17,0.47966453908155143,Low Risk,40,41.96800907747325,1.9680090774732477,4.920022693683119
HOUSEHOLD_2_394,C,0.16821917808219178,0.4607693783458792,3848.4799999999996,0.47963673071440655,Low Risk,77,79.466427425564,2.4664274255640066,3.2031525007324766
HOUSEHOLD_2_311,C,0.1715068493150685,0.46958367488031816,3717.4700000000003,0.4796259625603273,Low Risk,88,77.05324131826939,-10.946758681730614,-12.439498501966607
HOBBIES_2_142,C,1.3460273972602739,3.329776610613001,1129.99,0.4796099639988656,Low Risk,202,217.99093611308402,15.990936113084018,7.916305006477237
HOUSEHOLD_2_484,C,0.1663013698630137,0.45458447548614644,4229.79,0.47946369018456336,Low Risk,84,83.49782564275269,-0.5021743572473127,-0.5978266157706104
HOUSEHOLD_2_362,C,0.14712328767123287,0.4027838161523804,2115.7799999999997,0.4794615905281242,Low Risk,43,45.105176306795,2.105176306795002,4.895758853011633
HOBBIES_2_035,C,0.15041095890410958,0.4103432459426161,2454.0299999999997,0.4792079394307608,Low Risk,38,45.40828261155695,7.408282611556949,19.495480556728815
HOBBIES_1_250,C,0.16027397260273973,0.43649609041678294,2851.89,0.4791363537798801,Low Risk,55,59.82992414215456,4.82992414215456,8.781680258462837
HOBBIES_2_069,C,0.21397260273972601,0.579613321472288,2319.57,0.4790628520795499,Low Risk,41,48.476094359396654,7.4760943593966545,18.234376486333304
HOBBIES_2_136,C,0.24,0.6483235120427696,2522.5,0.479016111005137,Low Risk,98,102.59060449488226,4.590604494882257,4.684290300900262
HOUSEHOLD_1_502,C,0.14657534246575343,0.3988824453415443,2263.05,0.4789882396829911,Low Risk,50,54.69445822983829,4.69445822983829,9.38891645967658
HOBBIES_2_085,C,0.41342465753424656,1.0939859252538666,1463.73,0.478549705206562,Low Risk,97,105.96099160824514,8.960991608245138,9.238135678603236
HOBBIES_1_307,C,0.14027397260273972,0.37901218987425656,2032.64,0.4783911597241852,Low Risk,53,52.832185297367005,-0.16781470263299525,-0.3166315144018778
FOODS_3_736,C,0.303013698630137,0.8057186074945057,1924.44,0.4782077759635271,Low Risk,92,87.29173924126643,-4.708260758733573,-5.117674737753884
HOUSEHOLD_1_487,C,0.5032876712328768,1.3112975952764099,3380.0800000000004,0.4779612130602861,Low Risk,139,104.0700441077218,-34.9299558922782,-25.129464670703744
FOODS_3_510,C,0.3917808219178082,1.0298043332730944,2833.81,0.47790465257123194,Low Risk,156,164.2903869793815,8.290386979381509,5.314350627808659
FOODS_3_210,C,0.21452054794520548,0.571792988256473,1706.46,0.47782247010974577,Low Risk,0,6.438162214871889,6.438162214871889,
HOBBIES_2_068,C,0.2263013698630137,0.601695573611057,1627.22,0.4777084010351402,Low Risk,57,59.05795048724395,2.05795048724395,3.610439451305175
HOUSEHOLD_2_516,C,0.14904109589041095,0.39831160651254255,3231.36,0.4776030919616233,Low Risk,43,48.9597714784853,5.959771478485301,13.85993367089605
FOODS_1_029,C,0.27479452054794523,0.7260152445710228,4282.8099999999995,0.4775389312577594,Low Risk,97,91.4574326155843,-5.542567384415705,-5.713986994242994
HOBBIES_2_094,C,0.22684931506849315,0.6014891466281438,1631.16,0.4775016491354909,Low Risk,87,88.12019988595026,1.1201998859502567,1.2875860758048927
FOODS_3_165,C,0.1865753424657534,0.496063482117126,2446.4,0.47745149713625046,Low Risk,53,61.30719696311175,8.30719696311175,15.673956534173112
HOUSEHOLD_2_352,C,0.1873972602739726,0.49768449152342814,2031.48,0.4773704308471316,Low Risk,66,65.98376480122386,-0.01623519877614399,-0.024598786024460587
FOODS_2_277,C,0.8736986301369863,2.1856037021893098,4078.0,0.4773657738294433,Low Risk,355,305.10738682829106,-49.892613171708945,-14.054257231467307
HOBBIES_2_114,C,0.26164383561643834,0.6899684712823795,1884.35,0.4773115303413143,Low Risk,68,72.62307375881664,4.623073758816645,6.798637880612713
HOBBIES_2_020,C,0.15534246575342467,0.41317067750144343,2199.96,0.47727787671022237,Low Risk,40,44.33228863017928,4.332288630179278,10.830721575448194
HOBBIES_1_219,C,0.1756164383561644,0.4648304832834856,1115.34,0.4770387232949859,Low Risk,59,62.370152152746655,3.3701521527466554,5.712122292790942
HOBBIES_2_137,C,0.17506849315068493,0.4632659073044017,1897.8300000000002,0.4770164805950995,Low Risk,73,71.3059039988928,-1.694096001107198,-2.320679453571504
HOBBIES_2_011,C,0.2895890410958904,0.7584193337963057,1025.29,0.4769722930125856,Low Risk,94,92.42795070365254,-1.5720492963474584,-1.6723928684547429
HOBBIES_2_042,C,0.4849315068493151,1.2471585938449619,1309.8,0.4768783166065633,Low Risk,194,194.42274715295034,0.42274715295033616,0.21791090358264747
FOODS_3_558,C,0.2632876712328767,0.6897401316069257,2856.1,0.47682506282314274,Low Risk,98,84.51171506484036,-13.48828493515964,-13.763556056285347
FOODS_2_252,C,0.2583561643835616,0.6759725770378405,3684.35,0.47669914123518237,Low Risk,112,110.71817374137419,-1.281826258625813,-1.1444877309159043
FOODS_3_260,C,0.29178082191780824,0.7604670040885106,2098.05,0.4766234733626874,Low Risk,108,106.35326130149457,-1.6467386985054304,-1.5247580541716947
HOUSEHOLD_2_127,C,0.18136986301369862,0.4769080184548954,3791.6200000000003,0.4765775298523598,Low Risk,51,54.98188139293264,3.9818813929326424,7.80761057437773
HOBBIES_1_346,C,0.2736986301369863,0.7134873130816803,3952.03,0.4765225582755466,Low Risk,99,96.08307095194253,-2.9169290480574688,-2.946392977835827
HOUSEHOLD_2_482,C,0.1852054794520548,0.48625985063311516,3873.4800000000005,0.4764885891498261,Low Risk,30,36.505061141513465,6.505061141513465,21.683537138378217
HOUSEHOLD_2_052,C,0.19835616438356166,0.5193937210690645,3851.7799999999997,0.4763717799176052,Low Risk,99,92.68559905361207,-6.314400946387934,-6.378182774129226
HOUSEHOLD_1_466,C,0.2167123287671233,0.5656613345409824,3132.36,0.47625203394558074,Low Risk,62,66.80361936508042,4.803619365080422,7.747773169484552
FOODS_1_009,C,0.5167123287671233,1.3139094551904282,4223.6,0.47625127390175415,Low Risk,1,6.465038439830478,5.465038439830478,546.5038439830478
HOUSEHOLD_2_215,C,0.2252054794520548,0.5873614297297035,1545.36,0.47624702575034566,Low Risk,128,130.71965769886484,2.719657698864836,2.124732577238153
HOBBIES_2_029,C,0.25095890410958904,0.6530325665521566,2637.3199999999997,0.4762417772262685,Low Risk,80,75.25564534634871,-4.7443546536512855,-5.930443317064107
HOBBIES_2_101,C,0.1841095890410959,0.4815813781465994,336.0,0.47620096277218615,Low Risk,39,45.78260069866522,6.78260069866522,17.391283842731333
FOODS_3_443,C,0.30794520547945203,0.7963106194457783,2802.4,0.4761421662149573,Low Risk,144,152.38923240077355,8.389232400773551,5.825855833870522
FOODS_3_457,C,0.3115068493150685,0.8050295297693759,2808.23,0.47611988302041547,Low Risk,158,164.9015072894057,6.901507289405714,4.368042588231464
HOBBIES_2_088,C,0.20876712328767122,0.5442641571399611,2110.7400000000002,0.4761104065582823,Low Risk,73,70.33050168729832,-2.669498312701677,-3.6568470037009275
FOODS_3_693,C,0.23178082191780822,0.6018864617754774,2942.1,0.475964657257724,Low Risk,84,85.92264035851886,1.922640358518862,2.288857569665312
HOUSEHOLD_2_494,C,0.17342465753424657,0.4525201777964315,3760.0200000000004,0.4759482429439654,Low Risk,63,62.101544061902246,-0.8984559380977544,-1.4261205366631022
FOODS_3_633,C,0.39315068493150684,1.0059876600315398,4132.8,0.4759134890112158,Low Risk,145,137.3185037017908,-7.681496298209197,-5.2975836539373775
HOUSEHOLD_2_099,C,0.17863013698630137,0.4651555993653886,3872.88,0.4758296616617934,Low Risk,65,61.28799376570482,-3.712006234295181,-5.710778821992586
HOUSEHOLD_2_103,C,0.2189041095890411,0.5677202481829091,1574.03,0.47578637641088295,Low Risk,55,55.18040774647243,0.18040774647243296,0.32801408449533265
FOODS_1_077,C,0.22082191780821916,0.5725083716758762,2635.48,0.4757746122451029,Low Risk,73,70.32171203571693,-2.678287964283072,-3.6688876223055784
HOUSEHOLD_2_306,C,0.18767123287671234,0.4878477195811564,2712.6,0.4757578158033674,Low Risk,86,84.53420456974371,-1.4657954302562928,-1.704413290995689
HOUSEHOLD_2_098,C,0.20383561643835615,0.5277569045823097,2581.6800000000003,0.4755650351492312,Low Risk,50,52.848783431893,2.848783431892997,5.697566863785994
HOBBIES_2_076,C,0.26821917808219176,0.6898261215768356,2819.52,0.4754846537625681,Low Risk,104,109.03380985832518,5.033809858325185,4.840201786851139
HOBBIES_1_271,C,0.20082191780821917,0.5192373600555332,4229.41,0.4754432865379406,Low Risk,66,66.8999205936795,0.8999205936794965,1.36351605102954
HOUSEHOLD_2_224,C,0.1747945205479452,0.45290121557454244,2532.86,0.4754331226441667,Low Risk,51,52.124673897586796,1.1246738975867956,2.205242936444697
HOUSEHOLD_2_237,C,0.16054794520547946,0.4161441004445139,3479.17,0.4753693577346134,Low Risk,56,56.86988372726412,0.8698837272641171,1.5533637986859234
FOODS_1_136,C,0.2336986301369863,0.601372110752932,4145.58,0.47530273772635645,Low Risk,75,75.91861515386819,0.9186151538681884,1.2248202051575845
HOBBIES_1_111,C,0.26,0.6659432450221059,2750.93,0.47512905162344354,Low Risk,113,107.27780471670611,-5.722195283293885,-5.063889631233527
HOBBIES_1_161,C,0.5884931506849315,1.4629728601606597,1503.6,0.47508265296637087,Low Risk,206,207.87716775536694,1.8771677553669406,0.9112464831878352
HOUSEHOLD_2_007,C,0.29315068493150687,0.7477615755271375,2760.6,0.47504005484665135,Low Risk,79,84.64193407526996,5.641934075269958,7.141688702873365
HOUSEHOLD_2_137,C,0.23643835616438355,0.6048478897651833,2537.22,0.474886831517101,Low Risk,88,87.24367101560485,-0.7563289843951537,-0.8594647549944928
FOODS_3_347,C,0.6602739726027397,1.6245866920498844,4594.8,0.4748137164956298,Low Risk,668,669.7281397411999,1.728139741199925,0.2587035540718451
FOODS_3_338,C,0.27671232876712326,0.7040034574972251,3716.8,0.4747448210534333,Low Risk,91,93.05117980636079,2.0511798063607927,2.2540437432536184
FOODS_3_359,C,0.26493150684931505,0.673421997204308,2688.2599999999998,0.47460305287046983,Low Risk,88,90.53688713626954,2.5368871362695415,2.882826291215388
HOUSEHOLD_2_318,C,0.1884931506849315,0.4821610006669977,2731.36,0.47457281832149256,Low Risk,73,78.5928594937089,5.5928594937089,7.661451361245068
HOBBIES_2_081,C,0.22684931506849315,0.5782598248899412,1631.16,0.47456495880251626,Low Risk,71,68.5116792807843,-2.488320719215693,-3.5046770693178777
FOODS_1_049,C,0.48054794520547944,1.197320350597053,3928.9600000000005,0.4745486020999186,Low Risk,152,166.00022083653428,14.000220836534282,9.210671602983082
HOUSEHOLD_2_015,C,0.20273972602739726,0.5176979110319044,3285.6000000000004,0.4745364455352938,Low Risk,78,80.71961635386755,2.7196163538675506,3.486687633163527
HOUSEHOLD_2_432,C,0.2021917808219178,0.5163223625454525,4036.3599999999997,0.4745362704463664,Low Risk,113,114.25089720455537,1.250897204555372,1.1069886765976744
HOUSEHOLD_1_065,C,0.7076712328767123,1.7263521996090312,2531.34,0.4745168691187038,Low Risk,146,127.68810109226443,-18.311898907735568,-12.542396512147649
FOODS_3_619,C,0.26767123287671235,0.6788277592596114,2830.66,0.474453734808589,Low Risk,107,104.322968034151,-2.6770319658489967,-2.501899033503735
HOBBIES_1_114,C,0.17095890410958905,0.4371491526966224,3725.2799999999997,0.47443315598436564,Low Risk,52,53.915650632579336,1.9156506325793359,3.6839435241910308
HOUSEHOLD_2_252,C,0.18547945205479452,0.47330213521310943,4716.4,0.47437562134297984,Low Risk,90,87.5449408958429,-2.455059104157101,-2.7278434490634456
HOBBIES_2_093,C,0.25315068493150683,0.6420218404442081,1820.28,0.4743624009052507,Low Risk,85,86.04497554983642,1.0449755498364226,1.229382999807556
HOUSEHOLD_1_089,C,0.21506849315068494,0.5465884208955983,4011.38,0.474270296105993,Low Risk,110,100.97634114687078,-9.02365885312922,-8.203326230117472
HOBBIES_2_104,C,0.19342465753424656,0.4920419564100819,2096.82,0.47419924219684084,Low Risk,72,75.18583858942478,3.185838589424776,4.424775818645522
FOODS_3_149,C,0.3049315068493151,0.7678828529648396,2744.9,0.474182081437935,Low Risk,130,133.38628457330776,3.386284573307762,2.604834287159817
HOUSEHOLD_2_430,C,0.25205479452054796,0.6368835100570566,3637.7200000000003,0.47408693835883264,Low Risk,73,84.89482111666044,11.894821116660438,16.294275502274573
HOUSEHOLD_1_340,C,0.20136986301369864,0.5110436048872659,3660.3,0.4740781064839098,Low Risk,67,63.764169688592766,-3.235830311407234,-4.82959747971229
HOBBIES_2_095,C,0.22602739726027396,0.5721516119426573,726.0,0.474050483782065,Low Risk,55,56.06109407051975,1.0610940705197507,1.9292619463995468
HOUSEHOLD_2_148,C,0.1789041095890411,0.4546208103884428,3876.3700000000003,0.47402831424922615,Low Risk,58,65.2589518070198,7.258951807019798,12.515434150034135
HOBBIES_2_123,C,0.21342465753424658,0.5406831118127441,389.5,0.4740275745424558,Low Risk,74,68.98405405336365,-5.01594594663635,-6.778305333292364
HOBBIES_1_263,C,0.17616438356164382,0.4459636894679736,3195.71,0.4737347252900226,Low Risk,50,57.638268643393914,7.638268643393914,15.276537286787828
HOBBIES_2_028,C,0.5002739726027398,1.2295462477447574,1606.88,0.4737054670963573,Low Risk,118,120.45340076854019,2.4534007685401917,2.0791531936781285
HOUSEHOLD_2_333,C,0.2156164383561644,0.542850050990787,3919.26,0.4735913667607845,Low Risk,106,95.8602641896046,-10.139735810395393,-9.565788500373012
HOUSEHOLD_2_038,C,0.17589041095890412,0.44329861602129633,3813.48,0.4734115103252499,Low Risk,35,45.026146716177806,10.026146716177806,28.64613347479373
FOODS_3_266,C,0.23616438356164385,0.5919035119298388,3193.58,0.4733982742005029,Low Risk,151,147.48430607491989,-3.5156939250801145,-2.328274122569612
HOUSEHOLD_1_250,C,0.22273972602739725,0.5589189646825948,2178.84,0.4733970789678307,Low Risk,77,74.73205048272919,-2.2679495172708073,-2.945388983468581
HOUSEHOLD_2_151,C,0.21424657534246574,0.5375612485468185,3472.0800000000004,0.47333625615868125,Low Risk,58,62.64908724120719,4.649087241207191,8.015667657253777
HOUSEHOLD_2_031,C,0.18684931506849314,0.4689798632343281,4051.0800000000004,0.4731845117482088,Low Risk,48,54.15829976610798,6.15829976610798,12.829791179391625
HOUSEHOLD_2_040,C,0.23123287671232876,0.5779447459450796,3350.6800000000003,0.47316823180006123,Low Risk,61,58.12902242876945,-2.870977571230547,-4.706520608574667
HOUSEHOLD_1_500,C,0.2873972602739726,0.7146281660575856,4657.56,0.4731611658654317,Low Risk,100,108.57119633551525,8.571196335515253,8.571196335515253
HOUSEHOLD_2_345,C,0.18794520547945207,0.47145704224296664,4006.24,0.4731498428974446,Low Risk,51,51.59737016977876,0.5973701697787632,1.171314058389732
HOBBIES_2_087,C,0.26438356164383564,0.657996715379058,936.05,0.47307737022352064,Low Risk,86,93.37741569282326,7.377415692823263,8.578390340492167
FOODS_3_737,C,0.22876712328767124,0.5701008002621303,2905.8,0.47294162142716767,Low Risk,65,66.25261452362437,1.2526145236243735,1.9270992671144207
HOBBIES_2_032,C,0.5150684931506849,1.2502311359751304,1823.6,0.47292786343250814,Low Risk,226,197.43733491013109,-28.562665089868915,-12.638347384897749
FOODS_3_601,C,0.19232876712328767,0.4806434681323892,1389.96,0.4729082196533233,Low Risk,61,64.1395738579896,3.1395738579896033,5.14684239014689
HOBBIES_1_088,C,0.3854794520547945,0.9455772357880018,3615.99,0.47283007393165266,Low Risk,120,128.57371226397913,8.573712263979132,7.14476021998261
FOODS_1_089,C,0.3476712328767123,0.8556880444732731,4385.64,0.47282209893675137,Low Risk,170,166.30738138995758,-3.692618610042416,-2.172128594142598
HOUSEHOLD_2_263,C,0.20438356164383562,0.509576652488339,4080.62,0.47281847825741563,Low Risk,55,58.51683747617959,3.516837476179589,6.394249956690161
FOODS_3_293,C,0.2906849315068493,0.718274035784854,2100.7799999999997,0.4727354947858412,Low Risk,70,72.74873952071727,2.7487395207172653,3.926770743881808
HOBBIES_1_138,C,0.19972602739726028,0.497568691652131,4286.5199999999995,0.4727316871191858,Low Risk,91,89.132696289866,-1.8673037101339958,-2.051982099048347
HOUSEHOLD_1_525,C,0.20849315068493152,0.5188517140895789,3219.03,0.4727113549084228,Low Risk,103,96.38389868804694,-6.616101311953059,-6.423399331993261
FOODS_3_379,C,0.6197260273972602,1.4845675230917024,4654.27,0.47268996669216345,Low Risk,214,204.8042464886398,-9.19575351136021,-4.297081080074864
FOODS_2_160,C,0.23863013698630137,0.5911453019937775,2505.22,0.4725803145802731,Low Risk,76,82.22012494872529,6.220124948725285,8.18437493253327
HOUSEHOLD_2_399,C,0.46328767123287673,1.1229659359351984,4514.97,0.4724968937356466,Low Risk,138,149.10305128933345,11.10305128933345,8.045689340096702
HOUSEHOLD_1_300,C,0.2126027397260274,0.5268926458285146,3786.88,0.4724429199116299,Low Risk,78,81.86393518166562,3.8639351816656244,4.953763053417467
HOBBIES_1_080,C,1.9794520547945205,4.118265994287055,4118.25,0.47240917093252516,Low Risk,587,572.8311260720305,-14.168873927969457,-2.41377750050587
FOODS_3_763,C,0.25095890410958904,0.6185498391319533,3183.98,0.47230121584643225,Low Risk,86,87.90283018598059,1.9028301859805907,2.212593239512315
HOUSEHOLD_2_048,C,0.20082191780821917,0.49712727340700136,2888.02,0.47228582236730315,Low Risk,64,61.899148872842375,-2.1008511271576253,-3.2825798861837896
FOODS_1_001,C,0.5421917808219178,1.2997040439042824,4432.96,0.4722369300289301,Low Risk,183,180.98557627116506,-2.0144237288349416,-1.100777993898875
FOODS_1_179,C,0.32465753424657534,0.7908563549483458,4238.72,0.4719504452035147,Low Risk,70,69.72011887426153,-0.2798811257384699,-0.3998301796263856
FOODS_3_017,C,0.19972602739726028,0.49203013040511234,1443.42,0.4719364046750948,Low Risk,71,67.57268692372918,-3.4273130762708206,-4.827201515874395
HOUSEHOLD_2_105,C,0.20712328767123286,0.5090075983112073,3753.96,0.47181151988762055,Low Risk,67,68.98827878669215,1.988278786692149,2.9675802786449985
HOUSEHOLD_2_330,C,0.19287671232876713,0.4741075458844237,2603.7400000000002,0.47173631815510897,Low Risk,58,61.14505621133016,3.1450562113301572,5.422510709189926
HOUSEHOLD_1_035,C,0.24493150684931506,0.598946556916724,4139.22,0.47170656142155387,Low Risk,182,169.18987325316857,-12.810126746831429,-7.038531179577709
FOODS_2_213,C,0.32602739726027397,0.7894250706984582,4625.47,0.47153983116538195,Low Risk,167,154.14621067299964,-12.853789327000356,-7.69687983652716
HOBBIES_2_133,C,0.37095890410958904,0.8935875274305235,3899.52,0.47147096501539737,Low Risk,111,105.06809494556597,-5.931905054434026,-5.344058607598221
HOBBIES_1_366,C,0.19972602739726028,0.4875539829369858,2894.13,0.4712936743088866,Low Risk,81,77.73694725189803,-3.2630527481019698,-4.028460182841938
HOBBIES_1_406,C,0.22164383561643836,0.5399090838749862,3138.92,0.4712861330587694,Low Risk,64,64.00763233351036,0.00763233351035808,0.0119255211099345
HOBBIES_2_103,C,0.2758904109589041,0.6685960298882636,2517.5,0.471276313515036,Low Risk,110,101.55984080010339,-8.440159199896613,-7.672871999906011
HOBBIES_2_107,C,0.3646575342465753,0.8759195648631869,665.5,0.47123466203840114,Low Risk,127,112.67815866549898,-14.321841334501016,-11.277040420866943
HOBBIES_1_400,C,0.8750684931506849,1.9988370990814863,3640.99,0.47114137234292497,Low Risk,241,244.79333085124307,3.79333085124307,1.5739962038352988
HOUSEHOLD_1_493,C,0.2852054794520548,0.6881730186224909,2895.83,0.47103489291539635,Low Risk,77,73.7769915840383,-3.2230084159617007,-4.185725215534676
FOODS_2_310,C,0.2789041095890411,0.6728651402536634,3963.32,0.47098370647275134,Low Risk,110,107.7294272964938,-2.270572703506204,-2.064157003187458
HOUSEHOLD_2_190,C,0.4747945205479452,1.1235271526677477,1698.34,0.4709201572193004,Low Risk,149,143.32890823779724,-5.671091762202764,-3.806101853827358
HOUSEHOLD_2_480,C,0.2493150684931507,0.6021618329202081,4775.81,0.47087158265492834,Low Risk,102,102.61486685248506,0.6148668524850649,0.60281063969124
HOUSEHOLD_2_277,C,0.2810958904109589,0.6752070247647631,3416.58,0.4706972666172367,Low Risk,93,86.9909690229101,-6.009030977089907,-6.46132363127947
HOBBIES_2_126,C,0.49095890410958903,1.1517143968988166,896.0,0.47043638684097494,Low Risk,130,122.94558871250915,-7.054411287490851,-5.4264702211468085
HOUSEHOLD_1_139,C,0.21013698630136987,0.5058780090281838,3819.6600000000003,0.47039303816666866,Low Risk,83,82.87365050366685,-0.12634949633314818,-0.1522283088351183
FOODS_1_126,C,0.3476712328767123,0.8253660764625835,2842.5600000000004,0.4703209029434411,Low Risk,0,6.438162214871889,6.438162214871889,
HOUSEHOLD_2_436,C,0.25205479452054796,0.6032954146762951,1812.4,0.4702653006671498,Low Risk,50,55.603057098203536,5.603057098203536,11.206114196407071
HOUSEHOLD_2_365,C,0.20273972602739726,0.4865898592006747,3603.8,0.4701360364230879,Low Risk,73,76.53716282599684,3.5371628259968446,4.845428528762801
FOODS_3_380,C,0.22356164383561644,0.5352915568841988,1615.68,0.47010685592611534,Low Risk,64,68.2867047641051,4.286704764105096,6.697976193914212
HOBBIES_2_147,C,0.41726027397260274,0.9807006688037881,1477.31,0.47009060555711535,Low Risk,121,140.48847496293808,19.488474962938085,16.10617765532073
HOUSEHOLD_2_053,C,0.24767123287671233,0.5904383843754476,1780.31,0.46996323715497695,Low Risk,46,53.9266777712875,7.926677771287501,17.23190819845109
FOODS_2_259,C,0.28383561643835614,0.6736529144972987,3653.64,0.4698929380451918,Low Risk,94,94.38525507590481,0.38525507590480856,0.40984582543064746
HOBBIES_2_149,C,0.4515068493150685,1.0545438246389132,1598.09,0.46988882485898026,Low Risk,108,112.96571643178224,4.965716431782241,4.5978855849835565
HOBBIES_1_122,C,0.6904109589041096,1.5753795980425334,4354.7,0.46988359868055646,Low Risk,205,195.29722672408198,-9.70277327591802,-4.733060134594156
HOBBIES_1_113,C,0.21835616438356165,0.5206005915095082,1170.12,0.469780844095017,Low Risk,58,51.4393956895837,-6.560604310416302,-11.311386742097072
HOUSEHOLD_2_009,C,0.2073972602739726,0.49386487433907167,4337.610000000001,0.46962626170448896,Low Risk,74,73.99772640556453,-0.002273594435465043,-0.0030724249127905986
HOUSEHOLD_2_241,C,0.24602739726027398,0.5836606391083449,4458.71,0.46961940062112817,Low Risk,76,85.09723431228994,9.097234312289942,11.970045147749923
HOBBIES_2_063,C,0.27616438356164386,0.652928622072906,974.47,0.46958212476120353,Low Risk,104,100.14455931857461,-3.8554406814253923,-3.7071545013705696
FOODS_3_364,C,0.4136986301369863,0.9648970553111247,4197.8,0.46955243220921183,Low Risk,118,113.64815294508662,-4.351847054913378,-3.688005978740151
HOUSEHOLD_2_351,C,0.19397260273972602,0.46194371633003384,4205.52,0.46954668688096357,Low Risk,45,51.34686836110328,6.346868361103283,14.104151913562852
HOBBIES_2_071,C,0.2978082191780822,0.702203099634319,1054.3899999999999,0.4695387311187882,Low Risk,85,99.04027918782263,14.040279187822634,16.51797551508545
HOBBIES_1_265,C,0.23671232876712328,0.5607712429683905,3430.08,0.46946361462429603,Low Risk,96,90.68380874316875,-5.316191256831246,-5.537699225865881
FOODS_3_268,C,0.30904109589041096,0.7263964907919902,2462.5400000000004,0.46939828863120225,Low Risk,97,97.20954688899198,0.20954688899198004,0.2160277206102887
HOUSEHOLD_2_417,C,0.22136986301369863,0.5243150932281333,3207.11,0.46935061253183696,Low Risk,56,59.46574640291685,3.4657464029168494,6.188832862351517
HOUSEHOLD_2_407,C,0.19506849315068492,0.46266805006212663,3526.82,0.4692765358215772,Low Risk,52,54.23498844837219,2.2349884483721922,4.298054708408062
FOODS_3_784,C,0.5778082191780822,1.320662620684888,3097.3199999999997,0.4692688885662825,Low Risk,326,325.1385251623477,-0.8614748376522812,-0.2642560851694114
FOODS_3_442,C,0.35315068493150686,0.8237015105235804,3196.72,0.46916463634429856,Low Risk,127,115.97982081069195,-11.020179189308053,-8.677306448274056
HOBBIES_1_293,C,0.2536986301369863,0.5971236133475191,3407.6800000000003,0.46913343954073167,Low Risk,77,72.93568039115092,-4.064319608849075,-5.278337154349448
HOBBIES_1_359,C,0.21452054794520548,0.5067455123029878,1150.01,0.4691264477383554,Low Risk,66,60.66750126567384,-5.332498734326158,-8.079543536857816
FOODS_1_068,C,0.30575342465753425,0.715635805571523,3986.38,0.46909263242934723,Low Risk,73,73.89033920951057,0.8903392095105715,1.2196427527542075
HOBBIES_1_221,C,0.22136986301369863,0.5216951601690936,2399.76,0.4690111977163751,Low Risk,54,57.53635777071905,3.53635777071905,6.5488106865167595
FOODS_3_216,C,0.27643835616438356,0.6475439397550093,2535.28,0.46895806334256823,Low Risk,152,169.63884366203908,17.63884366203908,11.604502409236236
HOUSEHOLD_2_023,C,0.29424657534246573,0.6869529868638696,4263.780000000001,0.4688479642800412,Low Risk,79,86.01146935186057,7.011469351860569,8.875277660582999
HOBBIES_2_044,C,0.1893150684931507,0.44610407794766044,3088.77,0.4687974805070663,Low Risk,58,60.82639139036307,2.826391390363071,4.87308860407426
FOODS_2_273,C,0.4145205479452055,0.9549786478537873,3896.8,0.4687388877153136,Low Risk,152,156.18140764621455,4.181407646214552,2.7509260830358895
HOBBIES_2_007,C,0.36575342465753424,0.8461735285814382,1294.95,0.4687029309236473,Low Risk,59,74.48824694458261,15.488246944582613,26.251266007767143
HOUSEHOLD_2_165,C,0.1978082191780822,0.4650522844020621,4216.48,0.4686977289460489,Low Risk,74,74.64685311674575,0.6468531167457456,0.8741258334401968
FOODS_3_680,C,0.33287671232876714,0.7719661299664906,3043.28,0.46865093903988064,Low Risk,156,154.89184145201267,-1.1081585479873297,-0.7103580435816217
HOBBIES_1_363,C,0.24602739726027398,0.5751469594891954,2586.24,0.4686269865175163,Low Risk,79,81.56438081445789,2.5643808144578912,3.2460516638707486
HOUSEHOLD_2_285,C,0.21452054794520548,0.5029456696891411,3656.61,0.4686184569840115,Low Risk,70,68.3184846340778,-1.6815153659221949,-2.4021648084602782
HOBBIES_2_145,C,0.33945205479452056,0.7860141729681241,3568.3199999999997,0.46859182966878643,Low Risk,102,106.39999167487521,4.39999167487521,4.313717328309029
HOUSEHOLD_2_041,C,0.19972602739726028,0.46863817504991295,3623.1299999999997,0.46857755196998785,Low Risk,57,58.125306782084174,1.1253067820841736,1.9742224247090763
FOODS_3_001,C,0.4276712328767123,0.9812443938993523,3869.68,0.4685532370196995,Low Risk,191,196.94435891580008,5.9443589158000805,3.11222979884821
HOUSEHOLD_1_507,C,0.533972602739726,1.2120125198965286,3449.73,0.4685324505834009,Low Risk,189,171.79539520462848,-17.204604795371523,-9.102965500196573
HOUSEHOLD_2_043,C,0.23589041095890412,0.5510144997578355,4277.17,0.4685088588720831,Low Risk,64,71.49942675321114,7.499426753211139,11.717854301892405
HOUSEHOLD_2_206,C,0.22602739726027396,0.5272844430429451,2367.75,0.4683576739141433,Low Risk,87,84.38121214345779,-2.6187878565422125,-3.0101009845312787
FOODS_3_543,C,0.28794520547945207,0.6676097810007626,3898.0,0.46834606974988235,Low Risk,172,174.2316639418572,2.2316639418571924,1.297479035963484
HOBBIES_2_038,C,0.2810958904109589,0.6520821924040046,995.22,0.4683379664772085,Low Risk,93,87.67828918051364,-5.321710819486356,-5.7222696983724255
FOODS_3_486,C,0.3802739726027397,0.8734975710239006,3989.46,0.46832359941302204,Low Risk,151,154.91488292780497,3.9148829278049675,2.592637700533091
HOBBIES_1_408,C,1.484931506849315,3.041220026100907,3251.85,0.468294899271064,Low Risk,297,294.0419609684459,-2.958039031554108,-0.995972737897006
HOBBIES_1_009,C,0.6747945205479452,1.5018925756596915,4285.73,0.46817430010847977,Low Risk,238,213.40155662588205,-24.59844337411795,-10.335480409293256
FOODS_3_193,C,0.2736986301369863,0.6337487307159398,2496.99,0.4681673941922881,Low Risk,87,82.27715905736167,-4.722840942638328,-5.428552807630262
HOUSEHOLD_2_133,C,0.25397260273972605,0.587987775216336,4607.19,0.4680307654282222,Low Risk,46,48.14718100264929,2.1471810026492903,4.667784788368023
FOODS_1_133,C,0.3715068493150685,0.8502956319076372,4714.88,0.4680306586021839,Low Risk,191,185.95056490022105,-5.049435099778947,-2.6436832983135847
HOBBIES_1_401,C,0.21945205479452054,0.5094930295829757,1576.97,0.46799487939194684,Low Risk,79,81.75941107302178,2.7594110730217807,3.4929254088883295
HOBBIES_1_239,C,0.27835616438356164,0.6414029004695053,3017.52,0.4678748624000011,Low Risk,80,84.19687490182957,4.196874901829574,5.246093627286967
HOUSEHOLD_1_036,C,0.2654794520547945,0.6122326623267097,2887.62,0.46784608364551666,Low Risk,140,136.70876321951943,-3.291236780480574,-2.3508834146289814
HOBBIES_2_058,C,0.2947945205479452,0.677072571160851,538.0,0.46776583991812865,Low Risk,90,84.77232155902009,-5.227678440979915,-5.808531601088794
FOODS_3_500,C,0.41315068493150686,0.9357210011705391,3736.3,0.4676123740451086,Low Risk,170,187.2999121619733,17.29991216197331,10.17641891880783
HOUSEHOLD_1_120,C,0.21945205479452054,0.5062554443974644,3572.31,0.46757178170678854,Low Risk,107,107.5612933621216,0.561293362121603,0.5245732356276663
HOUSEHOLD_2_017,C,0.243013698630137,0.5592949720880552,3299.6400000000003,0.4675682772331402,Low Risk,74,75.65145287929131,1.6514528792913126,2.2316930801233954
HOUSEHOLD_2_373,C,0.24767123287671233,0.5696501466038147,4212.64,0.4675560979501459,Low Risk,85,84.38240220122034,-0.6175977987796557,-0.7265856456231244
HOBBIES_1_003,C,0.24273972602739727,0.5581879136837885,2631.42,0.4675102156587737,Low Risk,91,86.99050789319126,-4.009492106808736,-4.4060352822074025
HOBBIES_1_216,C,0.5257534246575343,1.1745542734678172,3328.31,0.46745391337077435,Low Risk,95,96.44268564711682,1.442685647116818,1.518616470649282
FOODS_3_343,C,0.2663013698630137,0.6103059061824408,3516.58,0.46743975090633616,Low Risk,99,98.75363436448849,-0.24636563551150914,-0.24885417728435266
FOODS_1_008,C,0.3052054794520548,0.6964658653028444,3943.56,0.46740830925459986,Low Risk,57,61.47021798901089,4.470217989010891,7.842487700019108
FOODS_3_512,C,0.24082191780821918,0.5528563895951544,1740.42,0.467388135771425,Low Risk,61,60.08050374071017,-0.9194962592898293,-1.5073709168685727
FOODS_3_027,C,0.5194520547945205,1.159175733659227,3766.35,0.46734151858137785,Low Risk,84,102.19950215178035,18.19950215178035,21.666073990214706
FOODS_3_043,C,0.4052054794520548,0.9133012849116192,3691.2,0.4672480378857025,Low Risk,191,188.60261999027162,-2.39738000972838,-1.2551727799625025
HOBBIES_2_045,C,0.2641095890410959,0.6022244223787303,2379.5800000000004,0.4670935418976708,Low Risk,100,97.9219426945387,-2.0780573054613,-2.0780573054613
FOODS_3_548,C,0.23726027397260274,0.5421485738374024,2231.1800000000003,0.4670592347493594,Low Risk,74,72.1775170832073,-1.8224829167926941,-2.4628147524225596
HOUSEHOLD_2_117,C,0.21808219178082192,0.49894560662744775,1964.8700000000001,0.4670172621199023,Low Risk,72,74.79806188262778,2.7980618826277777,3.8861970592052466
HOBBIES_1_224,C,0.21287671232876712,0.4870464546405735,3078.6600000000003,0.46698514608437264,Low Risk,85,81.23241642112971,-3.767583578870287,-4.432451269259161
HOUSEHOLD_2_129,C,0.2252054794520548,0.5142211877692165,4710.06,0.4669330192573,Low Risk,68,72.96791371534546,4.9679137153454604,7.305755463743324
HOUSEHOLD_2_377,C,0.24191780821917808,0.5513844593048095,4388.51,0.46692245144228184,Low Risk,64,66.41546837225552,2.4154683722555177,3.7741693316492464
FOODS_3_204,C,0.5005479452054794,1.1100698681234153,4530.96,0.46682330424687246,Low Risk,159,161.68776677900055,2.6877667790005546,1.6904193578619842
HOUSEHOLD_2_067,C,0.4791780821917808,1.0642445581965745,1696.53,0.46677950792949646,Low Risk,161,179.607748391006,18.607748391005998,11.557607696277017
HOBBIES_2_022,C,0.23150684931506849,0.5254229298655434,4199.65,0.4665788540313808,Low Risk,93,84.1011927589599,-8.898807241040103,-9.568609936602261
HOUSEHOLD_2_302,C,0.28383561643835614,0.6407095403470818,3087.2799999999997,0.46656434819548487,Low Risk,76,79.96395554819784,3.963955548197845,5.215730984470849
HOUSEHOLD_2_371,C,1.2276712328767123,2.497233613596614,3495.1800000000003,0.4662392155355819,Low Risk,502,527.6029792047623,25.602979204762278,5.100195060709617
FOODS_1_030,C,0.31917808219178084,0.7137911578352039,4048.19,0.466190056396448,Low Risk,146,137.33507326680913,-8.664926733190867,-5.934881324103334
HOBBIES_1_322,C,0.21643835616438356,0.48800736852225796,3136.3,0.46605566228804074,Low Risk,54,56.44313020150683,2.4431302015068326,4.524315187975616
FOODS_2_287,C,0.3597260273972603,0.794727715613472,3275.0,0.46567438151147117,Low Risk,9,17.328006640695698,8.328006640695698,92.53340711884108
FOODS_2_268,C,0.2791780821917808,0.621730700481072,3759.3999999999996,0.46566476703282766,Low Risk,90,89.2387320708815,-0.7612679291185032,-0.8458532545761146
HOBBIES_1_368,C,0.2550684931506849,0.5666175266011032,3928.8199999999997,0.465349785725609,Low Risk,104,98.26338617703644,-5.736613822963562,-5.515974829772656
HOUSEHOLD_2_288,C,0.24465753424657535,0.5431556299479473,3545.21,0.46524353631942506,Low Risk,76,76.7521203009268,0.7521203009268049,0.9896319749036908
HOUSEHOLD_1_501,C,0.22082191780821916,0.49108733174567815,3191.7599999999998,0.4652002650850915,Low Risk,65,64.47820667981908,-0.5217933201809188,-0.8027589541244905
HOUSEHOLD_2_338,C,0.2493150684931507,0.5523122842409359,4477.2,0.46513739634469664,Low Risk,62,66.38142697339666,4.381426973396657,7.066817699026866
HOUSEHOLD_1_099,C,0.4676712328767123,1.0127557522001729,4045.59,0.46511520092782455,Low Risk,207,199.85695872954724,-7.1430412704527555,-3.45074457509795
HOUSEHOLD_2_093,C,0.3756164383561644,0.8204080061306988,4326.27,0.4650570141981272,Low Risk,179,168.36702602662157,-10.632973973378427,-5.940208923675098
FOODS_3_521,C,0.41342465753424656,0.8993073355026673,3832.86,0.4650451304609845,Low Risk,153,154.73394825405114,1.7339482540511426,1.133299512451727
HOBBIES_2_067,C,0.2463013698630137,0.5449323244978087,2670.03,0.4650360633121168,Low Risk,77,75.33145347628923,-1.6685465237107735,-2.166943537286719
FOODS_3_506,C,0.26602739726027397,0.5873162406004806,3859.62,0.46502730987039703,Low Risk,89,82.04648701486448,-6.953512985135518,-7.812935938354515
FOODS_2_269,C,0.38986301369863013,0.8496488936007943,3675.0,0.4650107298877717,Low Risk,150,155.38321493387915,5.383214933879145,3.58880995591943
HOUSEHOLD_1_470,C,0.376986301369863,0.8226158653747866,4100.48,0.4650061800561617,Low Risk,94,96.16035683574201,2.1603568357420073,2.298251952917029
HOBBIES_2_140,C,0.3358904109589041,0.7359161523016876,3026.73,0.46499562750824797,Low Risk,88,103.67270018233859,15.672700182338588,17.809886570839303
FOODS_2_366,C,0.41863013698630136,0.9091859628336134,3937.98,0.4649796735208262,Low Risk,193,200.485828061492,7.485828061491986,3.878667389374086
HOBBIES_1_107,C,0.2567123287671233,0.5668422162242825,3729.2599999999998,0.4649775221737936,Low Risk,83,86.28853556154652,3.2885355615465244,3.962091038007861
FOODS_3_040,C,0.3452054794520548,0.7551850721881349,3170.68,0.4649608990816224,Low Risk,229,234.13046392372758,5.130463923727575,2.2403772592696836
HOUSEHOLD_1_337,C,0.2473972602739726,0.5459435286941765,4487.91,0.46487927339846297,Low Risk,85,80.13148374062882,-4.868516259371177,-5.727666187495502
FOODS_3_465,C,0.6005479452054795,1.275826526344642,3814.08,0.4647921498623457,Low Risk,179,173.2237795269485,-5.776220473051495,-3.2269388117606117
FOODS_2_148,C,0.4232876712328767,0.9152974390944928,3935.34,0.46473838978303567,Low Risk,166,156.72658543759675,-9.273414562403246,-5.586394314700751
FOODS_3_050,C,0.30739726027397263,0.6726664898926114,2447.5600000000004,0.4647354321961853,Low Risk,70,74.91400905281523,4.914009052815231,7.020012932593188
HOBBIES_2_089,C,0.28356164383561644,0.6219502073825353,3073.9500000000003,0.46472786300573177,Low Risk,74,74.13392482084397,0.13392482084397273,0.18097948762699018
FOODS_2_017,C,0.34328767123287673,0.7482253687935354,4605.96,0.4647176257152053,Low Risk,127,124.56626032264964,-2.43373967735036,-1.9163304546065827
FOODS_2_205,C,0.3934246575342466,0.8526781743424379,3718.52,0.46468866137452686,Low Risk,168,166.71376151203435,-1.2862384879656474,-0.7656181475985997
FOODS_3_408,C,0.4002739726027397,0.8643545116727913,4353.78,0.4645057507465727,Low Risk,126,131.1890799106248,5.189079910624798,4.11831738938476
FOODS_3_235,C,0.6854794520547945,1.4362234676360301,4353.48,0.46450070541538924,Low Risk,210,199.21319688615463,-10.786803113845366,-5.1365729113549365
HOBBIES_2_018,C,0.36246575342465753,0.7854978030745957,4447.46,0.4644828373138106,Low Risk,91,91.45699588701999,0.4569958870199855,0.5021932824395445
FOODS_3_778,C,0.29315068493150687,0.6395070311107104,2439.6,0.4644496071393305,Low Risk,122,109.0347056562329,-12.965294343767098,-10.627290445710736
HOBBIES_1_207,C,0.24602739726027398,0.5392430464107026,2496.44,0.46444177503342343,Low Risk,86,94.74234184253243,8.742341842532426,10.165513770386541
FOODS_2_394,C,0.4041095890410959,0.8711034063004098,4380.75,0.4644215955230474,Low Risk,123,117.81681758613911,-5.183182413860891,-4.213969442163326
FOODS_3_315,C,0.6263013698630137,1.3185726718934254,3977.64,0.4644100387534489,Low Risk,190,170.55258048313004,-19.447419516869957,-10.235483956247347
FOODS_2_223,C,0.46136986301369864,0.9881530574625449,3667.32,0.46439355638298735,Low Risk,5,11.117506033360618,6.117506033360618,122.35012066721237
HOBBIES_1_036,C,0.5115068493150685,1.0888226955037767,2091.0400000000004,0.46433995278942947,Low Risk,177,172.3083702415135,-4.691629758486499,-2.6506382816307905
HOBBIES_1_041,C,0.25287671232876713,0.5524292485772495,3895.06,0.4642787671793682,Low Risk,69,72.52406525357523,3.5240652535752304,5.107340947210479
HOBBIES_1_002,C,0.28164383561643835,0.613288074894642,4081.1600000000003,0.4642618100057477,Low Risk,77,76.34270190548364,-0.6572980945163636,-0.8536338889822904
FOODS_3_164,C,0.42712328767123287,0.9141131486825275,4296.68,0.46412667654146206,Low Risk,159,161.1172139137835,2.1172139137835018,1.3315810778512591
HOUSEHOLD_2_016,C,0.3254794520547945,0.7029925484283364,1924.5600000000002,0.4640374572374108,Low Risk,105,91.87673707123234,-13.123262928767659,-12.49834564644539
FOODS_3_088,C,0.36904109589041095,0.7928672231202315,3744.66,0.4639905149518313,Low Risk,135,134.17352304697008,-0.8264769530299247,-0.6122051503925369
FOODS_3_597,C,0.3512328767123288,0.755670887728494,3638.4199999999996,0.4639627312869553,Low Risk,94,88.81626600356799,-5.183733996432011,-5.514610634502139
FOODS_3_068,C,0.3947945205479452,0.8454253756195229,3410.3,0.4639549525152541,Low Risk,309,283.28720890959136,-25.712791090408643,-8.321291615018978
FOODS_3_749,C,0.6673972602739726,1.3878283362188166,4238.64,0.46393271172393497,Low Risk,239,217.33567702790515,-21.66432297209485,-9.064570281211234
FOODS_1_057,C,0.4041095890410959,0.8638373405858951,3298.5400000000004,0.46390594048864886,Low Risk,2,6.5730135415721005,4.5730135415721005,228.650677078605
FOODS_2_386,C,0.4345205479452055,0.9248036700623765,4117.18,0.46383499962781,Low Risk,192,175.9696348396738,-16.0303651603262,-8.34914852100323
FOODS_3_374,C,0.42547945205479454,0.9061512046803994,3872.25,0.4638165631719034,Low Risk,4,8.445097843397061,4.445097843397061,111.12744608492653
HOUSEHOLD_2_281,C,0.2252054794520548,0.4896520584701426,4331.94,0.4638042761237501,Low Risk,65,66.73323732445712,1.7332373244571215,2.666518960703264
HOBBIES_1_119,C,0.6010958904109589,1.2528067273930366,3798.05,0.46364184895147037,Low Risk,199,173.5823194195367,-25.417680580463298,-12.772703809278038
HOBBIES_1_061,C,0.31068493150684934,0.6670582021219371,3209.2200000000003,0.4635748174280167,Low Risk,101,95.33492076724839,-5.665079232751609,-5.608989339358028
HOBBIES_2_054,C,0.24602739726027398,0.5315652665227313,3565.06,0.46354679925489967,Low Risk,91,86.1556782940113,-4.844321705988705,-5.323430446141434
FOODS_3_145,C,0.28849315068493153,0.6201195776466363,3137.94,0.46350237524070426,Low Risk,97,97.13115814552926,0.13115814552925542,0.13521458301985095
FOODS_1_070,C,0.5715068493150685,1.1916670472154676,2037.3999999999999,0.46347795839987,Low Risk,262,258.8857301010973,-3.1142698989027053,-1.1886526331689715
FOODS_2_188,C,0.3682191780821918,0.7829915411658543,3453.08,0.4633535912436089,Low Risk,158,157.54320052570952,-0.4567994742904773,-0.2891135913230869
HOBBIES_1_202,C,0.6594520547945205,1.3586400136877785,4185.49,0.46333071215778854,Low Risk,144,131.4093652132118,-12.5906347867882,-8.743496379714028
HOBBIES_1_185,C,0.3306849315068493,0.7050425757482787,3910.6800000000003,0.4632736941288364,Low Risk,129,131.78582993156851,2.7858299315685144,2.1595580864872206
HOUSEHOLD_1_471,C,0.34849315068493153,0.7415767445476716,3291.84,0.463270315131187,Low Risk,242,226.8555523577861,-15.14444764221389,-6.258036215790865
HOUSEHOLD_2_386,C,0.2808219178082192,0.6017143532041581,4069.25,0.46325733996904583,Low Risk,76,85.20785208899152,9.207852088991515,12.115594853936203
FOODS_3_012,C,0.5194520547945205,1.0846747411474076,4697.6,0.463228357795369,Low Risk,277,264.1086068200645,-12.891393179935505,-4.6539325559333955
HOBBIES_1_156,C,0.6216438356164383,1.2827769164689848,4169.26,0.4631810382689122,Low Risk,218,254.48866827369764,36.48866827369764,16.737921226466806
FOODS_3_718,C,0.8246575342465754,1.6615343229565804,4420.62,0.4630911236358878,Low Risk,362,390.1171065287325,28.117106528732506,7.767156499649863
HOUSEHOLD_1_271,C,0.3232876712328767,0.6858633108810513,3516.4,0.4629237686626021,Low Risk,99,92.67072754427657,-6.329272455723427,-6.393204500730734
HOBBIES_1_259,C,0.34,0.7198893066762514,1203.77,0.46291076662225483,Low Risk,163,156.97238445919785,-6.027615540802145,-3.697923644663893
HOUSEHOLD_1_463,C,0.31095890410958904,0.6588690501738239,3382.2999999999997,0.4627670728109612,Low Risk,73,72.90561642955868,-0.09438357044132317,-0.1292925622483879
FOODS_1_056,C,0.3443835616438356,0.7261527747602783,2815.1600000000003,0.4626876660783528,Low Risk,3,6.5730135415721005,3.5730135415721005,119.10045138573668
FOODS_3_153,C,0.6101369863013698,1.2496340852758732,3874.98,0.4626652130062173,Low Risk,255,243.56801756356688,-11.431982436433117,-4.483130367228673
FOODS_3_325,C,0.4983561643835616,1.0320288862645706,4568.14,0.4625979238353907,Low Risk,325,308.88097758559525,-16.119022414404753,-4.959699204432232
FOODS_3_254,C,0.5235616438356164,1.0792740496626338,3325.14,0.4624889351820012,Low Risk,197,187.50259153973803,-9.497408460261966,-4.821019522975617
FOODS_3_255,C,0.3013698630136986,0.6361049668299147,4378.0,0.46247252732034144,Low Risk,117,114.25545245291809,-2.7445475470819076,-2.3457671342580406
HOBBIES_1_130,C,0.443013698630137,0.9200198458002028,4414.41,0.4624098196315804,Low Risk,184,195.49669999259257,11.496699992592568,6.248206517713352
FOODS_2_341,C,0.3731506849315068,0.7792472647163454,3400.5,0.46229162567664955,Low Risk,4,12.223387155235475,8.223387155235475,205.58467888088688
HOBBIES_1_167,C,1.6893150684931506,3.0278547581074315,4192.88,0.4622775729397596,Low Risk,430,417.1442067185683,-12.855793281431716,-2.9897193677748177
HOUSEHOLD_2_231,C,0.26109589041095893,0.5515805080384921,3782.9300000000003,0.46226623411527484,Low Risk,118,116.62795032998672,-1.3720496700132827,-1.1627539576383752
HOUSEHOLD_2_070,C,0.3934246575342466,0.8185707975894094,4264.92,0.4622024054000278,Low Risk,134,137.76794242096298,3.7679424209629815,2.811897329076852
FOODS_3_425,C,0.4706849315068493,0.9711321433312992,4260.64,0.4622008469560149,Low Risk,166,158.15592136065186,-7.84407863934814,-4.725348577920566
FOODS_2_319,C,0.3810958904109589,0.7913092647918714,3926.9199999999996,0.462001884352054,Low Risk,92,83.03257465900353,-8.96742534099647,-9.74720145760486
HOBBIES_1_399,C,0.34794520547945207,0.7250196487714752,2501.9,0.4619982079978327,Low Risk,80,76.64141615958114,-3.3585838404188593,-4.198229800523574
FOODS_3_582,C,0.5476712328767124,1.1159430601658498,3957.18,0.4619617947554978,Low Risk,408,371.11782177446395,-36.88217822553605,-9.039749565082365
HOUSEHOLD_1_472,C,0.25260273972602737,0.5310579506905715,4443.04,0.4619186129080246,Low Risk,79,81.29740415759586,2.2974041575958637,2.908106528602359
HOUSEHOLD_2_471,C,0.29753424657534244,0.6213692145576534,3779.2799999999997,0.4618078324449779,Low Risk,101,98.8024351418102,-2.197564858189807,-2.1758067902869374
HOBBIES_2_117,C,0.4178082191780822,0.860484555977157,4392.0,0.4617540077522075,Low Risk,96,92.47050317102088,-3.52949682897912,-3.67655919685325
FOODS_2_132,C,0.4389041095890411,0.8998760026085834,4126.54,0.46162479161560416,Low Risk,79,65.36157842098987,-13.638421579010128,-17.263824783557126
FOODS_3_188,C,0.31397260273972605,0.6522065330968946,2269.08,0.4615946492076111,Low Risk,104,101.01380361082708,-2.9861963891729175,-2.871342681897036
FOODS_2_303,C,0.5079452054794521,1.0312026451309406,4032.6400000000003,0.4614918399504289,Low Risk,1,7.043649801825873,6.043649801825873,604.3649801825873
HOBBIES_1_006,C,0.7016438356164384,1.3929401662151908,2473.84,0.46145132678472883,Low Risk,236,243.5187656254987,7.518765625498702,3.1859176379231786
HOUSEHOLD_2_424,C,0.24794520547945206,0.5173370239399291,2606.4,0.4614341587264522,Low Risk,90,86.01913822643705,-3.9808617735629497,-4.423179748403277
FOODS_3_669,C,0.9816438356164383,1.8864570588420786,2682.05,0.4614321962599337,Low Risk,521,504.82432421948135,-16.175675780518645,-3.104736234264615
HOBBIES_1_232,C,1.6602739726027398,2.936840383882333,2908.74,0.46141760240400537,Low Risk,494,479.6439816754427,-14.356018324557283,-2.906076583918478
FOODS_3_161,C,0.3049315068493151,0.6320245113721926,2203.74,0.4614046633432305,Low Risk,116,104.34544087199063,-11.654559128009367,-10.047033731042559
FOODS_3_798,C,0.35315068493150686,0.7276003286016463,2552.22,0.46136044744680765,Low Risk,148,136.43345101050957,-11.566548989490428,-7.815235803709748
HOBBIES_1_316,C,0.6753424657534246,1.341444763563083,2317.1,0.46131256066592874,Low Risk,282,273.91583339792226,-8.084166602077744,-2.86672574541764
HOUSEHOLD_2_308,C,0.3271232876712329,0.6710991124848082,4641.85,0.46094069674147164,Low Risk,104,100.70845695719555,-3.2915430428044488,-3.1649452334658164
HOBBIES_1_131,C,1.5013698630136987,2.6808136115383956,3726.4,0.4608732684981689,Low Risk,418,412.5823165769992,-5.417683423000824,-1.296096512679623
FOODS_2_155,C,0.4482191780821918,0.9050138082123145,4087.5,0.4607915035075879,Low Risk,1,7.905360431360933,6.905360431360933,690.5360431360932
HOUSEHOLD_1_230,C,0.30684931506849317,0.6287025199768022,3673.6,0.46073502011244694,Low Risk,91,92.94441216730095,1.9444121673009533,2.136716667363685
FOODS_1_060,C,0.48054794520547944,0.9657208991519286,2946.72,0.4607269518695591,Low Risk,133,155.990482763075,22.990482763074993,17.28607726546992
HOBBIES_2_091,C,0.62,1.2234508607907106,2195.11,0.46058317853227076,Low Risk,174,199.57804865870878,25.57804865870878,14.700027964775161
HOUSEHOLD_2_154,C,0.31397260273972605,0.6407610996793017,2154.48,0.4605492080665868,Low Risk,105,100.79205914391329,-4.207940856086708,-4.0075627200825785
HOUSEHOLD_1_279,C,1.0556164383561644,1.9766872214233489,3737.41,0.46049770939571366,Low Risk,297,298.41422835122626,1.4142283512262566,0.4761711620290426
HOUSEHOLD_2_112,C,0.30575342465753425,0.6235488339194627,4430.52,0.46045517424902394,Low Risk,95,88.69877627069059,-6.301223729309413,-6.6328670834835926
FOODS_3_316,C,0.4715068493150685,0.9416428959387134,4322.66,0.46030935537440176,Low Risk,275,265.09588931841586,-9.904110681584143,-3.6014947933033246
HOUSEHOLD_2_286,C,0.35424657534246573,0.716435709283369,2767.02,0.46028085989623424,Low Risk,97,104.73028233334814,7.730282333348143,7.9693632302558175
HOBBIES_1_318,C,0.29561643835616436,0.6014575023739241,4426.76,0.46025234019620925,Low Risk,115,118.93489967874763,3.9348996787476267,3.421651894563154
FOODS_3_223,C,0.5909589041095891,1.162620249156091,4270.86,0.4602252266259814,Low Risk,203,188.57713313728757,-14.422866862712425,-7.104860523503658
HOBBIES_2_121,C,0.6526027397260274,1.2704345365854701,2310.54,0.46003054661516163,Low Risk,114,110.8618716799009,-3.1381283200990993,-2.752744140437806
HOBBIES_1_106,C,0.2961643835616438,0.5989042477651946,2778.1699999999996,0.45990067245928473,Low Risk,113,116.12667928403592,3.126679284035916,2.766972817730899
HOBBIES_2_120,C,0.47534246575342465,0.9420421223863519,4285.450000000001,0.45989598088552863,Low Risk,194,174.4893323205358,-19.510667679464206,-10.057045195600105
HOUSEHOLD_2_354,C,0.56,1.0982634090953518,1982.68,0.4598492447453574,Low Risk,214,211.8170063377884,-2.182993662211601,-1.0200904963605613
HOUSEHOLD_2_310,C,0.3117808219178082,0.6284550267533527,1615.9599999999998,0.45981458761393956,Low Risk,114,109.49215897710685,-4.507841022893146,-3.954246511309777
FOODS_3_567,C,0.4846575342465753,0.9569581647068625,3078.06,0.4597461954247254,Low Risk,150,141.59783963808505,-8.402160361914952,-5.601440241276634
HOUSEHOLD_2_024,C,0.47178082191780824,0.9322917105494417,3822.84,0.45970941784400104,Low Risk,205,208.30332795915442,3.303327959154416,1.6113794922704465
FOODS_2_230,C,0.5375342465753424,1.0513478811905987,4273.360000000001,0.4595522427594317,Low Risk,1,6.634304957008905,5.634304957008905,563.4304957008906
HOBBIES_1_380,C,0.6331506849315068,1.2225375995344656,4007.03,0.4594510454381,Low Risk,165,146.03868811484423,-18.961311885155766,-11.491704172821676
HOUSEHOLD_2_511,C,0.38,0.7542589407754172,3800.38,0.4593703674092609,Low Risk,156,147.8649365036534,-8.13506349634659,-5.214784292529865
HOUSEHOLD_2_496,C,0.4331506849315068,0.854146747808478,2339.88,0.45934105899421007,Low Risk,126,126.33775508414888,0.3377550841488812,0.26805959059435014
FOODS_3_309,C,0.31945205479452055,0.6380462488336957,2308.68,0.45933684773013284,Low Risk,104,97.58088425501819,-6.419115744981809,-6.172226677867124
FOODS_2_094,C,0.5887671232876712,1.1394588740443738,2742.58,0.45929296868484354,Low Risk,159,189.2457932259786,30.245793225978588,19.022511462879617
FOODS_3_623,C,0.4156164383561644,0.8198198879477262,4520.66,0.45924540370365136,Low Risk,120,127.68669167992661,7.686691679926611,6.405576399938842
FOODS_3_507,C,0.3389041095890411,0.6728040447732856,2449.2599999999998,0.4591156244517913,Low Risk,107,106.5055135907446,-0.4944864092554013,-0.4621368310798143
FOODS_3_240,C,0.5443835616438356,1.0531647048736426,1987.0,0.4589863133156502,Low Risk,177,179.8648740896069,2.8648740896069,1.6185729319812996
FOODS_3_802,C,0.3558904109589041,0.7024793339482578,2182.3199999999997,0.4588988972673055,Low Risk,116,113.83832720062418,-2.161672799375822,-1.8635110339446739
HOBBIES_1_382,C,0.34821917808219177,0.681030087368148,2503.87,0.45833005753140654,Low Risk,151,146.31583702062926,-4.68416297937074,-3.102094688324993
FOODS_3_022,C,0.3263013698630137,0.6386593308533416,2358.18,0.45823246680987345,Low Risk,81,77.77264761441681,-3.2273523855831883,-3.984385661213813
FOODS_2_015,C,0.5326027397260275,1.0162586575656676,4776.92,0.4581504400161472,Low Risk,257,254.7270748151206,-2.272925184879398,-0.8844066867235011
HOUSEHOLD_2_418,C,0.33479452054794523,0.6515115329602931,3397.16,0.457964101818972,Low Risk,87,90.04603192116578,3.0460319211657776,3.501186116282503
FOODS_3_564,C,0.6887671232876712,1.2855457856993235,4374.36,0.4579611831812518,Low Risk,216,211.72581817166434,-4.2741818283356565,-1.97878788348873
FOODS_3_710,C,0.4232876712328767,0.8148761686100497,4567.53,0.4579346265974861,Low Risk,126,127.3228687283966,1.3228687283965996,1.0498958161877774
FOODS_1_066,C,0.8471232876712329,1.5475202978368963,4203.04,0.45784350720959527,Low Risk,294,274.30470712298506,-19.695292877014936,-6.6990792098690255
HOUSEHOLD_1_367,C,0.3189041095890411,0.61958437267124,4621.08,0.4577714850262196,Low Risk,106,109.56575970479177,3.5657597047917733,3.36392424980356
FOODS_3_056,C,0.48575342465753424,0.9249383080435916,3085.02,0.45773505942030096,Low Risk,122,139.95659588283712,17.95659588283712,14.718521215440264
FOODS_3_078,C,0.37424657534246575,0.7213570799159831,4055.46,0.45768715918474523,Low Risk,116,117.98277869074543,1.982778690745434,1.7092919747805464
FOODS_3_180,C,0.35534246575342465,0.6861829439654925,3863.14,0.457667425074502,Low Risk,143,145.66116508870607,2.6611650887060705,1.8609546074867627
FOODS_3_478,C,0.746027397260274,1.3746687881571835,4730.62,0.45764745477043894,Low Risk,255,229.5371059229963,-25.46289407700371,-9.985448657648515
FOODS_3_358,C,0.383013698630137,0.7356085858599429,4024.44,0.45754539711368486,Low Risk,117,108.94098417080745,-8.059015829192546,-6.888047717258587
HOUSEHOLD_2_469,C,0.36602739726027395,0.7029256867094664,3966.9300000000003,0.45743139626638696,Low Risk,111,117.80999897142031,6.809998971420313,6.135134208486768
FOODS_2_358,C,0.5197260273972603,0.9800811100079474,4737.0,0.4574270380573221,Low Risk,7,12.39805902445598,5.39805902445598,77.11512892079972
FOODS_1_091,C,0.5183561643835617,0.9775880039972948,4237.56,0.45742320615378673,Low Risk,1,6.486736376584622,5.486736376584622,548.6736376584622
FOODS_3_137,C,0.483013698630137,0.9141629217167941,4423.46,0.4573873839593881,Low Risk,166,166.56984270964546,0.5698427096454566,0.34327874075027504
FOODS_3_453,C,0.3871232876712329,0.7407037447003627,4091.88,0.4573645999018984,Low Risk,154,142.30946764994195,-11.69053235005805,-7.591254772764968
FOODS_3_375,C,0.52,0.9792363398397806,3302.52,0.45735371781052975,Low Risk,164,170.118889650955,6.118889650954998,3.73103027497256
FOODS_3_270,C,0.40465753424657536,0.7724569432779814,4400.98,0.45735019238862534,Low Risk,160,162.6531809559669,2.6531809559668886,1.6582380974793052
FOODS_1_117,C,0.5553424657534246,1.0390196095116764,4539.700000000001,0.4572315346018143,Low Risk,221,216.96649083283086,-4.033509167169143,-1.8251172702122818
HOBBIES_1_326,C,0.41013698630136985,0.7805221551077842,2949.09,0.4572180256405608,Low Risk,133,132.12578298906413,-0.8742170109358653,-0.6573060232600492
HOBBIES_2_100,C,0.4336986301369863,0.8224806352200066,1393.04,0.4571791890051329,Low Risk,110,124.08272337145463,14.082723371454634,12.802475792231485
FOODS_3_670,C,0.38465753424657534,0.7336303117668024,2779.92,0.45717310318837096,Low Risk,117,110.60958656148559,-6.390413438514415,-5.461891827790098
HOBBIES_1_115,C,1.573972602739726,2.5746475331150376,3905.96,0.4570441748113484,Low Risk,469,469.5368569880644,0.5368569880644145,0.11446844095190074
FOODS_3_397,C,0.3802739726027397,0.7238980769953809,2748.24,0.4570414299241477,Low Risk,113,113.37252558649813,0.37252558649812784,0.32966866061781225
FOODS_3_471,C,0.40657534246575344,0.769492683039985,3710.0,0.45689521606365185,Low Risk,112,123.42187502192694,11.421875021926937,10.19810269814905
HOBBIES_1_013,C,0.3115068493150685,0.596145634028663,2239.89,0.4568891227025859,Low Risk,117,113.74029314533458,-3.259706854665424,-2.786074234756773
HOUSEHOLD_1_269,C,0.39013698630136984,0.7396763551081443,4298.72,0.4568846040529695,Low Risk,119,104.5668096718787,-14.433190328121299,-12.12873136816916
HOUSEHOLD_2_313,C,0.5673972602739726,1.052202830174377,4079.87,0.4568355019947993,Low Risk,244,257.889356268768,13.889356268767983,5.692359126544256
HOBBIES_1_092,C,0.3284931506849315,0.6262584944942605,2853.62,0.4567894129102453,Low Risk,120,114.61201185216534,-5.387988147834662,-4.489990123195551
HOBBIES_1_047,C,0.6495890410958904,1.1913206242218166,4112.84,0.4567773634226852,Low Risk,140,130.58772492247863,-9.412275077521372,-6.72305362680098
FOODS_3_036,C,0.4156164383561644,0.7839353512709063,4368.96,0.45676927209793117,Low Risk,111,116.69290656167655,5.692906561676551,5.128744650159056
FOODS_1_168,C,0.572054794520548,1.0586461140035117,4677.120000000001,0.4567555030544214,Low Risk,205,196.6408135372698,-8.359186462730207,-4.077651933039125
FOODS_3_556,C,0.4005479452054794,0.7561565897293844,3657.88,0.4567183346502429,Low Risk,95,91.56996320932257,-3.430036790677434,-3.6105650428183518
HOBBIES_1_172,C,0.3810958904109589,0.7194772196281225,4145.18,0.4565962948463378,Low Risk,167,150.29968402198224,-16.700315978017755,-10.000189208393866
FOODS_1_131,C,0.4421917808219178,0.8284312231677183,4633.5199999999995,0.4565751827370207,Low Risk,101,96.83631290002396,-4.163687099976045,-4.122462475223807
FOODS_3_627,C,0.45123287671232876,0.8440820460275693,4742.47,0.45655156592876484,Low Risk,202,191.39781270933938,-10.602187290660623,-5.248607569633972
HOBBIES_1_171,C,0.4326027397260274,0.8099680904047971,4419.84,0.45648041214955093,Low Risk,162,161.25878581986885,-0.741214180131152,-0.4575396173649086
HOBBIES_1_038,C,0.31917808219178084,0.605346946635275,3736.3,0.4564461655565823,Low Risk,102,93.95520207564695,-8.044797924353048,-7.88705678858142
FOODS_1_121,C,0.7758904109589041,1.391620220886092,4248.0,0.45643233664681865,Low Risk,257,248.54869653613395,-8.451303463866054,-3.28844492757434
FOODS_3_371,C,0.4147945205479452,0.775763504582801,3801.74,0.4563061706787719,Low Risk,145,157.21836405028662,12.218364050286624,8.426457965714913
HOUSEHOLD_2_413,C,0.346027397260274,0.6521603110614179,4647.84,0.4562784975242466,Low Risk,133,126.24313917540402,-6.756860824595975,-5.080346484658628
HOUSEHOLD_1_405,C,0.3893150684931507,0.7279758456972814,4234.58,0.45613219320927384,Low Risk,189,187.39827227577163,-1.6017277242283683,-0.8474749863642159
FOODS_3_373,C,0.570958904109589,1.0396525395915186,3626.16,0.45589628775243346,Low Risk,188,165.98462811595326,-22.015371884046743,-11.710304193641885
FOODS_1_102,C,0.5180821917808219,0.9488575547354484,3361.3,0.45585965722296007,Low Risk,268,258.5589238014138,-9.441076198586188,-3.5227896263381298
HOBBIES_1_424,C,0.6205479452054794,1.1219744986339855,3941.01,0.45584699657137295,Low Risk,184,147.4562495878086,-36.5437504121914,-19.86073391966924
FOODS_3_539,C,0.4421917808219178,0.8171065101851561,4737.92,0.45584071007627047,Low Risk,148,141.29188388748182,-6.708116112518184,-4.532510886836611
HOBBIES_2_036,C,0.983013698630137,1.6952650233521664,3192.09,0.4557863314085449,Low Risk,366,347.3254595830778,-18.674540416922184,-5.102333447246499
HOBBIES_2_115,C,0.5287671232876713,0.9626456322727152,4767.1,0.45561489019852397,Low Risk,160,153.32170514552837,-6.6782948544716305,-4.173934284044769
FOODS_3_447,C,0.6476712328767124,1.159623218389003,4113.36,0.4555172060797894,Low Risk,177,176.8620113167895,-0.1379886832104944,-0.0779597080285279
FOODS_3_622,C,0.41424657534246573,0.7628786797319994,3894.36,0.4554815617357567,Low Risk,146,151.86806101073705,5.868061010737051,4.019219870367843
HOUSEHOLD_1_312,C,0.5419178082191781,0.9821769568147061,4687.860000000001,0.4554661625161584,Low Risk,246,221.63183744074257,-24.368162559257428,-9.905757137909523
FOODS_3_284,C,0.41342465753424656,0.7562912695888024,2987.82,0.4551243109480605,Low Risk,139,137.04571689181824,-1.9542831081817553,-1.4059590706343563
HOBBIES_2_003,C,0.44602739726027396,0.811311406432699,3207.16,0.4550370658630514,Low Risk,150,147.41489376363702,-2.585106236362975,-1.7234041575753165
FOODS_1_213,C,0.5219178082191781,0.9386127287516034,4267.200000000001,0.4549354037519112,Low Risk,136,143.86984119883104,7.86984119883104,5.786647940316941
FOODS_1_156,C,0.570958904109589,1.0194224615270848,4668.160000000001,0.4548801518291281,Low Risk,231,235.8194850798602,4.819485079860186,2.0863571774286522
FOODS_3_155,C,0.636986301369863,1.1264291612588688,4603.5,0.4548152602656751,Low Risk,189,187.50335737094778,-1.496642629052218,-0.7918744069059354
HOUSEHOLD_1_424,C,0.4093150684931507,0.7415336125672712,4437.18,0.4545905945396087,Low Risk,134,147.2280915746846,13.228091574684612,9.87171013036165
FOODS_2_284,C,0.5079452054794521,0.906459506969304,4579.38,0.4544488203542506,Low Risk,132,124.9992677796565,-7.000732220343494,-5.303585015411738
HOUSEHOLD_1_054,C,0.2964383561643836,0.5418252443401455,4241.44,0.4543267777193302,Low Risk,75,80.7888617893922,5.7888617893922,7.718482385856267
FOODS_3_517,C,0.4054794520547945,0.7306263452598396,4274.7,0.45428592683067964,Low Risk,114,110.62872478826175,-3.3712752117382507,-2.9572589576651325
FOODS_3_197,C,0.6068493150684932,1.0650053705649678,4385.7,0.4542370224043241,Low Risk,188,172.97687050752035,-15.023129492479654,-7.9910263257870495
FOODS_3_781,C,0.4419178082191781,0.7911864770552224,4000.24,0.4541896955129283,Low Risk,110,111.58255198067936,1.582551980679355,1.4386836187994139
HOBBIES_2_109,C,0.39315068493150684,0.7075579080452739,1391.95,0.4541443036116946,Low Risk,105,103.40070670840802,-1.5992932915919766,-1.523136468182835
FOODS_3_667,C,0.41342465753424656,0.7405460037071928,2987.82,0.4540320844209476,Low Risk,157,148.30034976279882,-8.699650237201183,-5.541178495032601
HOBBIES_1_313,C,0.4934246575342466,0.8694350407916812,2215.23,0.45370951450217845,Low Risk,160,144.33077473127662,-15.66922526872338,-9.793265792952113
HOUSEHOLD_2_319,C,0.5594520547945205,0.976231492313812,4043.16,0.45364519475765,Low Risk,117,116.7085082324053,-0.29149176759470663,-0.24913826290145863
HOBBIES_1_044,C,0.39808219178082194,0.7086720731385546,2150.44,0.453616922988504,Low Risk,105,99.72602674195328,-5.273973258046723,-5.022831674330213
FOODS_3_033,C,0.4983561643835616,0.875739539800094,4547.5,0.45360401176689774,Low Risk,175,181.29918587497178,6.2991858749717835,3.5995347856981623
FOODS_3_366,C,0.689041095890411,1.1747855257324356,4376.099999999999,0.4533316954539117,Low Risk,227,223.8412562485796,-3.1587437514203884,-1.3915170711103033
HOBBIES_1_072,C,0.5079452054794521,0.8859720357207823,3652.38,0.45329209411178184,Low Risk,162,159.16919930832955,-2.830800691670447,-1.7474078343644734
HOUSEHOLD_2_184,C,0.49397260273972604,0.8615229616469045,3551.91,0.45319763425252524,Low Risk,195,170.679806927035,-24.320193072964997,-12.471893883571795
FOODS_3_662,C,0.43397260273972604,0.759445391466676,3977.62,0.45298099190640706,Low Risk,152,153.8741360283881,1.8741360283881079,1.2329842292027027
FOODS_1_073,C,0.5887671232876712,1.008560162583117,4555.88,0.45291693038477093,Low Risk,171,169.90345215758003,-1.096547842419966,-0.6412560481988105
FOODS_3_243,C,0.703013698630137,1.1852370014502407,3793.2400000000002,0.45287618169256816,Low Risk,212,216.86514629628203,4.865146296282035,2.294880328434922
FOODS_3_484,C,0.3956164383561644,0.6875014363598839,2859.12,0.45238457137622784,Low Risk,135,142.23154279146004,7.231542791460043,5.356698364044476
HOUSEHOLD_2_123,C,0.41753424657534244,0.7230454243872735,3017.52,0.4523508827093958,Low Risk,153,144.9918473390377,-8.00815266096231,-5.234086706511314
FOODS_2_009,C,0.893972602739726,1.4469676476425706,4678.36,0.45217383163438496,Low Risk,351,337.1250007426216,-13.87499925737842,-3.9529912414183537
HOUSEHOLD_2_493,C,0.38493150684931504,0.665513323531092,2725.7,0.4520609948958285,Low Risk,100,110.14642626232182,10.146426262321825,10.146426262321825
HOUSEHOLD_1_069,C,0.6194520547945206,1.0367882221139821,4454.17,0.4519878189047069,Low Risk,160,163.17585451690027,3.175854516900273,1.9849090730626704
HOUSEHOLD_1_512,C,0.46986301369863015,0.7996273679134962,3207.05,0.45183105326838086,Low Risk,155,154.19143508752205,-0.8085649124779479,-0.5216547822438373
FOODS_3_717,C,0.49397260273972604,0.8379802214476693,3569.94,0.45183080821128596,Low Risk,149,152.616696960819,3.616696960819013,2.4273133965228273
FOODS_3_159,C,0.43534246575342467,0.7405642530984986,4735.22,0.45158807343509766,Low Risk,117,124.96888234933856,7.968882349338557,6.81101055499022
FOODS_3_182,C,0.5964383561643836,0.9855844626292531,4310.46,0.4512297149179736,Low Risk,204,194.5818344736395,-9.418165526360497,-4.616747807039459
HOUSEHOLD_1_200,C,0.6,0.9905002320966424,4421.2,0.45120629541153245,Low Risk,153,156.72036961353442,3.720369613534416,2.4316141264930824
FOODS_1_118,C,0.9197260273972603,1.4501377001575761,3289.86,0.4511386890213668,Low Risk,256,264.7545827031632,8.75458270316318,3.4197588684231173
HOUSEHOLD_2_267,C,0.5046575342465753,0.8383159236288891,3633.5099999999998,0.450888605150851,Low Risk,177,159.40302301291993,-17.59697698708007,-9.941794907954842
FOODS_1_160,C,0.49534246575342467,0.8201392214356534,4049.9200000000005,0.45067214934751376,Low Risk,199,197.92067035731432,-1.0793296426856784,-0.5423767048671752
FOODS_1_014,C,0.9230136986301369,1.4214971370099778,3301.62,0.4501089107316346,Low Risk,351,341.2385602742178,-9.761439725782225,-2.7810369589123147
FOODS_3_817,C,0.44904109589041097,0.7390419245530573,4734.44,0.4500907637428089,Low Risk,148,144.87648126451606,-3.123518735483941,-2.1104856320837437
HOUSEHOLD_2_287,C,0.4578082191780822,0.7451317226637685,3284.43,0.4496247988864573,Low Risk,151,151.24978057467177,0.2497805746717745,0.16541759912038048
FOODS_3_237,C,1.2419178082191782,1.7933364200014157,4533.0,0.4494071631416403,Low Risk,323,315.15617870724407,-7.843821292755933,-2.4284276448160784
HOBBIES_1_248,C,1.3632876712328768,1.928730191126567,4677.44,0.4493498792896567,Low Risk,380,411.8972715779932,31.897271577993195,8.394018836313998
FOODS_1_052,C,0.9605479452054795,1.4426383848645772,3435.88,0.4492558870481898,Low Risk,360,324.4827091912103,-35.51729080878971,-9.865914113552696
HOBBIES_1_149,C,0.5010958904109589,0.7988234045023993,2853.2400000000002,0.4489440542057661,Low Risk,122,133.24010854171743,11.240108541717433,9.213203722719207
HOUSEHOLD_2_113,C,0.5367123287671233,0.8508343152744621,3682.9199999999996,0.44891861228366836,Low Risk,197,197.46117702444258,0.461177024442577,0.23410001240739953
HOUSEHOLD_2_074,C,0.9054794520547945,1.352645308862023,3199.83,0.44867060607423587,Low Risk,388,349.6561055872209,-38.34389441277909,-9.882447013602858
FOODS_1_149,C,0.9967123287671232,1.464474774642633,3565.24,0.4485541845852674,Low Risk,429,452.53149165672505,23.531491656725052,5.4851961903788
HOBBIES_1_411,C,0.5493150684931507,0.8601311007403111,2686.7000000000003,0.44844205901784695,Low Risk,145,131.59769035627937,-13.402309643720628,-9.242972168083192
HOUSEHOLD_2_075,C,0.6657534246575343,1.0242629548778222,4471.2,0.4484080648832171,Low Risk,214,208.34202233551957,-5.657977664480427,-2.6439147964861807
FOODS_3_579,C,0.5868493150684931,0.8685877707936549,4241.16,0.44622483322119033,Low Risk,165,172.70970984101882,7.709709841018821,4.672551418799285
FOODS_1_155,C,1.2323287671232876,1.6417231559119696,4408.04,0.4461393363105386,Low Risk,412,422.91951512494956,10.919515124949555,2.6503677487741637
HOUSEHOLD_2_410,C,0.7320547945205479,1.04724639772611,3687.3599999999997,0.44573918015027675,Low Risk,204,203.55283850901145,-0.44716149098854885,-0.21919680930811217
FOODS_3_437,C,1.2175342465753425,1.5697257283404908,4444.0,0.4448124659928563,Low Risk,346,316.7271316596861,-29.27286834031389,-8.460366572345055
HOBBIES_2_043,C,1.2005479452054795,1.4589663714924872,4250.54,0.44258044011479886,Low Risk,379,388.0825012808193,9.082501280819315,2.3964383326700043
HOUSEHOLD_2_470,C,0.9775342465753425,1.229285230608038,3406.06,0.4423574796199282,Low Risk,352,341.1653777653992,-10.834622234600772,-3.07801768028431
HOUSEHOLD_2_170,C,0.7219178082191781,0.9470420372210298,3860.79,0.44226931930804714,Low Risk,268,253.61762664985815,-14.382373350141847,-5.366557220202182
HOUSEHOLD_1_266,C,1.1334246575342466,1.3574618634862758,4137.0,0.4416439702673133,Low Risk,398,380.74957383136206,-17.250426168637944,-4.334277931818579
HOBBIES_1_335,C,0.0,0.0,0.0,,Low Risk,0,6.438162214871889,6.438162214871889,
