item_id,total_units,avg_daily_demand,demand_std,max_daily_demand,revenue,coefficient_of_variation,abc_class,abc_weight,demand_score,variability_score,inventory_risk_score,risk_category
FOODS_3_090,170094,46.60109589041096,39.84424043255374,323,251738.72,0.8550065115690215,A,3,1.0,0.08173484892683029,1.5245204546780493,High Risk
FOODS_3_586,165091,45.23041095890411,30.41405694850241,190,277352.88,0.6724249526747902,A,3,0.9705868519759662,0.06428085772194522,1.5104603129093737,High Risk
FOODS_3_252,112544,30.833972602739728,22.714568006572367,173,177819.52000000002,0.736673418609514,A,3,0.6616576716403871,0.07042272750410457,1.4196241197433477,High Risk
FOODS_3_120,93426,25.596164383561643,28.325887778080002,201,465257.18000000005,1.1066457987069125,A,3,0.5492609968605594,0.10579045416488518,1.3965154353076337,High Risk
FOODS_3_587,91812,25.153972602739724,12.653090673399658,131,227693.76,0.5030255408651239,A,3,0.5397721260009171,0.048087021598816164,1.3763577442799202,High Risk
FOODS_3_555,82795,22.683561643835617,13.907196558387598,91,139095.6,0.613095808178208,A,3,0.48676026197279154,0.05860925335780142,1.363610854599178,High Risk
FOODS_3_226,70357,19.275890410958905,17.341216213497493,96,118199.76,0.8996324342889243,A,3,0.4136359895116818,0.0860008901819292,1.3498910639080834,High Risk
FOODS_3_694,70812,19.400547945205478,12.702774579736435,80,118964.16,0.6547637012941026,A,3,0.4163109809869836,0.06259252003804824,1.3436710503075098,High Risk
FOODS_3_681,62626,17.157808219178083,18.43709058537781,181,64598.75,1.0745597776742728,A,3,0.3681846508401237,0.10272317216611622,1.3412723469018721,High Risk
FOODS_3_714,70121,19.21123287671233,10.457185930555257,84,110791.18000000001,0.5443266446075595,A,3,0.4122485214058109,0.05203522483378862,1.33928512387188,High Risk
FOODS_3_282,64662,17.715616438356165,14.019021743308521,117,162285.36,0.7913369423011367,A,3,0.3801545028043317,0.07564831911105495,1.336740846574616,High Risk
FOODS_3_202,59989,16.435342465753426,13.623658359371744,201,269766.11,0.8289245196903909,A,3,0.35268145848765975,0.07924152561634626,1.329576895231202,High Risk
FOODS_3_069,5698,1.5610958904109589,6.403677939494202,181,16978.56,4.102040098131597,A,3,0.033499124013780614,0.39213692898936514,1.327690815900944,High Risk
FOODS_3_723,54118,14.826849315068493,12.732276745883627,95,81298.46,0.8587311083645967,A,3,0.31816524980305005,0.08209090394194478,1.3200768461234986,High Risk
FOODS_3_377,52501,14.383835616438356,13.283213116531588,95,88201.68,0.9234819884447972,A,3,0.3086587416369772,0.08828080229900222,1.319081863180794,High Risk
FOODS_2_306,3061,0.8386301369863014,3.1425418871325803,95,12244.72,3.74723224045538,A,3,0.017995931661316685,0.35821886374328915,1.312864438621382,High Risk
FOODS_3_288,47792,13.093698630136986,12.936147708279211,98,71170.03,0.9879674241550703,A,3,0.2809740496431385,0.09444532534583577,1.3126258124966923,High Risk
FOODS_1_096,39727,10.884109589041095,15.490341038382049,97,270349.19,1.4232070075790892,A,3,0.23355909085564452,0.13605230858723413,1.3108834198328638,High Risk
FOODS_3_499,49849,13.657260273972602,10.901113011763645,84,124932.7,0.7981917890617125,A,3,0.29306736275236045,0.07630361220743624,1.3108112924879392,High Risk
FOODS_2_360,36550,10.013698630136986,14.652411164630138,248,34397.64,1.463236682651163,A,3,0.21488118334567943,0.1398789688527822,1.3064280456595387,High Risk
FOODS_3_808,34544,9.464109589041096,14.70830659575792,136,33578.9,1.554114146436904,A,3,0.20308770444577703,0.14856645330216983,1.305496247324384,High Risk
FOODS_3_811,43641,11.956438356164384,11.379861748348196,107,82045.08,0.9517768928638417,A,3,0.2565698966453843,0.09098567028163981,1.3042666700781074,High Risk
FOODS_2_255,6793,1.861095890410959,5.964831976113977,179,15873.16,3.2050105568697216,A,3,0.03993674086093572,0.3063848638929293,1.3038964814261598,High Risk
FOODS_3_804,44831,12.282465753424658,10.31015029861881,70,84282.28,0.8394202357734303,A,3,0.26356602819617386,0.08024486975094454,1.3031432693841356,High Risk
HOUSEHOLD_1_459,42527,11.651232876712328,10.504367795974646,81,41293.11,0.9015670622265258,A,3,0.2500205768575023,0.08618583207426557,1.3008619226795306,High Risk
HOUSEHOLD_1_334,44433,12.173424657534246,9.222638603429967,69,43100.52,0.7576042784083762,A,3,0.2612261455430527,0.07242362532233197,1.3000949312596155,High Risk
FOODS_3_376,37780,10.35068493150685,12.069442846015246,157,37780.0,1.1660525777648398,A,3,0.22211247898220984,0.11146948005045272,1.300074587709799,High Risk
FOODS_1_218,45606,12.494794520547945,8.379502341704194,70,44065.64,0.670639467333691,A,3,0.26812233235740235,0.06411017320359225,1.2996697516682987,High Risk
FOODS_2_326,39634,10.858630136986301,10.763954509193603,86,37958.64,0.9912810707613829,A,3,0.2330123343562971,0.09476209533658923,1.298332328907866,High Risk
HOUSEHOLD_1_356,2157,0.5909589041095891,1.9345484851911545,33,12854.72,3.2735753226461353,A,3,0.012681223323574024,0.3129393528899248,1.2976861728640499,High Risk
FOODS_3_444,10811,2.961917808219178,8.103193490546147,63,75364.88,2.73579282587119,A,3,0.06355897327360165,0.261529719706277,1.2975266078939638,High Risk
FOODS_3_362,37149,10.177808219178083,11.191004717615078,98,93343.44,1.0995495765510521,A,3,0.21840276552964832,0.10511208664602723,1.2970544556527028,High Risk
FOODS_3_739,39307,10.769041095890412,10.404590097959618,78,58558.25,0.9661575255693032,A,3,0.23108986795536587,0.09236039529922611,1.2970350789763778,High Risk
FOODS_3_541,25308,6.933698630136987,12.275363896927814,133,24709.64,1.7703919007344129,A,3,0.1487883170482204,0.16924165206913733,1.2954089907352075,High Risk
HOUSEHOLD_1_110,41199,11.287397260273973,8.079583604237307,69,160518.03,0.7158057272134316,A,3,0.24221312921090693,0.0684278683063886,1.293192299255189,High Risk
FOODS_3_073,3909,1.070958904109589,3.2195033585224455,47,11498.68,3.0061875821455426,A,3,0.022981410279022188,0.2873782650163406,1.293107902588609,High Risk
FOODS_3_635,26582,7.282739726027398,11.55154797031463,109,25846.399999999998,1.5861541679199607,A,3,0.1562782931790657,0.15162933794701808,1.2923722893378253,High Risk
FOODS_3_318,33092,9.066301369863014,10.551962733558977,92,48799.52,1.1638663114193841,A,3,0.19455124813338506,0.11126048263693394,1.2917435192310958,High Risk
FOODS_3_607,37267,10.21013698630137,8.839698209624853,69,91788.88,0.8657766513304187,A,3,0.21909649958258373,0.08276442675390815,1.2905582779009477,High Risk
FOODS_3_080,41590,11.394520547945206,6.792462138642669,45,69871.2,0.596116537774603,A,3,0.2445118581490235,0.05698611004538418,1.2904493904583225,High Risk
FOODS_3_441,6414,1.7572602739726026,4.809353400644794,44,44679.86,2.7368475073828344,A,3,0.03770856114854139,0.26163054260394353,1.2898017311257457,High Risk
FOODS_3_329,26192,7.175890410958904,10.823265420589493,83,77666.16,1.5082818717605242,A,3,0.15398544334309264,0.14418509012427724,1.2894511600402112,High Risk
HOUSEHOLD_1_418,35443,9.71041095890411,8.857337439846745,82,34414.2,0.9121485668662535,A,3,0.20837301727280208,0.08719737721625467,1.2886711183467172,High Risk
FOODS_3_086,30451,8.342739726027398,10.07658033526994,79,31451.75,1.2078262856305302,A,3,0.17902453937234708,0.11546286215376564,1.288346220457834,High Risk
FOODS_3_404,25257,6.91972602739726,10.522672278412845,114,24359.04,1.5206775870533666,A,3,0.14848848283890084,0.1453700657976686,1.2881575645909709,High Risk
FOODS_3_150,11493,3.148767123287671,7.404164713041573,98,21854.239999999998,2.351448812546919,A,3,0.06756852093548273,0.22478812833834388,1.2877069947821482,High Risk
FOODS_3_099,39211,10.742739726027397,6.844621555064039,82,98361.76,0.6371392893826667,A,3,0.23052547414958785,0.060907704044820404,1.2874299534583227,High Risk
FOODS_3_319,24389,6.681917808219178,10.186365701155752,78,23720.059999999998,1.524467375014084,A,3,0.14338542217832492,0.14573235280044886,1.2867353324936324,High Risk
FOODS_3_295,32661,8.948219178082192,8.952498092432117,78,26128.56,1.0004781861356733,A,3,0.1920173551095277,0.0956412989748174,1.2862975962253036,High Risk
HOUSEHOLD_1_465,33371,9.142739726027397,8.71645600358692,82,32399.89,0.9533746190732151,A,3,0.1961915176314273,0.09113840585567647,1.2861989770461313,High Risk
FOODS_3_501,31309,8.577808219178083,9.150494170491365,120,25047.2,1.066763669305742,A,3,0.18406880901148778,0.10197789861428126,1.2858140122877308,High Risk
HOUSEHOLD_1_366,3158,0.8652054794520548,2.420661106125173,37,18821.68,2.797787535578493,A,3,0.018566204569238187,0.2674561403400689,1.2858067034727925,High Risk
FOODS_3_800,7408,2.0295890410958903,5.134603759220259,47,13992.539999999999,2.5298736124667855,A,3,0.04355238867920091,0.24184475173117395,1.2856191421231125,High Risk
FOODS_3_389,36841,10.093424657534246,7.084100017564695,48,61892.88,0.7018529644719508,A,3,0.21659200206944396,0.0670940457689508,1.2851058143515186,High Risk
FOODS_3_462,31422,8.608767123287672,8.853506449207822,96,31422.0,1.028429079613282,A,3,0.1847331475537056,0.0983132810297492,1.2849139285750366,High Risk
HOUSEHOLD_1_521,30890,8.463013698630137,8.470630298344018,68,29646.14,1.000899986693288,A,3,0.1816054652133526,0.09568162124650469,1.2831861259379573,High Risk
FOODS_3_702,29969,8.210684931506849,8.654049267700096,101,89366.28,1.0539984593114669,A,3,0.1761908121391701,0.10075760087820125,1.2830845239052115,High Risk
FOODS_3_064,24805,6.795890410958904,9.291847609423895,90,29262.699999999997,1.3672744920135946,A,3,0.1458311286700295,0.13070540695784902,1.2829609606883636,High Risk
FOODS_3_382,5201,1.4249315068493151,3.6428651112730392,68,10023.78,2.5565194493648513,A,3,0.030577210248450858,0.2443919761369808,1.2824907559156298,High Risk
FOODS_3_785,25025,6.8561643835616435,9.022663925879483,82,74173.53,1.3159929402381665,A,3,0.14712453114160404,0.12580311693972243,1.281878294424398,High Risk
FOODS_2_181,29408,8.056986301369863,8.332862545656202,80,54087.76,1.0342406247158984,A,3,0.172892635836655,0.09886883909225112,1.2815284424786721,High Risk
FOODS_3_491,30971,8.485205479452055,7.591114598917766,61,45259.78,0.8946294367650333,A,3,0.1820816724869778,0.0855226256994212,1.28028128945592,High Risk
FOODS_3_305,2149,0.5887671232876712,1.555737042417733,13,10057.32,2.642363985493125,A,3,0.012634190506425858,0.2525983349151874,1.2795697576264842,High Risk
FOODS_3_524,19340,5.298630136986302,8.375611104460765,83,18722.78,1.5807125403971969,A,3,0.11370183545568921,0.1511091423725154,1.2794432933484616,High Risk
HOUSEHOLD_2_514,567,0.15534246575342467,0.42170516778754985,4,11068.08,2.7146805333766433,A,3,0.003333450915376204,0.259511477723097,1.2788534785915422,High Risk
FOODS_3_059,5262,1.4416438356164383,3.4857919397522963,32,9996.26,2.4179286545222123,A,3,0.030935835479205614,0.23114330782178283,1.278623742990297,High Risk
FOODS_3_516,33473,9.17068493150685,6.260418300282437,66,126527.93999999999,0.682655477430493,A,3,0.19679118605006643,0.06525885073607453,1.2786150110358425,High Risk
HOUSEHOLD_1_447,31610,8.66027397260274,6.902220813506843,46,30639.12,0.7969979743530521,A,3,0.18583841875668747,0.0761894887902006,1.2786083722640667,High Risk
HOUSEHOLD_1_303,29262,8.016986301369863,7.427164314773859,65,28187.89,0.9264284652082764,A,3,0.172034286923701,0.0885624724732883,1.278179027819097,High Risk
FOODS_2_316,2902,0.795068493150685,2.018325962552749,32,28961.960000000003,2.5385560866014933,A,3,0.017061154420496903,0.24267475793827192,1.2779207737076308,High Risk
FOODS_3_458,34694,9.505205479452055,5.466217059201844,41,68694.12,0.5750761591654675,A,3,0.20396956976730513,0.05497474271225695,1.277683293743869,High Risk
FOODS_1_205,2203,0.6035616438356164,1.5477557102886739,20,11624.28,2.5643705594887245,A,3,0.012951662022175972,0.2451425076138757,1.2774282508908157,High Risk
HOBBIES_1_384,972,0.2663013698630137,0.7010064151675772,8,10027.56,2.632380056956437,A,3,0.005714487283502064,0.2516439154112412,1.2772075208084233,High Risk
FOODS_3_154,14022,3.841643835616438,6.968678116266385,130,41785.56,1.813983392124683,A,3,0.08243677025644643,0.17340880625459562,1.2767536729533129,High Risk
HOUSEHOLD_1_060,599,0.16410958904109588,0.43063629372648227,4,17920.079999999998,2.6240775828074465,A,3,0.003521582183968864,0.2508502355256444,1.2763115453128842,High Risk
FOODS_3_767,14946,4.0947945205479455,7.118139456100534,99,14491.619999999999,1.7383386200165225,A,3,0.08786906063705952,0.16617749989995872,1.2762139681611055,High Risk
FOODS_3_030,22344,6.121643835616438,7.687048008212661,69,30610.719999999998,1.2557163099702924,A,3,0.1313626582948252,0.12004093711758035,1.275421078623722,High Risk
HOUSEHOLD_2_152,737,0.20191780821917807,0.5209206638199778,6,10009.8,2.579864888660677,A,3,0.004332898279774712,0.24662369709834892,1.275286978613437,High Risk
FOODS_3_764,11408,3.1254794520547944,5.998915824467678,69,33715.84,1.9193585868957772,A,3,0.06706879725328348,0.18348220980031285,1.275165302116079,High Risk
HOUSEHOLD_1_339,27788,7.613150684931507,6.941713423011989,53,26979.72,0.9118055993232244,A,3,0.1633684903641516,0.08716459103283153,1.2751599244190952,High Risk
FOODS_1_085,31776,8.705753424657534,5.791905673317352,42,30863.28,0.6652963150682382,A,3,0.1868143497125119,0.06359939142906704,1.2751241223424739,High Risk
HOBBIES_1_048,25066,6.867397260273973,7.288815735380339,65,12031.68,1.0613650935186403,A,3,0.1473655743294884,0.10146181859569864,1.2746482178775562,High Risk
HOUSEHOLD_1_523,888,0.2432876712328767,0.6193996660248033,6,18158.89,2.545955834448798,A,3,0.005220642703446329,0.24338214117361848,1.2745808351631198,High Risk
HOUSEHOLD_1_436,1091,0.2989041095890411,0.7569710045912088,9,10858.27,2.532487778879846,A,3,0.00641410043858102,0.24209465450261483,1.2745526264823588,High Risk
HOUSEHOLD_2_395,2752,0.753972602739726,1.8236192363012684,31,10099.84,2.4186810365187608,A,3,0.016179289098968805,0.23121523222000795,1.2742183563956933,High Risk
FOODS_1_204,14960,4.098630136986301,6.826079893840712,67,14618.64,1.665453984794024,A,3,0.0879513680670688,0.15921005044970135,1.2741484255550313,High Risk
HOBBIES_1_354,21709,5.947671232876712,7.426427394356582,69,498872.82,1.2486277575844822,A,3,0.1276294284336896,0.11936330279488859,1.2740978193685737,High Risk
FOODS_3_307,4162,1.1402739726027398,2.6538791871402614,22,16564.76,2.327404861379614,A,3,0.02446882312133291,0.22248963272495098,1.2740875367538853,High Risk
FOODS_1_180,3911,1.0715068493150686,2.4975919733222747,59,38991.66,2.330915546567707,A,3,0.02299316848330923,0.22282523873449106,1.2737455221653404,High Risk
FOODS_2_302,2894,0.7928767123287671,1.8909293510075034,25,28940.120000000003,2.3848970736618478,A,3,0.017014121603348736,0.22798563447672043,1.2734999268240208,High Risk
FOODS_3_109,21954,6.014794520547945,7.2644748971895,94,21954.0,1.2077677587110174,A,3,0.12906980845885216,0.11545726723856932,1.2733581227092265,High Risk
HOBBIES_1_166,1471,0.403013698630137,0.9938378031022228,10,15203.58,2.4660149431156446,A,3,0.008648159253118863,0.2357401447820343,1.2733164912105461,High Risk
HOUSEHOLD_1_118,21993,6.025479452054794,7.24864036751525,57,21333.21,1.2029981058259749,A,3,0.12929909344244947,0.1150013094736665,1.273290120874835,High Risk
FOODS_2_398,13908,3.8104109589041095,6.472464271605357,73,33795.58,1.6986263007880036,A,3,0.08176655261208508,0.16238117745240152,1.273244319019346,High Risk
FOODS_1_107,2547,0.6978082191780822,1.6722127708644987,22,12877.720000000001,2.396378725424193,A,3,0.014974073159547074,0.22908322971082412,1.2732171908611114,High Risk
HOUSEHOLD_1_019,26012,7.126575342465753,6.775407349357991,62,25246.29,0.9507241590480034,A,3,0.15292720495725892,0.09088503357509613,1.2731436715597066,High Risk
FOODS_3_455,24884,6.817534246575343,6.925245395622584,50,61090.78,1.015799135750781,A,3,0.14629557773936763,0.09710591413886847,1.273020447563471,High Risk
HOBBIES_1_257,688,0.1884931506849315,0.4706562686210795,4,11569.12,2.4969409599810177,A,3,0.004044822274742201,0.23869653550210174,1.2728224073330534,High Risk
FOODS_3_039,3947,1.0813698630136985,2.4806642308507296,22,15709.06,2.2940016322789876,A,3,0.02320481616047597,0.21929643144839253,1.2727503742826607,High Risk
FOODS_3_135,25743,7.052876712328767,6.686963605973431,38,38099.64,0.948118601631629,A,3,0.15134572648065187,0.09063595378574256,1.2725945040799185,High Risk
FOODS_3_406,23192,6.353972602739726,7.018018296920537,78,18518.670000000002,1.1045087436943755,A,3,0.13634813691253073,0.10558616113759875,1.2725802894150389,High Risk
HOBBIES_1_387,13874,3.801095890410959,6.369838398364337,73,14978.02,1.6757899779465064,A,3,0.08156666313920538,0.16019812577707704,1.272529436674885,High Risk
FOODS_1_018,28386,7.776986301369863,6.063572656416089,78,27533.96,0.7796815400520934,A,3,0.16688419344597694,0.07453411409727233,1.272425492262975,High Risk
HOBBIES_1_349,1026,0.2810958904109589,0.692043735447868,8,10524.48,2.4619489613886145,A,3,0.006031958799252178,0.23535145487417827,1.2724150241020293,High Risk
FOODS_1_004,22176,6.075616438356164,7.045425366697298,51,43461.74,1.1596231325958306,A,3,0.13037496913471375,0.11085485346871132,1.2723689467810277,High Risk
FOODS_1_032,22976,6.294794520547946,6.986947096768913,74,22290.32,1.1099563415392815,A,3,0.13507825084953026,0.10610692744854816,1.2723555534894238,High Risk
FOODS_2_347,26296,7.204383561643835,6.5012495344498555,68,53337.0,0.9024019166695305,A,3,0.1545968699660188,0.086265640474379,1.2722587531321194,High Risk
FOODS_3_134,14295,3.9164383561643836,6.406729336321458,54,99755.1,1.6358560390047794,A,3,0.08404176514162758,0.15638061746305779,1.272126714781406,High Risk
HOBBIES_1_371,20992,5.751232876712328,7.036609420993613,81,10075.539999999999,1.2234958263446403,A,3,0.1234141121967853,0.1169608010883713,1.2721124739855472,High Risk
HOBBIES_1_254,20386,5.585205479452055,7.02265060831211,70,14270.199999999999,1.257366561382282,A,3,0.1198513762978118,0.12019869386916665,1.2720150210500938,High Risk
HOBBIES_1_260,879,0.24082191780821918,0.5916467800743234,5,11049.52,2.456781282447418,A,3,0.005167730784154644,0.2348574475749988,1.2720075535077462,High Risk
FOODS_3_233,20090,5.504109589041096,7.011958589837599,55,50489.3,1.2739496691342578,A,3,0.11811116206332968,0.12178396578055568,1.2719685383531658,High Risk
FOODS_2_128,16384,4.488767123287671,6.719327853266735,104,15419.32,1.4969205727797599,A,3,0.09632320951944218,0.1430990000849146,1.2718266628813073,High Risk
HOUSEHOLD_1_448,25044,6.8613698630136986,6.599406476354057,46,24293.55,0.9618205413948374,A,3,0.14723623408233094,0.09194579875346706,1.2717546098507395,High Risk
HOBBIES_1_405,822,0.2252054794520548,0.5517557356821543,4,10422.96,2.450010261848982,A,3,0.004832621961973967,0.23421016788975055,1.2717128369555177,High Risk
FOODS_3_511,17876,4.897534246575343,6.851869576382517,48,124322.48000000001,1.3990447501564212,A,3,0.10509482991757499,0.13374250341797428,1.271651200000665,High Risk
HOUSEHOLD_1_351,27043,7.409041095890411,6.154098190578442,57,26255.38,0.8306200641796884,A,3,0.1589885592672287,0.07940361218622176,1.2715176514360353,High Risk
FOODS_3_435,14688,4.024109589041096,6.386429637733523,58,21694.56,1.5870416787668407,A,3,0.08635225228403118,0.15171418006694246,1.2714199297052924,High Risk
HOBBIES_1_015,14590,3.9972602739726026,6.365112256901209,71,10210.599999999999,1.5923687277374512,A,3,0.08577610027396615,0.1522234224375528,1.2713998568134557,High Risk
FOODS_2_298,768,0.2104109589041096,0.5135607974450698,5,10717.460000000001,2.4407511857740944,A,3,0.004515150446223853,0.23332504108200944,1.2713520574584702,High Risk
HOUSEHOLD_2_459,754,0.20657534246575343,0.5043635822741054,5,14733.16,2.441547845226107,A,3,0.004432843016214564,0.23340119820955793,1.271350212367732,High Risk
HOUSEHOLD_2_391,819,0.2243835616438356,0.5458505530431587,7,10397.46,2.432667299887093,A,3,0.004814984655543405,0.2325522572695174,1.2712101725775184,High Risk
HOBBIES_1_184,828,0.22684931506849315,0.5505842252297817,5,10499.039999999999,2.4270922972085787,A,3,0.004867896574835091,0.23201931161877748,1.2710661624580841,High Risk
FOODS_2_021,12746,3.492054794520548,5.911104264697798,78,11995.8,1.692729528177229,A,3,0.07493503592131409,0.16181747201627206,1.271025752381276,High Risk
HOUSEHOLD_1_427,3979,1.09013698630137,2.417470040210561,38,23710.84,2.217583726254975,A,3,0.023392947429068632,0.21199121690363387,1.2706152492998108,High Risk
FOODS_2_209,2204,0.6038356164383561,1.4047980168603602,14,13157.88,2.326457695798691,A,3,0.012957541124319493,0.22239908787573884,1.2706069887000178,High Risk
HOUSEHOLD_1_430,17810,4.879452054794521,6.663442698430107,86,17165.73,1.365612905629977,A,3,0.10470680917610263,0.13054656663300207,1.2705760127427317,High Risk
HOUSEHOLD_2_223,692,0.18958904109589042,0.45841134979831044,5,10351.04,2.4179211369419553,A,3,0.004068338683316284,0.23114258917428918,1.2705632783572818,High Risk
FOODS_2_206,1703,0.46657534246575344,1.094897379572734,13,16992.73,2.3466679010220073,A,3,0.010012110950415652,0.22433109429715967,1.2703029615742727,High Risk
HOUSEHOLD_1_056,1338,0.3665753424657534,0.8683595366836988,9,15911.720000000001,2.368843280190957,A,3,0.007866238668030618,0.22645096267446965,1.2702951604027501,High Risk
FOODS_1_215,5846,1.6016438356164384,3.3420508608372,38,10756.640000000001,2.0866379818774856,A,3,0.03436923113102167,0.19947338167140308,1.2701527838407276,High Risk
HOBBIES_1_180,685,0.18767123287671234,0.4492450368933663,3,13661.9,2.393787422862463,A,3,0.00402718496831164,0.2288355126226606,1.2698588092772918,High Risk
HOBBIES_1_087,1734,0.47506849315068495,1.103847531690477,10,21260.42,2.3235544928894125,A,3,0.010194363116864792,0.22212155449092477,1.269694775282337,High Risk
FOODS_2_013,17178,4.706301369863014,6.446889819466362,79,30708.76,1.3698421143935395,A,3,0.10099121662139758,0.13095086032514655,1.2695826230839635,High Risk
FOODS_3_263,9300,2.547945205479452,4.721806162507646,35,23371.52,1.8531819885110656,A,3,0.054675649934741964,0.1771560190657651,1.2695495007001523,High Risk
HOUSEHOLD_1_327,23842,6.532054794520548,6.2368249644268605,43,22977.7,0.9548029158693919,A,3,0.14016955330581912,0.09127494472558981,1.269433349409423,High Risk
HOUSEHOLD_1_277,22965,6.291780821917809,6.333913328271616,55,22281.67,1.0066964358019332,A,3,0.13501358072595154,0.09623573619860928,1.2693747950773686,High Risk
HOBBIES_1_357,1206,0.3304109589041096,0.7746186720103216,8,17089.38,2.3444097453048705,A,3,0.007090197185085894,0.2241152245769926,1.2693616265286238,High Risk
FOODS_1_055,10185,2.7904109589041095,4.992476235255894,86,42604.3,1.7891544682065796,A,3,0.05987865533175773,0.17103527071071092,1.2692741778127408,High Risk
FOODS_2_117,2676,0.7331506849315068,1.650140029694524,20,15975.72,2.2507515352709313,A,3,0.015732477336061236,0.21516191305912657,1.2692683171185566,High Risk
HOBBIES_1_246,1089,0.29835616438356166,0.6984479793664984,9,11949.19,2.3409872586664084,A,3,0.006402342234293979,0.22378804995953214,1.269057117658148,High Risk
FOODS_2_197,23313,6.3871232876712325,6.220220802612033,44,76959.94,0.9738689113170301,A,3,0.1370595082718967,0.0930975697424363,1.2690471234043,High Risk
HOUSEHOLD_2_051,1216,0.33315068493150685,0.7745062283894174,7,12123.52,2.3247925440965242,A,3,0.0071489882065211,0.22223990672217417,1.2688166684786086,High Risk
FOODS_3_572,8300,2.2739726027397262,4.2950903860451115,27,20859.12,1.888804808321043,A,3,0.04879654779122133,0.18056140341795335,1.2688073853627526,High Risk
FOODS_3_741,18986,5.201643835616438,6.387152898842255,83,25631.100000000002,1.2279104645936076,A,3,0.11162063329688289,0.11738282102092573,1.2687010362953428,High Risk
HOUSEHOLD_1_029,5588,1.530958904109589,3.1373509729367424,28,41350.08,2.049271841664121,A,3,0.03285242277799334,0.1959013435828118,1.2686261299082418,High Risk
HOUSEHOLD_1_276,645,0.17671232876712328,0.4158481933449395,3,11587.679999999998,2.353249466215549,A,3,0.0037920208825708134,0.22496026288186327,1.2686256851293303,High Risk
FOODS_1_043,21043,5.765205479452055,6.294450724201424,50,41243.36,1.0917998927593593,A,3,0.12371394640610486,0.10437125107884268,1.2684255592454843,High Risk
HOUSEHOLD_1_179,23148,6.341917808219178,6.095775430315062,46,22242.12,0.9611880214554164,A,3,0.13608945641821582,0.09188533263889102,1.2683924367171322,High Risk
FOODS_3_760,23466,6.429041095890411,6.050942087727895,42,67576.92,0.9411888954319789,A,3,0.13795901089985538,0.08997350445737859,1.2683797546071702,High Risk
FOODS_1_150,3531,0.9673972602739725,2.094579274870118,22,18638.7,2.1651697403783436,A,3,0.020759109668771383,0.20698067118344066,1.268321934255664,High Risk
HOBBIES_1_125,932,0.2553424657534247,0.5936590167801604,6,10917.54,2.3249521579909715,A,3,0.005479323197761238,0.22225516510602591,1.2683203464911363,High Risk
FOODS_3_682,21939,6.010684931506849,6.178414836326766,58,76989.42,1.027905289784981,A,3,0.12898162192669935,0.09826320903391489,1.2681734492881844,High Risk
FOODS_2_140,2466,0.6756164383561644,1.503073480727522,20,24610.68,2.2247437975082947,A,3,0.0144978658859219,0.21267568811441034,1.2681520662001,High Risk
FOODS_3_744,26751,7.329041095890411,5.34216518550618,31,60992.28,0.7289037018091867,A,3,0.1572718614413207,0.06967997686971045,1.2680855514933096,High Risk
FOODS_3_324,12893,3.5323287671232877,5.5754788766670025,46,38370.0,1.5784144807131435,A,3,0.07579926393641163,0.15088945800922762,1.2680066165836918,High Risk
HOUSEHOLD_1_184,2686,0.7358904109589041,1.6126213581864914,20,32101.95,2.19138792158626,A,3,0.015791268357496443,0.20948701359273153,1.2675834845850686,High Risk
FOODS_2_088,1758,0.48164383561643836,1.0819111285352025,14,13132.26,2.2462887480964104,A,3,0.010335461568309287,0.21473529030179497,1.2675212255610315,High Risk
HOBBIES_1_186,934,0.25589041095890414,0.5855196004971038,8,14866.59,2.2881654623280823,A,3,0.005491081402048279,0.21873851935907618,1.2672688802283376,High Risk
FOODS_3_789,20308,5.5638356164383564,6.096232619548708,98,30054.63,1.0956888448568438,A,3,0.11939280633061719,0.10474301773543605,1.2672407472198162,High Risk
FOODS_3_281,19398,5.314520547945206,6.115830206976782,114,25849.789999999997,1.1507774129016008,A,3,0.1140428233800134,0.11000924170660886,1.2672156195259867,High Risk
FOODS_2_317,885,0.24246575342465754,0.5531290220649018,5,12349.470000000001,2.2812665881772785,A,3,0.005203005397015768,0.21807901743850439,1.2669846068506563,High Risk
HOBBIES_1_158,18844,5.1627397260273975,6.04847805354766,45,433035.12,1.1715636221316577,A,3,0.11078580079250297,0.11199631156887509,1.2668346337084138,High Risk
HOUSEHOLD_2_289,2426,0.6646575342465754,1.4421844844279277,13,14289.56,2.1698158978408637,A,3,0.014262701800181077,0.20742482333099851,1.2665062575393542,High Risk
HOBBIES_1_393,765,0.2095890410958904,0.4759679190932221,4,21989.7,2.270958045346746,A,3,0.0044975131397932905,0.21709356624075488,1.2664773238141647,High Risk
FOODS_3_020,11772,3.225205479452055,5.1326306372460655,96,11272.679999999998,1.5914119797781294,A,3,0.06920879043352499,0.15213196155525763,1.266402225596635,High Risk
FOODS_3_540,12984,3.5572602739726027,5.39252684177922,74,38586.1,1.5159213626381818,A,3,0.07633426223147201,0.14491539173521747,1.266374896190007,High Risk
HOUSEHOLD_1_150,848,0.23232876712328768,0.5253208197692638,5,10579.34,2.2611096605634584,A,3,0.004985478617705504,0.21615210412141014,1.2663412748217349,High Risk
HOUSEHOLD_1_357,3102,0.8498630136986302,1.7974834675119695,19,37051.020000000004,2.1150272909151155,A,3,0.01823697484920103,0.20218727431892178,1.266127274750437,High Risk
HOBBIES_1_362,1075,0.2945205479452055,0.6589374197492264,6,10432.13,2.2373224019392337,A,3,0.00632003480428469,0.21387814718222078,1.2660594545959518,High Risk
FOODS_3_756,27839,7.627123287671233,4.487109358581261,39,69597.5,0.5883095355013328,A,3,0.16366832457347114,0.056239795084336484,1.2659724358973423,High Risk
FOODS_2_256,3664,1.0038356164383562,2.0819038063410122,19,22977.120000000003,2.07394893371853,A,3,0.02154103025385963,0.19826036467063865,1.2659404184773497,High Risk
HOUSEHOLD_1_477,1651,0.4523287671232877,0.9869253801976252,10,22255.48,2.1818762190922665,A,3,0.009706397638952579,0.20857773681429292,1.2654852403359738,High Risk
HOUSEHOLD_1_032,6208,1.7008219178082191,3.2270140213788276,28,65052.880000000005,1.8973262206882606,A,3,0.03649746610697614,0.18137601283092686,1.2653620436813713,High Risk
HOUSEHOLD_1_389,21150,5.794520547945205,5.666290547108658,52,20348.12,0.9778704726688702,A,3,0.12434301033546155,0.09348010134674407,1.2653469335046619,High Risk
FOODS_1_113,13181,3.6112328767123287,5.295782368447422,58,12816.539999999999,1.4664748990845224,A,3,0.07749244535374557,0.14018852805191312,1.2653042920216977,High Risk
FOODS_1_088,3517,0.9635616438356165,1.984604605323468,21,18560.04,2.059655049596434,A,3,0.020676802238762098,0.1968939324347564,1.2652712204020558,High Risk
FOODS_3_578,10018,2.7446575342465755,4.536627249059383,64,29686.55,1.6528937371797512,A,3,0.05889684527378979,0.1580093462125462,1.265071857445901,High Risk
HOBBIES_1_269,893,0.24465753424657535,0.5416398731983912,4,10474.890000000001,2.213869582501823,A,3,0.005250038214163933,0.21163616115324044,1.2650658598102216,High Risk
HOUSEHOLD_1_204,5566,1.524931506849315,2.93373566325736,39,10464.08,1.9238474974648518,A,3,0.03272308253083589,0.18391132983886796,1.2649903237109112,High Risk
HOUSEHOLD_1_414,19632,5.378630136986302,5.664617919791463,40,18865.17,1.0531711189506336,A,3,0.11541853328159724,0.10067851079117995,1.2648291132218332,High Risk
HOUSEHOLD_2_454,1246,0.34136986301369865,0.7452513688807031,6,9930.619999999999,2.1831199810710804,A,3,0.007325361270826719,0.2086966349701125,1.264806598872282,High Risk
FOODS_1_012,22029,6.035342465753424,5.452463818691526,37,132590.87,0.9034224403388293,A,3,0.1295107411196162,0.08636319803307328,1.264762181745807,High Risk
HOBBIES_1_275,1647,0.45123287671232876,0.9717606913954716,8,20334.61,2.1535680167537774,A,3,0.009682881230378497,0.20587159760924692,1.264666343651888,High Risk
HOBBIES_1_243,993,0.2720547945205479,0.5966127069774084,5,13780.93,2.1929872915080977,A,3,0.005837948428515997,0.20963990629842524,1.2646433564180826,High Risk
HOUSEHOLD_1_254,21423,5.869315068493151,5.486890210181814,57,20780.31,0.9348433584074882,A,3,0.1259480052206427,0.08936689912392379,1.26459447130337,High Risk
FOODS_2_019,15689,4.298356164383562,5.521280739798482,39,52108.82,1.284509828559147,A,3,0.09223723352969534,0.12279347041421353,1.2645092111831728,High Risk
FOODS_1_159,2341,0.6413698630136986,1.3497209145548876,20,13194.65,2.104434574167168,A,3,0.01376297811798182,0.20117465734887158,1.2644812906400562,High Risk
FOODS_3_002,10679,2.9257534246575343,4.65472349954793,45,26699.01,1.5909486631098364,A,3,0.06278293179065693,0.15208767052662123,1.2644611806951835,High Risk
HOUSEHOLD_1_223,1208,0.33095890410958906,0.7185827003497084,6,11439.76,2.171214284997049,A,3,0.007101955389372935,0.20755850297133516,1.2643981375082127,High Risk
FOODS_3_327,12543,3.4364383561643836,5.0632544151269006,156,41139.84,1.4734017870695357,A,3,0.07374157818617941,0.140850707971396,1.2643776858472728,High Risk
HOUSEHOLD_2_039,1236,0.33863013698630134,0.7342860341230623,9,13017.92,2.168401314360176,A,3,0.007266570249391513,0.20728959539352207,1.2643668496928742,High Risk
HOBBIES_1_027,936,0.25643835616438354,0.5604029250235362,5,18765.27,2.185331919162294,A,3,0.00550283960633532,0.20890808648922327,1.2643232778286677,High Risk
HOUSEHOLD_1_096,21995,6.026027397260274,5.363276756907725,44,85789.14,0.8900186479978721,A,3,0.1293108516467365,0.08508185464303958,1.264317811886933,High Risk
HOUSEHOLD_1_267,1495,0.4095890410958904,0.8807593424637938,7,14542.1,2.1503488963162862,A,3,0.008789257704563359,0.20556386390304068,1.2643059364822813,High Risk
HOUSEHOLD_1_462,10292,2.81972602739726,4.534855713291734,56,22907.32,1.6082611109128284,A,3,0.06050771926111444,0.15374266412793833,1.264275115016716,High Risk
FOODS_1_200,20366,5.57972602739726,5.506848167553226,51,19624.52,0.9869388103490757,A,3,0.11973379425494139,0.09434699440577926,1.2642242365982164,High Risk
HOUSEHOLD_1_399,25472,6.978630136986301,4.674271812533132,28,24707.84,0.6697979002726889,A,3,0.14975248979975778,0.06402972310682449,1.2641346638719748,High Risk
FOODS_2_379,1872,0.5128767123287671,1.0867919248882658,11,13066.560000000001,2.1190120330353475,A,3,0.01100567921267064,0.20256819807891965,1.2640721631874774,High Risk
HOUSEHOLD_1_409,24124,6.60931506849315,4.959492899881128,52,71025.88,0.7503792523862592,A,3,0.14182746011029196,0.07173294472233695,1.2640681214497889,High Risk
FOODS_1_099,23771,6.512602739726027,5.016714192215094,45,23021.54,0.7703086450542718,A,3,0.13975213705362916,0.07363810670283957,1.2640170731269407,High Risk
FOODS_2_352,4864,1.3326027397260274,2.574631187830516,33,48541.62,1.9320320385652516,A,3,0.0285959528260844,0.18469373584551813,1.2639869066014808,High Risk
FOODS_2_334,2892,0.7923287671232877,1.6232235862746953,18,28862.16,2.048674304945587,A,3,0.017002363399061696,0.1958442217097538,1.263853975532645,High Risk
HOBBIES_1_093,830,0.2273972602739726,0.4942143403303484,4,16348.04,2.173352219525026,A,3,0.004879654779122133,0.20776288007641588,1.2637927604566614,High Risk
HOUSEHOLD_2_406,938,0.256986301369863,0.556224118273619,5,11726.980000000001,2.164411547653208,A,3,0.005514597810622361,0.2069081913052083,1.2637268367347494,High Risk
HOUSEHOLD_1_272,6375,1.7465753424657535,3.1946353957114004,23,63530.810000000005,1.8290853638190763,A,3,0.03747927616494409,0.1748524880958875,1.2636995292782496,High Risk
HOUSEHOLD_2_153,1502,0.4115068493150685,0.8747104148025105,11,14698.32,2.125627838900908,A,3,0.008830411419568003,0.2032006399207467,1.2636093154020944,High Risk
FOODS_2_077,1804,0.49424657534246574,1.039422861194808,12,11305.6,2.1030451459872777,A,3,0.010605900266911238,0.20104183414712823,1.263494320324212,High Risk
FOODS_2_371,19869,5.443561643835617,5.392789602116069,48,36610.0,0.9906730106056495,A,3,0.11681188048961164,0.09470396746938026,1.263454754387698,High Risk
FOODS_2_295,1173,0.32136986301369863,0.6857659302722797,7,16377.830000000002,2.133883755749208,A,3,0.006896186814349712,0.2039898691338786,1.2632658167844688,High Risk
FOODS_1_171,2501,0.6852054794520548,1.4057881654423163,18,13050.199999999999,2.0516300695179748,A,3,0.014703634460945124,0.1961267797575797,1.2632491242655575,High Risk
FOODS_3_219,12272,3.362191780821918,4.867304199322845,28,17907.97,1.4476581101310613,A,3,0.07214834150528532,0.13838972607603478,1.2631614202743964,High Risk
FOODS_3_349,23350,6.397260273972603,4.900153313375486,38,39228.0,0.7659768562664035,A,3,0.13727703505120697,0.07322400681310935,1.263150312559295,High Risk
HOUSEHOLD_1_051,22221,6.087945205479452,5.080248578608649,45,64884.46,0.8344767252563597,A,3,0.13063952873117216,0.07977229196374211,1.2631235462084744,High Risk
HOUSEHOLD_1_506,11261,3.0852054794520547,4.649174795600479,44,42001.840000000004,1.5069254954215212,A,3,0.06620456923818593,0.1440554265326481,1.2630779987312506,High Risk
FOODS_1_082,19433,5.324109589041096,5.342466730736171,43,18954.7,1.0034479270924215,A,3,0.11424859195503663,0.09592519310330327,1.2630521355175022,High Risk
FOODS_3_809,13373,3.663835616438356,5.038697232452113,68,13373.0,1.3752519927054672,A,3,0.07862123296530153,0.13146802081521874,1.2630267761341563,High Risk
HOBBIES_1_033,913,0.2501369863013699,0.5350486365167512,4,14853.53,2.139022478955248,A,3,0.005367620257034346,0.2044811083925735,1.2629546185948826,High Risk
FOODS_1_151,1227,0.33616438356164385,0.7113622543290016,5,14527.68,2.11611428549377,A,3,0.007213658330099827,0.20229118620318048,1.2628514533599844,High Risk
HOUSEHOLD_1_191,18767,5.1416438356164385,5.326237432713389,38,55550.32,1.0359016693879612,A,3,0.11033310992745188,0.09902762763186428,1.262808221267795,High Risk
FOODS_3_403,15085,4.132876712328767,5.216931632968177,52,22414.2,1.262300328825578,A,3,0.08868625583500887,0.12067034026151739,1.262806978828958,High Risk
HOUSEHOLD_1_441,14013,3.839178082191781,5.091936288311367,39,38816.01,1.3263089597043096,A,3,0.08238385833715475,0.12678928287083813,1.262751942362398,High Risk
FOODS_1_098,2807,0.7690410958904109,1.5476625683756156,19,15103.119999999999,2.0124575613006757,A,3,0.01650263971686244,0.1923820608602342,1.2626654101731292,High Risk
FOODS_1_161,21983,6.022739726027397,5.0159272932111945,56,21415.22,0.8328314888878161,A,3,0.12924030242101425,0.07961501462817532,1.262656595114757,High Risk
FOODS_3_414,2484,0.6805479452054795,1.3808301648371932,12,12739.92,2.02899762546528,A,3,0.014603689724505273,0.1939632179946438,1.262570072315745,High Risk
FOODS_1_038,1524,0.41753424657534244,0.8705903737431613,7,15147.519999999999,2.085075370185393,A,3,0.008959751666725456,0.1993240028902402,1.2624851263670898,High Risk
FOODS_2_276,21859,5.988767123287671,4.985991322586773,38,71011.5,0.8325572225372488,A,3,0.1285112937552177,0.07958879597553817,1.262430026919227,High Risk
HOBBIES_1_020,989,0.27095890410958906,0.5727486442992425,4,12540.52,2.113784177646345,A,3,0.005814432019941915,0.20206843817691925,1.2623648610590583,High Risk
FOODS_3_348,18175,4.97945205479452,5.260635233978816,50,14532.320000000002,1.056468698983366,A,3,0.10685268145848766,0.1009937448884091,1.2623539279040692,High Risk
FOODS_3_353,2154,0.5901369863013699,1.2020860797534354,29,19163.52,2.0369610915041965,A,3,0.012663586017143463,0.194724490201133,1.262216422865483,High Risk
HOUSEHOLD_1_513,2115,0.5794520547945206,1.1814612214260407,12,21071.100000000002,2.03892834903312,A,3,0.012434301033546157,0.19491255133838875,1.2622040557115806,High Risk
HOBBIES_1_311,1022,0.28,0.5894477212265687,5,18360.81,2.105170432952031,A,3,0.006008442390678096,0.2012450022009849,1.262176033377499,High Risk
HOBBIES_1_083,960,0.26301369863013696,0.5543882709600692,4,15283.2,2.107830405212763,A,3,0.005643938057779815,0.20149928380929868,1.2621429665601238,High Risk
FOODS_2_285,8687,2.38,3.882557208797239,82,34574.26,1.6313265583181678,A,3,0.05107176032076381,0.15594761910032273,1.2621058138263261,High Risk
FOODS_3_136,19753,5.411780821917808,5.142957505213011,64,88644.92,0.9503262741875913,A,3,0.11612990464096322,0.09084699753850925,1.262093070653842,High Risk
FOODS_1_110,15034,4.1189041095890415,5.100319863166922,42,29461.12,1.2382710855766437,A,3,0.08838642162568933,0.11837325066020718,1.2620279016857692,High Risk
HOUSEHOLD_1_233,1328,0.36383561643835616,0.7562340348203225,5,14886.960000000001,2.0785046890769405,A,3,0.007807447646595411,0.19869587477603418,1.2619509967267892,High Risk
FOODS_2_016,15895,4.354794520547945,5.141983549115314,41,19868.75,1.1807637593124187,A,3,0.09344832857126059,0.11287580407846508,1.2618972397949177,High Risk
HOUSEHOLD_1_358,1873,0.5131506849315068,1.047497476779536,8,18659.390000000003,2.041305814332785,A,3,0.01101155831481416,0.19513982652807157,1.261845415452866,High Risk
HOUSEHOLD_1_517,21098,5.78027397260274,4.957196333144974,64,20216.14,0.8576057738164355,A,3,0.1240372970239985,0.08198332692581504,1.2618061871849442,High Risk
FOODS_3_339,13294,3.6421917808219177,4.867909990428322,42,10616.27,1.336533132620985,A,3,0.07815678389596341,0.1277666686771903,1.2617770357719462,High Risk
FOODS_2_029,5879,1.6106849315068492,2.8821648143194136,24,58670.420000000006,1.7894032271246574,A,3,0.03456324150175785,0.17105905096537935,1.2616866877401414,High Risk
FOODS_1_002,1382,0.3786301369863014,0.7808219823520123,8,13101.36,2.06222882459106,A,3,0.008124919162345527,0.19713997396486285,1.2615794679381627,High Risk
FOODS_3_668,23296,6.382465753424658,4.499751151982396,33,39137.28,0.705017672765099,A,3,0.13695956353545685,0.06739657791430637,1.2613068424349292,High Risk
FOODS_1_173,14924,4.0887671232876714,4.987439401323393,63,29848.0,1.2197905263220574,A,3,0.08773972038990206,0.1166065907595884,1.2613038933448473,High Risk
FOODS_3_241,3590,0.9835616438356164,1.8837853428776343,15,10675.56,1.915269220474475,A,3,0.0211059766952391,0.183091284418893,1.26125917833424,High Risk
HOUSEHOLD_1_400,1707,0.4676712328767123,0.9496339612252003,9,11897.789999999999,2.0305588508916115,A,3,0.010035627358989734,0.19411246425491818,1.2612444274841725,High Risk
HOUSEHOLD_2_324,1034,0.28328767123287674,0.5869412348261733,6,14742.47,2.071891206107865,A,3,0.006078991616400344,0.19806365499285897,1.261242793982778,High Risk
FOODS_3_801,12953,3.5487671232876714,4.7470929631724745,70,12953.0,1.3376738450999406,A,3,0.07615201006502287,0.12787571575563336,1.261208317746197,High Risk
FOODS_2_222,19293,5.285753424657535,4.978962571327119,39,49221.06,0.9419589169825316,A,3,0.11342551765494374,0.09004711511911417,1.2610417898322175,High Risk
HOUSEHOLD_2_050,1317,0.3608219178082192,0.7384439088246912,9,11168.16,2.0465605673577243,A,3,0.007742777523016686,0.19564215772535457,1.2610154805745115,High Risk
HOUSEHOLD_1_335,1156,0.3167123287671233,0.6508801612925884,5,10597.81,2.055114696122792,A,3,0.006796242077909862,0.19645989468156838,1.2609768410278435,High Risk
HOBBIES_1_193,1689,0.46273972602739727,0.934030156310068,7,14175.73,2.018478431339105,A,3,0.009929803520406363,0.19295762946274228,1.2608662298949447,High Risk
FOODS_3_430,1671,0.4578082191780822,0.9243816070066899,9,9992.58,2.0191459399009086,A,3,0.009823979681822992,0.1930214403351955,1.2608536260051058,High Risk
HOUSEHOLD_2_356,1123,0.30767123287671233,0.6315634173147511,6,11088.240000000002,2.0527217036499033,A,3,0.00660223170717368,0.1962311351626547,1.2608500100609485,High Risk
HOBBIES_1_347,1057,0.2895890410958904,0.5952457075297528,6,10443.160000000002,2.0554842312995247,A,3,0.006214210965701318,0.19649522061351712,1.2608128294737657,High Risk
HOUSEHOLD_2_359,1154,0.31616438356164384,0.6477708686028035,6,11300.24,2.0488420020799243,A,3,0.00678448387362282,0.19586025281566358,1.2607934210067862,High Risk
HOUSEHOLD_1_016,2579,0.7065753424657534,1.3857061276201736,14,12569.51,1.961158342696252,A,3,0.015162204428139732,0.18747808197122837,1.2607920859198107,High Risk
HOBBIES_1_031,919,0.2517808219178082,0.5191887722889487,4,10090.61,2.0620663970126905,A,3,0.005402894869895469,0.19712444660524633,1.2607582024425428,High Risk
HOUSEHOLD_2_449,1868,0.5117808219178083,1.0247677416219676,9,10534.849999999999,2.002356668586821,A,3,0.010982162804096559,0.19141646009717336,1.260719586870381,High Risk
FOODS_1_093,1676,0.4591780821917808,0.9247395305166971,11,10109.34,2.0139017221873177,A,3,0.009853375192540594,0.19252011626717971,1.2607120474379163,High Risk
HOUSEHOLD_1_428,1297,0.35534246575342465,0.7235082501078938,7,10337.09,2.0360872111748747,A,3,0.007625195480146272,0.19464095109852877,1.2606798439736027,High Risk
FOODS_3_173,1163,0.3186301369863014,0.6505753826397287,7,13743.84,2.04178860415736,A,3,0.006837395792914506,0.19518597910450358,1.2606070124692255,High Risk
FOODS_1_046,20652,5.658082191780822,4.7644225540268135,48,20028.68,0.8420560876524245,A,3,0.12141521746798828,0.08049684555721967,1.2605736189075625,High Risk
HOUSEHOLD_1_198,20306,5.563287671232877,4.799169807737977,34,19696.82,0.8626499457423232,A,3,0.11938104812633016,0.08246552749943033,1.2605539726877284,High Risk
FOODS_3_755,11594,3.1764383561643834,4.44004466518503,65,11119.359999999999,1.3978060227639606,A,3,0.06816231025197832,0.13362408654638988,1.2605359190395105,High Risk
FOODS_2_271,1137,0.3115068493150685,0.6357437414369982,7,12479.310000000001,2.040866012528622,A,3,0.00668453913718297,0.19509778341666292,1.260534696766154,High Risk
HOBBIES_1_410,962,0.2635616438356164,0.540609994838823,4,27754.66,2.0511709783385697,A,3,0.005655696262066857,0.19608289266703174,1.2605215766787299,High Risk
HOUSEHOLD_2_485,1754,0.48054794520547944,0.9620247477414932,10,12223.38,2.0019329129170185,A,3,0.010311945159735205,0.19137595092538984,1.2605063688255378,High Risk
HOUSEHOLD_1_020,1565,0.42876712328767125,0.8620972617384011,9,10908.05,2.010642175939402,A,3,0.009200794854609805,0.19220851803191658,1.260422793865958,High Risk
HOBBIES_1_146,2026,0.555068493150685,1.0985217941994787,15,9986.69,1.9790743084047864,A,3,0.01191106094277282,0.18919076922068345,1.260330549049037,High Risk
FOODS_2_152,17817,4.881369863013699,4.918787789856933,54,41552.14,1.0076654561922773,A,3,0.10474796289110727,0.09632837027114569,1.2603228999486762,High Risk
FOODS_2_093,4748,1.3008219178082192,2.352453197548396,24,11821.29,1.8084360090673222,A,3,0.027913976977436007,0.1728785009177385,1.2602377433685525,High Risk
HOBBIES_1_077,1039,0.28465753424657536,0.5794604472721252,5,10068.38,2.035640647298611,A,3,0.006108387127117947,0.19459826156287177,1.2602119946069972,High Risk
FOODS_3_697,22320,6.115068493150685,4.420041777593191,31,66960.0,0.7228114914074887,A,3,0.13122155984338071,0.06909758844333522,1.2600957444860148,High Risk
FOODS_3_566,11592,3.175890410958904,4.383852578500546,36,11592.0,1.3803538571020526,A,3,0.06815055204769127,0.13195573653440648,1.2600318865746296,High Risk
HOBBIES_1_353,9226,2.5276712328767124,3.856202102791265,29,9960.28,1.5255948054615345,A,3,0.054240596376121435,0.1458401301753004,1.2600242179654266,High Risk
HOUSEHOLD_1_083,19313,5.2912328767123284,4.789095916388624,44,18733.61,0.9051001964903681,A,3,0.11354309969781413,0.08652358411636805,1.2600200051442547,High Risk
HOUSEHOLD_1_368,1186,0.32493150684931504,0.6560700056049751,5,10019.28,2.0191024624436418,A,3,0.00697261514221548,0.19301728408216895,1.2599969697673155,High Risk
HOBBIES_1_198,2841,0.7783561643835616,1.4909694489748788,13,23807.58,1.9155362508828961,A,3,0.01670252918974214,0.18311681134739688,1.2599458021611418,High Risk
FOODS_3_351,11010,3.0164383561643837,4.260463839007922,51,10570.25,1.412415350806441,A,3,0.06472891460016227,0.1350206738288462,1.2599248765287028,High Risk
FOODS_3_399,15873,4.348767123287671,4.836346682489748,54,55679.88,1.1121190317575493,A,3,0.09331898832410314,0.10631367108836123,1.2598897978237396,High Risk
HOBBIES_1_334,1651,0.4523287671232877,0.898554791888403,12,9872.980000000001,1.9865081710434107,A,3,0.009706397638952579,0.18990141367951424,1.2598823433955402,High Risk
FOODS_1_191,1924,0.5271232876712328,1.0380292575468708,9,11684.01,1.9692342983607478,A,3,0.011311392524133714,0.18825010768944894,1.2598684500640749,High Risk
FOODS_3_757,13456,3.6865753424657535,4.635684452784521,39,35878.840000000004,1.2574500782300462,A,3,0.07910919844321375,0.12020667771121052,1.2597947628463275,High Risk
FOODS_3_440,2670,0.7315068493150685,1.4032101856007275,25,13321.66,1.9182461338736538,A,3,0.01569720272320011,0.1833758642012196,1.2597219200773262,High Risk
FOODS_2_032,4931,1.350958904109589,2.4029203505259322,24,9856.640000000001,1.7786776068585788,A,3,0.028989852669700285,0.17003372900556676,1.2597070745025802,High Risk
FOODS_2_282,6010,1.6465753424657534,2.8189198602203946,42,40521.2,1.711989598969125,A,3,0.03533340388255905,0.16365864977947625,1.2596976160986106,High Risk
HOUSEHOLD_1_004,9433,2.5843835616438358,3.8798235694226517,36,21525.41,1.5012568672100792,A,3,0.05545757051983021,0.14351353069417744,1.2596913303642026,High Risk
FOODS_2_069,1229,0.3367123287671233,0.6751227871523163,6,11032.42,2.005043265342518,A,3,0.007225416534386869,0.19167328688969829,1.2596696110272256,High Risk
HOUSEHOLD_1_439,17116,4.68931506849315,4.818710771172126,35,16452.3,1.0275937318753368,A,3,0.10062671228849929,0.09823342547281663,1.2596580413283949,High Risk
FOODS_1_010,1932,0.5293150684931507,1.0377055987842654,11,12349.869999999999,1.9604686519474992,A,3,0.01135842534128188,0.18741215057960411,1.259631172776266,High Risk
FOODS_3_077,16888,4.626849315068493,4.813250436687364,45,46367.88,1.0402868364465228,A,3,0.09928627699977659,0.09944683024868727,1.2596199321745392,High Risk
HOUSEHOLD_1_514,20258,5.55013698630137,4.609952800291093,33,78965.79,0.8306016250894703,A,3,0.11909885122344115,0.079401849490578,1.259550210214206,High Risk
HOUSEHOLD_2_492,2311,0.6331506849315068,1.2245534045491209,12,13681.119999999999,1.9340631443549507,A,3,0.013586605053676202,0.18488790059470914,1.259542351694516,High Risk
FOODS_2_244,14134,3.8723287671232876,4.670405746220832,38,83575.8,1.2060974227894465,A,3,0.08309522969652074,0.11529759049651023,1.2595178460579095,High Risk
HOUSEHOLD_1_431,4018,1.1008219178082193,2.0114019694668586,21,30049.640000000003,1.8271819782364442,A,3,0.02362223241266594,0.1746705328347978,1.259487829574239,High Risk
HOUSEHOLD_2_468,1457,0.3991780821917808,0.7917423806561683,7,13084.080000000002,1.9834314958098933,A,3,0.008565851823109575,0.18960729710612464,1.2594519446787704,High Risk
FOODS_3_313,20348,5.574794520547945,4.550742536235357,43,39346.66,0.8163067749783297,A,3,0.119627970416358,0.0780353249104065,1.2592989885980297,High Risk
FOODS_2_050,10825,2.9657534246575343,4.153096464492117,62,10825.0,1.4003512328310603,A,3,0.06364128070361094,0.13386739739549638,1.2592526034297324,High Risk
HOBBIES_1_376,1050,0.2876712328767123,0.5753560517795828,4,17009.37,2.0000472276147403,A,3,0.0061730572506966735,0.1911956877329816,1.2592106234951035,High Risk
HOUSEHOLD_1_435,1292,0.353972602739726,0.7016926247804068,6,10245.56,1.9823359755793226,A,3,0.007595799969428669,0.1895025702071708,1.25912951105298,High Risk
FOODS_2_243,1277,0.34986301369863015,0.693750225646254,6,9990.78,1.9829195956216343,A,3,0.007507613437275859,0.1895583617074033,1.259119792543404,High Risk
FOODS_3_363,15431,4.2276712328767125,4.701090093740542,71,39319.84,1.1119810020188567,A,3,0.09072042517666702,0.10630047605453775,1.2591062703693616,High Risk
HOUSEHOLD_1_173,12574,3.444931506849315,4.4305001592954865,64,12196.78,1.2860923796268908,A,3,0.07392383035262855,0.12294475531168603,1.2590605756992945,High Risk
HOUSEHOLD_1_401,1195,0.3273972602739726,0.6495904382415197,10,11316.650000000001,1.9841046858422988,A,3,0.007025527061507166,0.18967165110209216,1.2590091534490802,High Risk
FOODS_3_420,1624,0.4449315068493151,0.8702367092257441,12,13565.52,1.9558891555874174,A,3,0.009547661881077522,0.18697437093922994,1.2589566098460925,High Risk
FOODS_1_157,2772,0.7594520547945205,1.4316240850847253,23,14580.83,1.8850750038092523,A,3,0.01629687114183922,0.18020485056815297,1.258950516512998,High Risk
HOUSEHOLD_1_148,1877,0.5142465753424658,0.997360064023747,8,11081.21,1.9394588352086715,A,3,0.011035074723388244,0.1854037048263932,1.2589316338649346,High Risk
HOUSEHOLD_1_063,2004,0.549041095890411,1.0604788604648878,9,19974.730000000003,1.9315108985513176,A,3,0.011781720695615365,0.18464391716024234,1.2589276913567575,High Risk
FOODS_3_370,13179,3.6106849315068494,4.489681946560872,34,91915.42000000001,1.2434432889405254,A,3,0.07748068714945854,0.11886769047422677,1.2589045132871057,High Risk
HOUSEHOLD_1_214,17936,4.913972602739726,4.665605872515241,62,33540.32,0.9494570380620333,A,3,0.10544757604618622,0.09076390240128761,1.2588634435342423,High Risk
FOODS_1_154,10689,2.9284931506849317,4.085424389174594,59,16033.5,1.3950602507706302,A,3,0.06284172281209213,0.13336160286231766,1.258860997702323,High Risk
HOUSEHOLD_1_419,1261,0.3454794520547945,0.6812185837356283,6,11243.699999999999,1.9718063684655378,A,3,0.007413547802979529,0.1884959862396116,1.2587728602127777,High Risk
FOODS_2_097,1629,0.4463013698630137,0.8696923457396806,6,12521.460000000001,1.9486660908224887,A,3,0.009577057391795126,0.1862838778267661,1.2587582805655684,High Risk
HOUSEHOLD_1_255,1318,0.3610958904109589,0.7105044383992436,6,12481.460000000001,1.9676336875244607,A,3,0.007748656625160205,0.18809709635781066,1.2587537258948913,High Risk
FOODS_1_140,1757,0.4813698630136986,0.9337074371312819,10,12263.86,1.9396881875521794,A,3,0.010329582466165766,0.18542562989818387,1.258726563709305,High Risk
FOODS_3_133,15336,4.201643835616438,4.632672881396963,54,12266.160000000002,1.1025858122782288,A,3,0.09016191047303256,0.10540233738109078,1.258669274356237,High Risk
HOUSEHOLD_1_151,16679,4.569589041095891,4.65319087953081,57,15351.44,1.0182952641217973,A,3,0.09805754465178079,0.09734453299445192,1.2586206232938701,High Risk
FOODS_3_037,4977,1.3635616438356164,2.3680615397227336,19,12483.38,1.73667362266184,A,3,0.02926029136830223,0.16601833350133233,1.2585835874608904,High Risk
FOODS_3_676,2409,0.66,1.2495063426415456,14,17600.32,1.893191428244766,A,3,0.014162757063741226,0.18098074492227356,1.2585430505958046,High Risk
HOUSEHOLD_1_234,17167,4.703287671232877,4.6211845689697,48,16651.99,0.9825434657621835,A,3,0.10092654649781885,0.09392681886216647,1.2584560096079958,High Risk
FOODS_2_289,5125,1.404109589041096,2.4191468340746676,30,12758.69,1.7229045745117144,A,3,0.03013039848554329,0.16470207326800204,1.2584497415260638,High Risk
FOODS_3_695,18226,4.993424657534247,4.571464214247859,50,72539.48,0.9154967838255615,A,3,0.10715251566780722,0.08751745198017793,1.2584009902943956,High Risk
FOODS_2_204,17471,4.786575342465754,4.602081760875704,35,16698.84,0.9614560372729849,A,3,0.10271379354944912,0.09191095376816029,1.258387424195283,High Risk
FOODS_1_081,3237,0.8868493150684932,1.6289270500461233,20,19312.23,1.8367574089182421,A,3,0.01903065363857632,0.17558590174672556,1.2583849666155908,High Risk
HOUSEHOLD_2_195,1330,0.3643835616438356,0.7107539956003827,10,19906.72,1.9505654766476668,A,3,0.007819205850882452,0.18646545072869616,1.2582853969738736,High Risk
FOODS_2_357,8930,2.4465753424657533,3.6267361607910287,38,16520.64,1.4823725629213051,A,3,0.052500382141639323,0.14170827455022275,1.258262597007559,High Risk
HOBBIES_1_120,1056,0.2893150684931507,0.5687782620122628,5,11277.36,1.9659475912355673,A,3,0.006208331863557797,0.18793591299419407,1.2582432734573257,High Risk
HOUSEHOLD_1_474,11720,3.210958904109589,4.203691550096383,55,11368.4,1.3091701499873547,A,3,0.06890307712206192,0.12515088830419285,1.2582161896278767,High Risk
HOUSEHOLD_1_091,1440,0.39452054794520547,0.7643556961902045,7,10009.35,1.937429368815449,A,3,0.008465907086669723,0.1852096967962699,1.258102681164882,High Risk
HOBBIES_1_143,1206,0.3304109589041096,0.6448829685915148,5,10161.42,1.9517602283242363,A,3,0.007090197185085894,0.1865796637159286,1.2581009582703047,High Risk
FOODS_2_242,4808,1.3172602739726027,2.2787767342201515,29,11981.93,1.7299365806787756,A,3,0.028266723106047244,0.16537430202174866,1.258092307538339,High Risk
HOUSEHOLD_2_507,1618,0.4432876712328767,0.853275498239691,10,11272.98,1.9248798322465217,A,3,0.009512387268216398,0.18401001648777646,1.2580567211267981,High Risk
FOODS_3_228,21428,5.870684931506849,4.1470954248127,26,35999.04,0.7064074248910936,A,3,0.1259774007313603,0.06752943208386755,1.2580520498445684,High Risk
FOODS_3_746,12909,3.5367123287671234,4.350799328315585,30,25379.719999999998,1.230181853617777,A,3,0.07589332957070796,0.11759995578683981,1.2580479856072646,High Risk
HOUSEHOLD_2_200,1464,0.4010958904109589,0.7744897482113654,16,10151.960000000001,1.9309341400078441,A,3,0.008607005538114219,0.18458878158901545,1.257958736138139,High Risk
FOODS_1_170,15391,4.216712328767123,4.529480200569528,34,91558.81999999999,1.0741733956259356,A,3,0.09048526109092618,0.10268623574759594,1.2579514490515569,High Risk
HOUSEHOLD_2_389,8192,2.2443835616438355,3.398692777533371,37,16138.24,1.5143101364742193,A,3,0.04816160475972109,0.14476136562510428,1.2578768911154479,High Risk
HOUSEHOLD_2_315,1378,0.37753424657534246,0.7290995374018701,7,10569.26,1.9312143044389156,A,3,0.008101402753771443,0.18461556407211757,1.257815090047767,High Risk
FOODS_3_474,15216,4.1687671232876715,4.491215488789827,47,28606.079999999998,1.0773486155417236,A,3,0.08945641821581009,0.10298977275768272,1.257733857292048,High Risk
FOODS_3_042,17825,4.883561643835616,4.476898275478911,32,29946.0,0.9167281181205064,A,3,0.10479499570825543,0.08763516210426932,1.2577290473437577,High Risk
FOODS_2_315,9155,2.5082191780821916,3.6320281912127568,34,22779.55,1.448050562307653,A,3,0.05382318012393147,0.13842724277202562,1.2576751268687874,High Risk
HOUSEHOLD_1_042,2879,0.7887671232876712,1.445088776115967,12,28685.710000000003,1.832085457736464,A,3,0.016925935071195924,0.17513928383344743,1.2576195656713933,High Risk
HOUSEHOLD_1_160,3327,0.9115068493150685,1.644177775350035,16,33150.62,1.8038018875947184,A,3,0.019559772831493176,0.17243549935769567,1.2575985816567568,High Risk
FOODS_1_137,9882,2.7073972602739724,3.791478389589798,39,19754.0,1.4004145033396846,A,3,0.058097287382270976,0.13387344577687588,1.2575912199477444,High Risk
FOODS_3_783,8379,2.2956164383561646,3.4179106000750203,34,45573.48,1.4888857489287293,A,3,0.04926099686055946,0.14233090638652565,1.2574775709741257,High Risk
FOODS_3_066,11291,3.093424657534247,4.039715895893468,52,33477.34,1.3059040846701937,A,3,0.06638094230249157,0.12483866687468184,1.2573658827531522,High Risk
FOODS_2_325,17000,4.657534246575342,4.422156954654926,27,21250.0,0.9494631108523812,A,3,0.0999447364398509,0.09076448293324255,1.257212765811928,High Risk
HOUSEHOLD_2_344,2099,0.575068493150685,1.0728380253219911,9,12358.3,1.8655830359339054,A,3,0.012340235399249827,0.1783415044672508,1.2572045219599504,High Risk
FOODS_1_196,5231,1.4331506849315068,2.395539655354009,30,10452.0,1.6715197365785002,A,3,0.030753583312756474,0.1597899095490455,1.2571630478585407,High Risk
FOODS_3_283,5235,1.4342465753424658,2.39030190798428,25,15154.36,1.6665906330740443,A,3,0.03077709972133056,0.15931870900866357,1.2570287426189986,High Risk
FOODS_3_147,4984,1.3654794520547946,2.294586573828832,17,16441.72,1.6804255606892526,A,3,0.029301445083306878,0.16064126702809614,1.256982813633421,High Risk
HOBBIES_1_253,1316,0.36054794520547945,0.686861171667797,6,16940.09,1.905048082513267,A,3,0.007736898420873164,0.1821141887408887,1.2569553261485287,High Risk
FOODS_2_175,17228,4.72,4.360496827687146,44,40044.159999999996,0.9238340736625309,A,3,0.10128517172857361,0.08831446009188618,1.2568798895461382,High Risk
HOBBIES_1_306,1239,0.33945205479452056,0.6471936814486787,5,17321.22,1.9065834844936862,A,3,0.007284207555822075,0.18226096639370587,1.2568635521848586,High Risk
HOUSEHOLD_1_222,6652,1.8224657534246576,2.866967148845992,20,66299.84000000001,1.5731253898508524,A,3,0.039107787458699306,0.15038384426624418,1.2568474895174833,High Risk
HOUSEHOLD_1_490,1389,0.38054794520547947,0.7216684833534043,6,17953.88,1.8963930628077217,A,3,0.008166072877350172,0.1812868070560483,1.2568358639800197,High Risk
HOBBIES_1_135,1070,0.29315068493150687,0.5604897359214082,3,20998.73,1.911950968330037,A,3,0.006290639293567086,0.18277407415902133,1.2567194140357767,High Risk
HOBBIES_1_060,1143,0.31315068493150683,0.5966630434112562,5,32921.16,1.9053544255915007,A,3,0.006719813750044093,0.18214347378711981,1.2566589862611492,High Risk
FOODS_1_094,3609,0.9887671232876712,1.732330793653248,25,12775.86,1.7520109162744126,A,3,0.021217679635965995,0.16748451107940668,1.256610657214612,High Risk
HOUSEHOLD_1_496,1351,0.3701369863013699,0.6997914835476589,5,10713.43,1.89062836043594,A,3,0.007942666995896387,0.18073572695187334,1.2566035181843311,High Risk
HOUSEHOLD_1_416,8532,2.3375342465753426,3.385934741228858,33,31636.39,1.4485070095505546,A,3,0.05016049948851811,0.13847087711391287,1.2565894129807293,High Risk
HOUSEHOLD_2_238,1397,0.38273972602739725,0.7220279520835391,6,13877.369999999999,1.8864724589154744,A,3,0.008213105694498336,0.18033844110862673,1.2565654640409376,High Risk
FOODS_2_233,9121,2.498904109589041,3.519763548716093,30,39338.08,1.4085228541622345,A,3,0.053623290651051765,0.1346485683292301,1.2564815576940846,High Risk
HOUSEHOLD_1_207,1335,0.36575342465753424,0.6902839737356826,5,10639.949999999999,1.8872932615245255,A,3,0.007848601361600056,0.1804169062154321,1.2564796522731096,High Risk
FOODS_1_184,13324,3.6504109589041094,4.197048525897344,71,13324.0,1.149746856764133,A,3,0.07833315696026902,0.10991072508823599,1.2564731646145517,High Risk
FOODS_1_199,3246,0.8893150684931507,1.5725170554695833,18,20382.95,1.7682339040246393,A,3,0.019083565557868002,0.16903535710802145,1.2564356767997669,High Risk
HOUSEHOLD_2_408,1657,0.453972602739726,0.846505138906224,8,14051.36,1.8646612896848025,A,3,0.009741672251813702,0.1782533895939722,1.2563985185537359,High Risk
FOODS_3_245,14651,4.0139726027397264,4.275978503393741,43,35956.12,1.0652734651141325,A,3,0.08613472550472093,0.10183544167059341,1.2563910501525943,High Risk
HOUSEHOLD_1_106,17140,4.695890410958904,4.272136211464692,44,157665.31000000003,0.9097606284624344,A,3,0.10076781073994379,0.08696910084403787,1.2563210734751946,High Risk
FOODS_2_241,16941,4.641369863013699,4.276339499516292,31,39855.22,0.9213528819570549,A,3,0.0995978694133832,0.08807726911560528,1.2563025415586966,High Risk
HOUSEHOLD_1_429,18989,5.202465753424658,4.126041654380832,26,55884.4,0.7930934771968,A,3,0.11163827060331347,0.0758162360945973,1.2562363520093736,High Risk
HOUSEHOLD_1_535,13415,3.675342465753425,4.173028038435535,51,93502.55,1.1354120268572272,A,3,0.0788681552553294,0.10854037861604054,1.2562225601614112,High Risk
HOBBIES_2_075,4089,1.1202739726027398,1.9111677767183655,16,11775.44,1.7059824859432706,A,3,0.024039648664855903,0.16308439628665364,1.2561372134854532,High Risk
HOBBIES_1_280,1398,0.383013698630137,0.7167392993000727,5,15185.12,1.8713150518206476,A,3,0.008218984796641857,0.17888945988771807,1.2561325334053082,High Risk
FOODS_2_368,15080,4.131506849315069,4.240213748972675,35,118679.6,1.0263116832725638,A,3,0.08865686032429128,0.09811086728472494,1.256030318282705,High Risk
FOODS_1_104,10497,2.8758904109589043,3.7558679167685947,37,37159.38,1.3059843666004924,A,3,0.061712935200536174,0.12484634147289335,1.255967783002029,High Risk
FOODS_2_080,8224,2.253150684931507,3.256887163355048,27,17149.600000000002,1.4454812921018878,A,3,0.04834973602831375,0.13818163187985236,1.25595941037245,High Risk
HOBBIES_1_068,1519,0.4161643835616438,0.7716628131663843,7,10534.84,1.8542259829212,A,3,0.008930356156007855,0.17725582032369497,1.255855852943911,High Risk
FOODS_3_402,1700,0.4657534246575342,0.8579930916200899,11,11016.0,1.842161637890193,A,3,0.00999447364398509,0.17610252218482939,1.2558290987486447,High Risk
FOODS_2_056,13500,3.6986301369863015,4.126410773002202,45,94230.0,1.1156592089968915,A,3,0.07936787893752865,0.10665209640783727,1.2558059926036098,High Risk
FOODS_3_575,1497,0.41013698630136985,0.759524330003355,7,9837.28,1.8518796289326958,A,3,0.0088010159088504,0.17703151923804905,1.25574976054407,High Risk
HOUSEHOLD_2_457,1708,0.46794520547945206,0.8587163058309756,9,11050.76,1.8350787566060074,A,3,0.010041506461133255,0.17542542999442345,1.255640080936667,High Risk
FOODS_3_654,17869,4.895616438356164,4.115728903549488,30,30019.92,0.8406967652334004,A,3,0.10505367620257033,0.08036690033334308,1.2556261729607743,High Risk
FOODS_3_688,14244,3.9024657534246576,4.146114473287163,49,26778.719999999998,1.0624345568308162,A,3,0.08374193093230801,0.10156405456825641,1.2555917956501694,High Risk
HOUSEHOLD_1_345,2783,0.7624657534246575,1.347231849129199,14,11697.84,1.766940801049794,A,3,0.016361541265417945,0.16891174217074822,1.25558198503085,High Risk
HOUSEHOLD_1_408,3174,0.8695890410958904,1.5152395112756945,15,17390.97,1.7424776988520116,A,3,0.018660270203534515,0.16657317756876866,1.2555700343316911,High Risk
HOBBIES_1_342,1085,0.29726027397260274,0.5556142620603908,4,21209.54,1.8691171027838032,A,3,0.0063788258257198955,0.1786793456604642,1.2555174514458554,High Risk
HOBBIES_1_215,1485,0.40684931506849314,0.7504139292797914,6,16135.66,1.8444517453678375,A,3,0.008730466683128152,0.17632144635228159,1.2555155739106232,High Risk
FOODS_1_217,12465,3.415068493150685,3.9815335326757566,37,44126.1,1.1658722337959495,A,3,0.0732830082189848,0.11145223996297658,1.2554205744545888,High Risk
HOBBIES_1_413,2388,0.6542465753424658,1.1677190910509576,9,11458.11,1.7848302689849227,A,3,0.014039295918727292,0.17062189635001387,1.2553983576806225,High Risk
HOUSEHOLD_1_328,10646,2.9167123287671233,3.720455206162917,50,52045.64,1.2755646724116707,A,3,0.06258892141992074,0.12193835296604441,1.2553581823157898,High Risk
HOBBIES_1_104,1146,0.31397260273972605,0.5839235181517983,4,27470.08,1.85979130999482,A,3,0.006737451056474656,0.1777878410293104,1.2553575876257357,High Risk
FOODS_3_398,3212,0.88,1.5247514836435192,17,18955.84,1.732672140503999,A,3,0.0188836760849883,0.16563580946762135,1.2553558456657832,High Risk
FOODS_2_248,2298,0.6295890410958904,1.1253578808443678,10,13724.800000000001,1.7874483311931866,A,3,0.013510176725810435,0.17087217154228207,1.255314704480428,High Risk
FOODS_1_026,1731,0.4742465753424657,0.863383692142779,8,12079.380000000001,1.8205375368695225,A,3,0.01017672581043423,0.17403535356542366,1.2552636238127575,High Risk
FOODS_2_031,5690,1.558904109589041,2.4579687140154443,24,11324.44,1.5767286126812605,A,3,0.03345209119663245,0.15072829646597383,1.255254116298782,High Risk
FOODS_3_381,3870,1.0602739726027397,1.788543343427884,19,11399.94,1.6868690448350843,A,3,0.02275212529542488,0.1612572356740606,1.255202808290846,High Risk
FOODS_3_393,17118,4.689863013698631,4.070996577684443,25,60056.22,0.8680416817705464,A,3,0.10063847049278635,0.0829809536672515,1.2550858272480117,High Risk
FOODS_3_493,2742,0.7512328767123287,1.314601625107891,11,20030.670000000002,1.749925576821226,A,3,0.016120498077533598,0.16728516183134706,1.2550216979726643,High Risk
HOUSEHOLD_1_304,18343,5.025479452054794,3.9695549516760993,33,42018.200000000004,0.7898858187656197,A,3,0.10784037061859912,0.0755095981056067,1.255004990617262,High Risk
HOUSEHOLD_2_172,1721,0.4715068493150685,0.8540421375349864,8,10222.74,1.8113037780375947,A,3,0.010117934788999023,0.1731526469743716,1.2549811745290111,High Risk
FOODS_3_174,2852,0.7813698630136986,1.359429896657314,11,17309.899999999998,1.7398033389899004,A,3,0.01676719931332087,0.16631752056926286,1.2549254159647754,High Risk
FOODS_1_067,9218,2.5254794520547947,3.403934757145219,46,18436.0,1.3478370431308362,A,3,0.05419356355897328,0.1288472726320182,1.2549122508572976,High Risk
FOODS_3_772,9735,2.6671232876712327,3.5092390602132855,31,52951.880000000005,1.3157393497461214,A,3,0.05723305936717344,0.1257788748079069,1.2549035802525244,High Risk
FOODS_1_187,3299,0.9038356164383562,1.5468606368764288,13,32782.22,1.7114402317668884,A,3,0.019395157971474595,0.1636061326995797,1.2549003872013165,High Risk
FOODS_3_788,2751,0.7536986301369863,1.3145448815776022,11,10156.48,1.744125342696564,A,3,0.016173409996825285,0.16673068504841645,1.2548712285135728,High Risk
FOODS_3_751,2189,0.5997260273972602,1.0667242941157409,8,10901.220000000001,1.778686008918435,A,3,0.012869354592166683,0.17003453220540646,1.2548711660392722,High Risk
HOUSEHOLD_2_388,1616,0.44273972602739725,0.8029359326958618,6,11218.130000000001,1.81356197669548,A,3,0.009500629063929357,0.17336852079948473,1.2548607449590243,High Risk
HOUSEHOLD_1_252,1392,0.38136986301369863,0.6959013922890142,6,13182.240000000002,1.8247414381141536,A,3,0.008183710183780732,0.17443722797045327,1.2547862814462705,High Risk
FOODS_1_058,7960,2.180821917808219,3.09822116478581,31,15600.68,1.4206667401341968,A,3,0.0467976530624243,0.13580947023099632,1.2547821369880263,High Risk
HOUSEHOLD_1_152,1404,0.38465753424657534,0.7015507275893509,6,14011.92,1.82383201973015,A,3,0.00825425940950298,0.174350291586669,1.2547813652988518,High Risk
FOODS_2_136,3392,0.9293150684931507,1.5807282862513474,14,10742.82,1.700960567457965,A,3,0.019941914470822015,0.16260432304374223,1.2547638712543694,High Risk
FOODS_3_227,12495,3.4232876712328766,3.9048360705311738,36,33491.86,1.1406683999550848,A,3,0.07345938128329041,0.10904286468514432,1.2547506737905305,High Risk
HOBBIES_1_014,11696,3.2043835616438354,3.8108012341655657,41,12564.4,1.1892462811819695,A,3,0.06876197867061742,0.1136866957315052,1.254734602320637,High Risk
FOODS_2_261,1543,0.42273972602739723,0.7666508476898463,8,15378.4,1.813529224930615,A,3,0.009071454607452348,0.17336538987531383,1.25473105334483,High Risk
HOBBIES_1_034,2080,0.5698630136986301,1.0143779920446543,9,10081.0,1.7800383033475904,A,3,0.012228532458522933,0.1701638055844697,1.254717701412898,High Risk
HOUSEHOLD_1_410,14062,3.852602739726027,4.004816922689743,25,55824.840000000004,1.0395094416027282,A,3,0.08267193434218725,0.09937251473265986,1.2546133347224544,High Risk
FOODS_1_193,4420,1.210958904109589,1.975012558894936,21,23371.85,1.630949285060298,A,3,0.025985631474361233,0.1559115534419694,1.2545691554748994,High Risk
HOBBIES_1_042,1368,0.3747945205479452,0.6816068210936286,5,10711.44,1.8186146907834388,A,3,0.008042611732336237,0.1738515379660931,1.254568244909529,High Risk
HOUSEHOLD_2_477,2888,0.7912328767123288,1.3648003649579334,12,17036.48,1.7249035083436486,A,3,0.01697884699048761,0.16489316252002192,1.254561602853153,High Risk
FOODS_2_126,2069,0.5668493150684931,1.0050828301747081,10,10089.02,1.7731040744986393,A,3,0.012163862334944207,0.1695009239107933,1.2544994358737214,High Risk
FOODS_3_322,3912,1.0717808219178082,1.7788989904313612,14,9830.59,1.6597600498656617,A,3,0.02299904758545275,0.15866573540078452,1.2544994348958713,High Risk
HOUSEHOLD_1_235,9351,2.561917808219178,3.3933868663318765,33,34315.11,1.324549466593022,A,3,0.05497548414406152,0.1266210830949382,1.2544789701717,High Risk
FOODS_3_734,17563,4.811780821917808,3.9413240060203516,31,31262.14,0.8190988226370371,A,3,0.10325467094665303,0.0783022323438507,1.2544670709871513,High Risk
HOUSEHOLD_1_373,12525,3.4315068493150687,3.8737041950602342,27,42835.5,1.1288638971632619,A,3,0.07363575434759603,0.10791440631752859,1.2544650481995376,High Risk
HOUSEHOLD_1_205,6012,1.647123287671233,2.518416398251008,26,35711.28,1.528978684899564,A,3,0.0353451620868461,0.14616361411479273,1.254452632860492,High Risk
FOODS_2_294,11849,3.246301369863014,3.7937933427885295,31,11849.0,1.1686510001838242,A,3,0.06966148129857608,0.11171787776554618,1.2544138077192368,High Risk
FOODS_3_570,14802,4.055342465753425,4.000028117944396,28,25687.04,0.9863601290701962,A,3,0.08702246992839253,0.09429167502953358,1.254394243487378,High Risk
FOODS_2_364,12392,3.395068493150685,3.849466414707391,51,33954.08,1.1338405756683325,A,3,0.07285383376250779,0.1083901548179966,1.2543731965741516,High Risk
HOUSEHOLD_1_364,1430,0.3917808219178082,0.7081240631852774,6,10590.28,1.8074495319064774,A,3,0.008407116065234517,0.17278419805498785,1.2543573942360668,High Risk
HOBBIES_1_251,1369,0.3750684931506849,0.678837049992895,6,21250.56,1.8099015576874118,A,3,0.008048490834479758,0.17301860089760665,1.254320127519626,High Risk
HOUSEHOLD_1_302,1548,0.4241095890410959,0.7628462008568917,7,12275.64,1.7987006673951256,A,3,0.009100850118169954,0.17194784522089726,1.2543146086017203,High Risk
HOBBIES_1_049,1268,0.3473972602739726,0.6306982549831192,4,9991.84,1.8154957655271173,A,3,0.007454701517984173,0.1735533824769943,1.2543024251984938,High Risk
HOBBIES_1_236,3105,0.8506849315068493,1.4482602454215243,12,36883.520000000004,1.7024637345534828,A,3,0.01825461215563159,0.1627480191838318,1.2543007894018392,High Risk
FOODS_3_294,4623,1.2665753424657533,2.0352889864505483,34,11458.18,1.606922950582847,A,3,0.027179089209495924,0.15361474190637514,1.2542381493347616,High Risk
FOODS_1_147,2031,0.5564383561643835,0.9828445831102844,12,10382.109999999999,1.7663135048510774,A,3,0.011940456453490423,0.1688517754227285,1.2542376695628659,High Risk
HOBBIES_1_126,1476,0.4043835616438356,0.7274762312514534,6,14140.08,1.7989757751136892,A,3,0.008677554763836467,0.17197414430460148,1.2541955097205315,High Risk
FOODS_3_690,1571,0.4304109589041096,0.7713036985070654,6,15678.58,1.7920168679508521,A,3,0.009236069467470928,0.17130890349303554,1.2541634918881521,High Risk
FOODS_3_503,17025,4.664383561643835,3.920624816082612,29,42222.0,0.8405451147548625,A,3,0.10009171399343891,0.08035240321690565,1.2541332351631036,High Risk
HOUSEHOLD_2_341,2796,0.766027397260274,1.313357331707926,17,14850.960000000001,1.7145043850979718,A,3,0.016437969593283714,0.1638990522343621,1.2541011065482939,High Risk
HOBBIES_1_144,1450,0.3972602739726027,0.7135636546715496,12,16355.999999999998,1.7962119583111422,A,3,0.00852469810810493,0.17170993561640907,1.2540703901173544,High Risk
FOODS_3_571,1721,0.4715068493150685,0.8388250654107829,8,15856.06,1.779030498982776,A,3,0.010117934788999023,0.17006746393514735,1.2540556196172439,High Risk
FOODS_3_321,16722,4.581369863013698,3.9176342109169275,30,24748.559999999998,0.8551228842152127,A,3,0.09831034604395215,0.08174597363819441,1.254016895904644,High Risk
FOODS_1_210,7262,1.9895890410958905,2.857039710382698,25,14230.76,1.4359948971215708,A,3,0.0426940397662469,0.13727477438802627,1.253990644246282,High Risk
FOODS_1_090,2849,0.7805479452054794,1.3316991233948607,11,10085.460000000001,1.706108038045364,A,3,0.016749562006890307,0.1630963985134884,1.2539537881561138,High Risk
FOODS_3_574,11303,3.0967123287671234,3.66876188893989,53,67583.94,1.1847280274821372,A,3,0.06645149152821381,0.11325477061915583,1.253911878644211,High Risk
HOBBIES_1_100,1278,0.35013698630136986,0.630486319038419,4,14415.839999999998,1.8006847139986146,A,3,0.00751349253941938,0.17213751131958274,1.2538953011577008,High Risk
FOODS_2_166,6493,1.778904109589041,2.631188010588466,20,12888.02,1.4791061510315573,A,3,0.03817301021787952,0.14139601998990203,1.2538707090623347,High Risk
HOUSEHOLD_2_369,2238,0.6131506849315068,1.0671826493643064,9,14479.859999999999,1.7404900224216795,A,3,0.013157430597199194,0.16638316447465726,1.2538621785215571,High Risk
FOODS_1_123,3718,1.0186301369863013,1.6793306969338333,23,13160.77,1.6486167412072328,A,3,0.021858501769609743,0.1576004842741348,1.2538376958131237,High Risk
FOODS_1_083,7907,2.166301369863014,3.009533362069793,30,15793.0,1.3892496233153844,A,3,0.04648606064881771,0.1328061325228543,1.2537876579515017,High Risk
HOUSEHOLD_1_228,1554,0.42575342465753424,0.7572395053249839,7,14716.380000000001,1.7785869977066866,A,3,0.009136124731031077,0.1700250671705502,1.2537483575704746,High Risk
FOODS_2_144,4203,1.1515068493150684,1.8593469087072907,16,10465.26,1.6147076413946255,A,3,0.024709866309217253,0.15435892399017606,1.2537206370898182,High Risk
HOUSEHOLD_2_472,1522,0.41698630136986303,0.74169316811995,6,12906.560000000001,1.7786991219696566,A,3,0.008947993462438417,0.17003578575522865,1.2536951337653002,High Risk
FOODS_2_002,8492,2.3265753424657536,3.140569068311763,21,15904.7,1.3498677695876042,A,3,0.04992533540277729,0.12904140111865517,1.25369002095643,High Risk
FOODS_1_047,3673,1.0063013698630137,1.655674867804587,20,13002.42,1.645307178733118,A,3,0.021593942173151314,0.1572841047083941,1.2536634140644638,High Risk
HOUSEHOLD_1_415,1368,0.3747945205479452,0.6694363281922633,5,17210.07,1.7861422499281878,A,3,0.008042611732336237,0.17074731593774997,1.2536369783010262,High Risk
FOODS_1_031,4726,1.2947945205479452,2.0449056470845592,24,16730.04,1.5793283139777066,A,3,0.02778463673027855,0.15097681643610827,1.2536284359499161,High Risk
FOODS_3_485,3435,0.9410958904109589,1.5600113497874626,14,12031.3,1.6576539815791087,A,3,0.0201947158629934,0.15846440456774197,1.2535977361292208,High Risk
FOODS_1_129,11847,3.245753424657534,3.697916250067548,28,75621.62,1.139309049780244,A,3,0.06964972309428903,0.10891291680793415,1.253568791970667,High Risk
FOODS_3_079,6898,1.88986301369863,2.7278957893436813,42,41245.04,1.4434357250078917,A,3,0.040554046586005386,0.13798608469379567,1.2535620393839406,High Risk
FOODS_2_151,7324,2.0065753424657533,2.8406014802266477,21,13752.72,1.415646559643264,A,3,0.043058544099145175,0.1353295631326763,1.2535164321695467,High Risk
HOUSEHOLD_2_501,1461,0.4002739726027397,0.7109139640625263,5,11644.17,1.7760684249337584,A,3,0.008589368231683657,0.16978430272920256,1.2535121012882662,High Risk
HOUSEHOLD_2_316,1451,0.3975342465753425,0.7062687260182041,6,10503.0,1.7766236043876258,A,3,0.008530577210248452,0.16983737543470262,1.2535103857934855,High Risk
HOBBIES_1_210,2479,0.6791780821917808,1.163211260648547,10,13561.359999999999,1.7126749097891072,A,3,0.01457429421378767,0.1637241624692409,1.2534895370049088,High Risk
FOODS_3_142,5097,1.3964383561643836,2.166750518630054,20,20281.12,1.5516263278398463,A,3,0.02996578362552471,0.14832862882430156,1.253488323734948,High Risk
HOBBIES_1_004,6375,1.7465753424657535,2.572627280443775,15,29579.999999999996,1.472955227234475,A,3,0.03747927616494409,0.14080801882206018,1.2534861884961013,High Risk
HOUSEHOLD_1_126,1372,0.37589041095890413,0.6688214288097183,6,12273.160000000002,1.779298990638099,A,3,0.00806612814091032,0.17009313055240582,1.253447777607995,High Risk
FOODS_3_448,4398,1.2049315068493152,1.9196458201400688,13,13048.0,1.5931576269920988,A,3,0.025856291227203784,0.15229883772448294,1.253446538685506,High Risk
FOODS_2_272,7233,1.9816438356164383,2.811116509674336,22,13544.24,1.4185780810606008,A,3,0.0425235458040848,0.13560980364187675,1.2534400048337888,High Risk
FOODS_3_530,18859,5.166849315068493,3.626256551370308,24,31683.12,0.7018312960656251,A,3,0.11087398732465578,0.06709197436493977,1.2533897885068788,High Risk
FOODS_2_102,1934,0.5298630136986301,0.9224885813139686,7,21215.980000000003,1.7409944786949254,A,3,0.011370183545568919,0.16643138826795711,1.253340471544058,High Risk
FOODS_3_194,6923,1.8967123287671233,2.7181505038671263,38,20630.54,1.4330852721529699,A,3,0.0407010241395934,0.1369966270826848,1.2533092953666836,High Risk
FOODS_2_299,9299,2.5476712328767124,3.2777769373873906,46,17869.24,1.2865776773270219,A,3,0.05466977083259845,0.12299114762995265,1.2532982755387654,High Risk
HOUSEHOLD_1_362,1422,0.38958904109589043,0.6897448667765685,5,11333.34,1.770442168589645,A,3,0.008360083248086353,0.16924645745423986,1.2532819622106979,High Risk
FOODS_2_253,2286,0.6263013698630137,1.0751783639232153,12,17841.4,1.7167108610322555,A,3,0.013439627500088185,0.16410998159537762,1.25326488272864,High Risk
FOODS_1_042,12593,3.45013698630137,3.7359190254957073,26,12191.22,1.0828320847343231,A,3,0.07403553329335544,0.1035139682111531,1.2532648504513526,High Risk
FOODS_3_691,1353,0.37068493150684934,0.6574953696034216,8,10120.44,1.7737310414282992,A,3,0.007954425200183428,0.16956085918214442,1.2532545853146986,High Risk
FOODS_3_759,3575,0.9794520547945206,1.6022267069360627,15,10627.78,1.635839854634022,A,3,0.021017790163086292,0.15637907030864326,1.253219058141519,High Risk
FOODS_1_048,1885,0.5164383561643836,0.8981442605763764,9,11272.300000000001,1.7391122287022671,A,3,0.01108210754053641,0.1662514534759868,1.2532000683049571,High Risk
HOUSEHOLD_1_137,1579,0.4326027397260274,0.7604069733594161,6,20492.44,1.757748861787124,A,3,0.009283102284619094,0.16803303334594616,1.2531948406891698,High Risk
FOODS_3_124,10107,2.769041095890411,3.4134284832655806,35,54979.32000000001,1.2327113845769635,A,3,0.05942008536456312,0.11784176778242968,1.253178555944098,High Risk
HOUSEHOLD_1_294,18359,5.02986301369863,3.633216062428886,30,37151.25,0.7223290281532455,A,3,0.10793443625289546,0.06905146708558561,1.2530957710015445,High Risk
HOUSEHOLD_2_402,1591,0.43589041095890413,0.7642854104258808,7,14271.27,1.7533889051253708,A,3,0.009353651510341341,0.1676162407317917,1.25309096767264,High Risk
FOODS_2_345,2238,0.6131506849315068,1.0500973825207853,8,18152.81,1.7126253110817098,A,3,0.013157430597199194,0.16371942105171808,1.2530630554946753,High Risk
FOODS_3_689,5429,1.4873972602739727,2.2554049009410653,17,15737.52,1.5163433207653136,A,3,0.031917645537173564,0.14495572906985518,1.253062012382109,High Risk
FOODS_2_191,2331,0.6386301369863013,1.0898712969295519,10,20808.780000000002,1.7065766768738158,A,3,0.013704187096546614,0.16314119831714657,1.253053615624108,High Risk
FOODS_3_646,3906,1.0701369863013699,1.7226144777471415,20,10414.12,1.6097139897022699,A,3,0.022963772972591626,0.15388155292791492,1.253053597770152,High Risk
FOODS_2_356,4633,1.2693150684931507,1.9859925543113213,19,11532.130000000001,1.5646174882875723,A,3,0.02723788023093113,0.14957052642649704,1.2530425219972285,High Risk
FOODS_2_250,2173,0.5953424657534246,1.0214633887822822,8,23837.81,1.7157576479776024,A,3,0.012775288957870353,0.16401885863436746,1.2530382442776715,High Risk
HOBBIES_1_109,1943,0.5323287671232877,0.9206211049185469,8,10873.140000000001,1.7294220447517734,A,3,0.011423095464860606,0.16532511465803632,1.2530244630368692,High Risk
HOUSEHOLD_1_395,2052,0.5621917808219178,0.9670343906375011,12,10007.09,1.7201147786680697,A,3,0.012063917598504356,0.16443538109813943,1.2529497896089934,High Risk
FOODS_3_823,4332,1.1868493150684931,1.87281022342012,19,12147.74,1.5779679860303413,A,3,0.025468270485731418,0.15084677508816016,1.2528945136721676,High Risk
FOODS_3_787,6125,1.678082191780822,2.46169595856607,32,14958.0,1.4669698365332497,A,3,0.03600950062906393,0.1402358418876004,1.2528736027549994,High Risk
FOODS_3_299,10184,2.79013698630137,3.395838575440324,36,15118.14,1.2170866850311453,A,3,0.05987277622961421,0.1163481154656058,1.2528662675085662,High Risk
HOUSEHOLD_1_066,18379,5.035342465753424,3.588311191248494,28,54401.84,0.712625052943958,A,3,0.10805201829576586,0.0681238098841623,1.2528527484539786,High Risk
FOODS_3_292,10404,2.8504109589041096,3.425531001581468,32,36511.44,1.2017674121272932,A,3,0.061166178701188754,0.11488366058775058,1.252814951786682,High Risk
HOBBIES_1_147,9280,2.5424657534246577,3.229756729324421,43,93600.24,1.2703245756502302,A,3,0.05455806789187156,0.12143742284286635,1.2527986472204216,High Risk
HOUSEHOLD_1_341,2140,0.5863013698630137,1.001959585697498,11,10443.2,1.7089497606522748,A,3,0.012581278587134172,0.16336805465273999,1.2527847999719626,High Risk
FOODS_3_461,7726,2.1167123287671235,2.883899444599647,24,11732.76,1.3624427870552305,A,3,0.04542194316084048,0.13024351728860403,1.2526996381348336,High Risk
HOBBIES_1_026,1273,0.34876712328767123,0.6134107932947092,4,22870.84,1.7587976398473593,A,3,0.0074840970287017765,0.16813329189971293,1.2526852166785247,High Risk
FOODS_2_373,2002,0.5484931506849315,0.9390754087263357,6,11496.640000000001,1.7121005204051574,A,3,0.011769962491328325,0.16366925337920818,1.2526317647611611,High Risk
FOODS_3_107,11959,3.2764383561643835,3.603159057386756,30,29658.32,1.0997182506448415,A,3,0.07030818253436336,0.10512821114494882,1.2526309181037938,High Risk
FOODS_1_086,6888,1.887123287671233,2.662503905537943,21,12604.210000000001,1.410879682812644,A,3,0.040495255564570176,0.13487387074632415,1.2526107378932685,High Risk
HOUSEHOLD_2_509,1583,0.4336986301369863,0.7525338704832395,6,14198.61,1.7351539022513103,A,3,0.009306618693193176,0.16587305493738583,1.2525539020891738,High Risk
HOUSEHOLD_1_314,1680,0.4602739726027397,0.7957718711609801,5,13406.400000000001,1.7289091248437962,A,3,0.009876891601114678,0.16527608177861047,1.2525458920139179,High Risk
FOODS_1_216,3225,0.8835616438356164,1.441041318574489,15,17012.04,1.6309459884641504,A,3,0.01896010441285407,0.15591123830192727,1.2524614028144347,High Risk
HOUSEHOLD_2_427,2970,0.8136986301369863,1.3384827440205853,14,10750.369999999999,1.644936705614524,A,3,0.017460933366256304,0.15724868911334308,1.25241288674388,High Risk
FOODS_2_383,5538,1.5172602739726027,2.254280213892205,15,10742.44,1.4857570929408719,A,3,0.03255846767081731,0.14203182068243872,1.252377086505977,High Risk
FOODS_2_048,2270,0.6219178082191781,1.0483314301464244,10,18093.91,1.6856430484733256,A,3,0.013345561865791855,0.1611400358328228,1.2523456793095846,High Risk
FOODS_3_495,7020,1.9232876712328768,2.679383472518434,40,12791.09,1.39312673428665,A,3,0.04127129704751491,0.13317676722004207,1.2523344192802675,High Risk
FOODS_3_333,8566,2.3468493150684933,3.0446971168910406,33,16960.68,1.2973551805571208,A,3,0.050360388961397815,0.12402142937213965,1.2523145455000613,High Risk
FOODS_3_672,14134,3.8723287671232876,3.697173088693697,45,35385.88,0.954767353454931,A,3,0.08309522969652074,0.0912715451157224,1.2523100324436731,High Risk
HOBBIES_1_339,2567,0.7032876712328767,1.1714682142124762,11,20484.66,1.6657027588139999,A,3,0.015091655202417486,0.1592338321480446,1.2522976462051387,High Risk
FOODS_2_065,10300,2.8219178082191783,3.3577357408502193,27,9918.88,1.1898772285537185,A,3,0.06055475207826261,0.11374701151555232,1.2522905290781448,High Risk
FOODS_2_359,5827,1.5964383561643836,2.338716618795069,28,11892.04,1.4649589254508328,A,3,0.034257528190294775,0.14004360766329607,1.2522903407560775,High Risk
FOODS_3_634,9234,2.52986301369863,3.172886510035468,33,36745.35,1.2541732468734523,A,3,0.0542876291932696,0.11989342709584573,1.2522543168867348,High Risk
FOODS_3_473,17623,4.8282191780821915,3.547944855147147,25,71049.54,0.7348350860402365,A,3,0.10360741707526426,0.0702469910239795,1.2521563224297734,High Risk
FOODS_3_534,7060,1.9342465753424658,2.677526374558645,34,34452.8,1.3842735505862682,A,3,0.04150646113325573,0.13233044193189394,1.2521510709195451,High Risk
FOODS_1_065,3162,0.8663013698630136,1.40592987873595,20,11193.48,1.6229108340879879,A,3,0.018589720977812266,0.15514311300679448,1.252119850195382,High Risk
HOBBIES_1_124,2325,0.636986301369863,1.0659285042321442,8,13903.500000000002,1.6733931356762695,A,3,0.013668912483685491,0.15996899823452795,1.2520913732154642,High Risk
HOUSEHOLD_2_076,1825,0.5,0.8516262070252365,8,16370.250000000002,1.703252414050473,A,3,0.01072936141192517,0.1628234134628998,1.2520658324624476,High Risk
FOODS_2_189,4630,1.2684931506849315,1.9416591374837016,16,11522.31,1.5306816094633933,A,3,0.02722024292450057,0.14632640618722145,1.2520639947335168,High Risk
FOODS_2_263,1910,0.5232876712328767,0.8881733447733678,9,12024.720000000001,1.697294611739682,A,3,0.011229085094124425,0.16225387385680395,1.2520448876852788,High Risk
FOODS_2_186,1922,0.5265753424657534,0.8933115545602087,6,9902.28,1.6964553455487834,A,3,0.011299634319846673,0.16217364371306314,1.252041983409873,High Risk
HOBBIES_1_157,1487,0.4073972602739726,0.7010152513056035,5,16772.76,1.720716655861098,A,3,0.008742224887415193,0.16449291790140236,1.2519705428366454,High Risk
HOUSEHOLD_1_308,1495,0.4095890410958904,0.7044205997514879,13,10304.32,1.719822868958482,A,3,0.008789257704563359,0.16440747581824905,1.2519590200568438,High Risk
FOODS_2_240,6264,1.7161643835616438,2.447919922884419,19,12695.000000000002,1.4263901210932517,A,3,0.0368266958270133,0.13635660019048704,1.2519549888052504,High Risk
HOUSEHOLD_1_281,2067,0.5663013698630137,0.953345074773989,9,10207.050000000001,1.683458888691369,A,3,0.012152104130657166,0.1609312397974772,1.2519250031784406,High Risk
FOODS_2_045,1874,0.5134246575342466,0.8699864694645961,7,13059.59,1.6944773818280554,A,3,0.011017437416957682,0.16198455911112278,1.2519005989584244,High Risk
FOODS_2_164,12364,3.3873972602739726,3.5533062458091913,23,35747.28,1.0489783077647645,A,3,0.07268921890248921,0.10027769654682192,1.2518900746347936,High Risk
HOUSEHOLD_1_257,4240,1.1616438356164382,1.797552470845935,23,22098.2,1.5474213487235056,A,3,0.024927393088527518,0.1479266513794937,1.2518562133404065,High Risk
FOODS_3_249,4447,1.2183561643835616,1.8693244337412809,14,11885.980000000001,1.5343004684406736,A,3,0.02614436723223629,0.1466723531335818,1.2518450161097456,High Risk
FOODS_2_022,5576,1.5276712328767124,2.2373364104699434,26,38910.530000000006,1.4645405125924127,A,3,0.0327818735522711,0.14000360924070013,1.2518356448378913,High Risk
HOBBIES_1_195,1362,0.3731506849315068,0.6423802952433918,5,15346.499999999998,1.721503728075169,A,3,0.008007337119475114,0.16456815853131704,1.2517726486952376,High Risk
FOODS_3_231,9609,2.6326027397260274,3.1940236170045977,29,52267.44,1.2132569676414593,A,3,0.05649229249708984,0.11598201138564505,1.2517422911648208,High Risk
HOUSEHOLD_2_438,2028,0.5556164383561644,0.9319413200466733,8,17986.559999999998,1.677310561227987,A,3,0.01192281914705986,0.16034348682767816,1.2516798917924215,High Risk
FOODS_3_342,11247,3.0813698630136988,3.4209081451961327,23,15003.23,1.1101906935152381,A,3,0.06612226180817665,0.106129330463135,1.2516754776813936,High Risk
FOODS_3_271,3403,0.9323287671232877,1.4847618436593821,15,15239.970000000001,1.5925303348095048,A,3,0.020006584594400745,0.1522388713603868,1.2516736367864365,High Risk
HOUSEHOLD_2_135,2109,0.5778082191780822,0.9659030034920455,8,21047.82,1.6716671231607234,A,3,0.012399026420685034,0.159803999055814,1.25166090764295,High Risk
HOUSEHOLD_1_246,10088,2.763835616438356,3.2637098860287277,38,40150.24,1.180862518239974,A,3,0.05930838242383623,0.1128852449960659,1.251658088225971,High Risk
FOODS_3_592,5237,1.434794520547945,2.1213514190757494,18,38294.26,1.478505380871966,A,3,0.030788857925617596,0.14133858901414978,1.2516382340819303,High Risk
FOODS_2_227,2768,0.7583561643835617,1.2353687567654403,9,12348.650000000001,1.6290086568619426,A,3,0.016273354733265136,0.1557260379511872,1.2515998178053358,High Risk
HOBBIES_1_123,2120,0.5808219178082191,0.9690549840640484,8,16917.600000000002,1.6684201376574421,A,3,0.012463696544263759,0.15949360157230094,1.2515871894349697,High Risk
FOODS_2_397,3370,0.9232876712328767,1.469384330885303,13,10533.279999999999,1.5914696758846754,A,3,0.019812574223664562,0.1521374770484011,1.25158501538162,High Risk
FOODS_3_780,4889,1.3394520547945206,2.0052287709156142,19,14569.22,1.4970515471143366,A,3,0.028742930379672415,0.1431115206532437,1.251556335309875,High Risk
HOBBIES_1_361,1365,0.37397260273972605,0.640833803005811,5,39280.24,1.7135848944844032,A,3,0.008024974425905676,0.1638111529898853,1.2515508382247376,High Risk
HOBBIES_1_164,2181,0.5975342465753425,0.9937841632183665,9,19559.72,1.6631417678803473,A,3,0.01282232177501852,0.15898901271774465,1.251543400347829,High Risk
FOODS_2_266,6324,1.7326027397260273,2.43788385395731,33,56949.5,1.4070645267147663,A,3,0.03717944195562453,0.13450915866159385,1.2515065801851657,High Risk
HOUSEHOLD_1_014,2201,0.603013698630137,1.001200546720473,9,39551.969999999994,1.6603280306813841,A,3,0.012939903817888931,0.158720031859979,1.2514979807033604,High Risk
FOODS_3_753,8257,2.262191780821918,2.911788085752711,23,44911.22,1.287153507690129,A,3,0.04854374639904994,0.12304619447123305,1.2514769822610852,High Risk
FOODS_2_370,4268,1.1693150684931506,1.7913469495269236,21,21211.96,1.531962597416418,A,3,0.025092007948546095,0.1464488629818784,1.2514622612791275,High Risk
FOODS_3_125,2522,0.690958904109589,1.1324218226390024,14,12559.560000000001,1.6389134229311493,A,3,0.014827095605959057,0.15667288987262643,1.2514499956435758,High Risk
HOBBIES_1_321,2163,0.5926027397260274,0.9842832156491094,8,14448.84,1.6609494854920246,A,3,0.012716497936435147,0.15877944019707965,1.2514487814400546,High Risk
HOUSEHOLD_1_040,14208,3.892602739726027,3.580951258247099,29,69467.32,0.9199375065175895,A,3,0.08353028325514127,0.08794196547036502,1.251441674617652,High Risk
FOODS_2_224,1899,0.5202739726027398,0.8723705314895728,8,10966.880000000001,1.6767522063912272,A,3,0.011164414970545699,0.16029011056958817,1.2514363576620404,High Risk
HOUSEHOLD_1_293,3857,1.0567123287671232,1.6445814053700083,19,47257.920000000006,1.556318934301408,A,3,0.02267569696755911,0.14877722129116475,1.2514358754776174,High Risk
HOUSEHOLD_1_377,1602,0.4389041095890411,0.7430827658017368,7,14353.920000000002,1.6930412579128211,A,3,0.009418321633920068,0.1618472720031726,1.251379678091128,High Risk
FOODS_3_750,4944,1.3545205479452054,2.01401300885181,12,12218.68,1.4868825813732012,A,3,0.02906628099756605,0.14213941240921577,1.2513617080220347,High Risk
FOODS_3_110,1603,0.43917808219178084,0.7427363682734148,6,18476.460000000003,1.6911963469731528,A,3,0.00942420073606359,0.16167090665987185,1.2513285322187808,High Risk
HOBBIES_1_134,9504,2.603835616438356,3.138143341016584,74,36780.48,1.2052002519687008,A,3,0.05587498677202017,0.11521182492571867,1.2513260435093216,High Risk
FOODS_2_028,3149,0.8627397260273972,1.3769261506011492,17,12222.56,1.5959925213382644,A,3,0.0185132926499465,0.1525698411121439,1.2513249401286273,High Risk
FOODS_2_236,5177,1.4183561643835616,2.086783249196601,18,15427.46,1.4712688544654422,A,3,0.03043611179700636,0.1406468090281625,1.2513248762475508,High Risk
HOUSEHOLD_1_531,1680,0.4602739726027397,0.7755406756273907,6,13322.4,1.6849544440714144,A,3,0.009876891601114678,0.16107420829116198,1.2512853299676832,High Risk
HOUSEHOLD_1_095,2092,0.5731506849315069,0.9505401915910214,8,12489.24,1.6584472750034551,A,3,0.012299081684245183,0.1585402399179016,1.2512517964806442,High Risk
FOODS_3_644,10442,2.8608219178082193,3.2706245274776964,23,17542.2,1.1432464590398,A,3,0.06138958458264254,0.1092893157553554,1.2512036701013995,High Risk
HOUSEHOLD_1_417,1823,0.49945205479452054,0.8357094130766067,9,9982.52,1.673252527553272,A,3,0.01071760320763813,0.15995555671854464,1.251201947977855,High Risk
HOUSEHOLD_1_062,6030,1.652054794520548,2.335876586418374,20,30029.4,1.413921980170326,A,3,0.035450985925429467,0.13516470094651092,1.2511847060615822,High Risk
FOODS_1_108,4193,1.1487671232876713,1.7533759045829094,16,10482.5,1.5263110068513281,A,3,0.02465107528778205,0.14590859586720317,1.2511679013464958,High Risk
HOBBIES_1_028,1352,0.3704109589041096,0.6293289399440011,5,10788.960000000001,1.6990019458547367,A,3,0.007948546098039907,0.1624170874628682,1.2511096900682726,High Risk
FOODS_1_059,4535,1.2424657534246575,1.8662026876580364,21,24074.399999999998,1.502015393594671,A,3,0.02666172822086611,0.14358604246878118,1.2510743312068944,High Risk
HOUSEHOLD_2_401,3190,0.873972602739726,1.384844107784922,13,10622.7,1.584539496368328,A,3,0.018754335837830847,0.15147498247304986,1.2510687954932644,High Risk
FOODS_3_178,8196,2.2454794520547945,2.86644579324313,42,15085.32,1.2765406473081289,A,3,0.048185121168295174,0.12203165185867156,1.2510650319080903,High Risk
HOUSEHOLD_1_248,1611,0.4413698630136986,0.7418051705954909,7,14419.310000000001,1.6806883132672512,A,3,0.009471233553211753,0.16066638501489186,1.2510412855704311,High Risk
HOUSEHOLD_1_219,2321,0.6358904109589041,1.0403082521869225,10,15038.6,1.6359866955977023,A,3,0.013645396075111407,0.15639310765668712,1.2510115511195397,High Risk
HOUSEHOLD_1_157,3511,0.961917808219178,1.5028707867373425,16,15692.63,1.5623692314415552,A,3,0.02064152762590097,0.14935560299472025,1.2509991391861865,High Risk
FOODS_1_028,4198,1.15013698630137,1.7480149593263576,17,11443.94,1.519831967970749,A,3,0.024680470798499655,0.145289228345518,1.2509909097432055,High Risk
HOBBIES_1_338,3542,0.9704109589041096,1.5133284142705623,20,31807.61,1.5594716860777957,A,3,0.02082377979235011,0.1490786104462882,1.2509707170715916,High Risk
FOODS_2_346,14031,3.844109589041096,3.513521559726318,28,33378.58,0.9140014035351052,A,3,0.08248968217573811,0.08737450022428508,1.250959254720007,High Risk
FOODS_2_066,2518,0.6898630136986301,1.1184842897731757,10,15057.640000000001,1.62131360511203,A,3,0.014803579197384975,0.15499042496607782,1.250938201249039,High Risk
FOODS_3_813,3079,0.8435616438356165,1.338519457385448,18,13887.06,1.586747651658618,A,3,0.018101755499900056,0.15168607237308776,1.2509363483618967,High Risk
HOBBIES_1_001,1787,0.4895890410958904,0.815730582696657,6,14766.82,1.6661536803820918,A,3,0.010505955530471386,0.15927693825980765,1.250934868137084,High Risk
HOBBIES_1_213,1843,0.5049315068493151,0.8392944930481998,8,15235.18,1.6621947366391367,A,3,0.010835185250508543,0.15889848071081608,1.2509200997883976,High Risk
HOBBIES_1_021,1601,0.4386301369863014,0.7345285848064472,6,19019.88,1.674596711145242,A,3,0.009412442531776546,0.16008405473737025,1.2508489491807444,High Risk
HOBBIES_1_105,1955,0.5356164383561643,0.884671985886683,8,13059.4,1.651689385415035,A,3,0.011493644690582854,0.157894215499257,1.250816358056952,High Risk
HOBBIES_1_392,1889,0.5175342465753424,0.8568998096040273,7,24519.22,1.655735471177713,A,3,0.01110562394911049,0.15828100344073198,1.250815988216953,High Risk
FOODS_1_080,2137,0.5854794520547946,0.9604155506133455,8,16198.460000000001,1.6403915581369728,A,3,0.012563641280703612,0.15681419307453973,1.2508133503065733,High Risk
HOBBIES_1_116,1754,0.48054794520547944,0.798930311180993,6,11348.38,1.6625402712717356,A,3,0.010311945159735205,0.15893151229667224,1.2507730372369226,High Risk
FOODS_3_577,3881,1.0632876712328767,1.6280950496836444,14,13218.68,1.5311896241549348,A,3,0.02281679541900361,0.14637497014960527,1.2507575296705828,High Risk
HOBBIES_1_237,1711,0.46876712328767123,0.7798046027249523,6,13653.78,1.6635223845389107,A,3,0.010059143767563818,0.15902539799044815,1.2507253625274037,High Risk
HOBBIES_1_415,2294,0.6284931506849315,1.0226587083397631,9,15323.92,1.6271596710724217,A,3,0.013486660317236351,0.15554928307022492,1.2507107830162385,High Risk
FOODS_3_298,2025,0.5547945205479452,0.9114750776516946,7,37928.25,1.6429056955203383,A,3,0.0119051818406293,0.15705453351222082,1.2506879146058552,High Risk
HOBBIES_1_050,1752,0.48,0.7965119905281294,7,18777.82,1.6593999802669364,A,3,0.010300186955448163,0.1586313143363169,1.2506794503875298,High Risk
FOODS_2_103,5394,1.4778082191780821,2.1179719086162208,33,37644.15,1.4331845506950698,A,3,0.03171187696215034,0.13700611767314277,1.250615398390588,High Risk
FOODS_2_112,6804,1.864109589041096,2.5080084585398668,19,21825.5,1.3454189996576298,A,3,0.04000141098451444,0.12861611834803696,1.2505852587997657,High Risk
HOUSEHOLD_1_344,7284,1.9956164383561643,2.6245844188389924,18,57762.119999999995,1.3151747842891712,A,3,0.04282338001340435,0.12572490484193735,1.2505644854566027,High Risk
HOBBIES_1_160,1279,0.3504109589041096,0.5896765080064852,4,25058.68,1.682814115890282,A,3,0.007519371641562901,0.16086960236340403,1.2505166922014903,High Risk
FOODS_2_143,2419,0.6627397260273973,1.0679609483557257,10,9870.13,1.6114334276553943,A,3,0.014221548085176432,0.15404592360747826,1.2504802415077967,High Risk
FOODS_3_413,14144,3.875068493150685,3.4474098224911494,28,14144.0,0.8896384228006713,A,3,0.08315402071795595,0.08504550679231461,1.2504598582530813,High Risk
HOUSEHOLD_2_262,2063,0.5652054794520548,0.9224493910860028,8,10253.109999999999,1.6320602411361658,A,3,0.012128587722083084,0.15601775593960743,1.2504439030985073,High Risk
FOODS_2_054,9665,2.647945205479452,3.083500837597999,25,28705.050000000003,1.1644881590514946,A,3,0.056821522217127,0.11131992852603342,1.2504424352229482,High Risk
FOODS_3_557,6685,1.8315068493150686,2.4670687582017115,18,16728.82,1.3470158515237467,A,3,0.03930179782943549,0.12876877033871723,1.250421170450446,High Risk
FOODS_3_372,14658,4.015890410958904,3.4384968688300117,23,48078.24,0.8562227842290587,A,3,0.08617587921972555,0.08185111922509919,1.2504080995334474,High Risk
FOODS_1_005,5311,1.455068493150685,2.0813235475893,24,18800.94,1.4303955843910647,A,3,0.03122391148423813,0.13673950480360855,1.250389024886354,High Risk
HOBBIES_1_276,1510,0.4136986301369863,0.6884146932921851,6,12049.800000000001,1.6640487619314406,A,3,0.00887744423671617,0.1590757173460025,1.2503859484748157,High Risk
HOUSEHOLD_1_161,1733,0.4747945205479452,0.7835282009824749,8,20721.239999999998,1.650246932248144,A,3,0.01018848401472127,0.15775632334278264,1.2503834422072515,High Risk
HOBBIES_1_241,3764,1.0312328767123287,1.5719205935543759,13,76505.92,1.5243119464594772,A,3,0.02212894046821169,0.1457174945166138,1.2503539304954479,High Risk
FOODS_1_034,2212,0.606027397260274,0.9798556665292345,7,13108.15,1.616850444318131,A,3,0.01300457394146766,0.15456376649238263,1.2502705021301552,High Risk
FOODS_2_348,3162,0.8663013698630136,1.3494368229901503,16,18908.760000000002,1.5576990524712362,A,3,0.018589720977812266,0.14890915449703596,1.2502496626424546,High Risk
HOUSEHOLD_1_326,2214,0.6065753424657534,0.979516465039698,7,10795.81,1.6148306672967019,A,3,0.0130163321457547,0.1543706847234386,1.250216105060758,High Risk
FOODS_3_738,10639,2.9147945205479453,3.1956611572277662,38,15978.24,1.0963589833519454,A,3,0.0625477677049161,0.1048070800179053,1.2502064543168465,High Risk
HOUSEHOLD_1_476,2247,0.6156164383561644,0.9915662256695991,9,10875.48,1.6106883505536433,A,3,0.013210342516490881,0.15397469752495557,1.250155512012434,High Risk
HOUSEHOLD_1_473,16025,4.390410958904109,3.346634553492375,27,36764.1,0.7622599763024754,A,3,0.09421261184991826,0.07286868949304202,1.2501243904028883,High Risk
FOODS_3_272,1843,0.5049315068493151,0.8251346224777417,13,18393.14,1.634151585482234,A,3,0.010835185250508543,0.15621767922892388,1.25011585934383,High Risk
FOODS_2_301,3797,1.0402739726027397,1.574763265998211,11,11000.220000000001,1.5137966607567739,A,3,0.022322950838947874,0.14471227961274635,1.2501105691355086,High Risk
FOODS_3_081,2415,0.6616438356164384,1.0578148981389244,12,11195.199999999999,1.598767858470838,A,3,0.014198031676602349,0.15283515109304174,1.2501099548308934,High Risk
FOODS_3_546,10466,2.8673972602739726,3.1640026317735965,27,62575.68000000001,1.1034406273622805,A,3,0.061530683034087034,0.10548405393039181,1.250104421089344,High Risk
FOODS_2_198,5966,1.6345205479452054,2.2514238612129067,27,53169.86,1.3774215711409838,A,3,0.03507472338824415,0.1316754229381996,1.2500250438979332,High Risk
FOODS_1_162,13460,3.6876712328767125,3.378390584182476,43,26381.6,0.9161311762456195,A,3,0.07913271485178784,0.08757809709563863,1.2500132435842282,High Risk
FOODS_3_476,9467,2.5936986301369864,3.0106440873852813,33,56603.66,1.1607532395644107,A,3,0.055657459992709914,0.11096288670716999,1.2499861040099642,High Risk
HOUSEHOLD_1_022,2793,0.7652054794520547,1.201736787354546,9,13518.119999999999,1.5704759304848166,A,3,0.01642033228685315,0.15013056764426463,1.2499652699793353,High Risk
HOUSEHOLD_1_113,7349,2.0134246575342467,2.5973162251681545,26,42183.26,1.2899992137520429,A,3,0.0432055216527332,0.12331823141120192,1.2499571259191806,High Risk
FOODS_2_322,9751,2.6715068493150684,3.0500141162232457,24,28382.940000000002,1.1416830606312016,A,3,0.057327125001469775,0.10913986176756678,1.249940096030711,High Risk
HOUSEHOLD_1_262,11924,3.266849315068493,3.2911221491433396,34,11566.28,1.0074300439762822,A,3,0.07010241395934012,0.09630586590229055,1.2499224839584895,High Risk
HOUSEHOLD_1_044,1762,0.4827397260273973,0.7879283455735139,6,31663.14,1.63220116988838,A,3,0.010358977976883371,0.15603122810632875,1.2499170618249638,High Risk
FOODS_1_152,2984,0.8175342465753425,1.2722643458395315,12,23501.45,1.5562214686039846,A,3,0.017543240796265593,0.14876790400065681,1.2498933434390769,High Risk
FOODS_3_208,4409,1.207945205479452,1.7736515564027886,17,21515.92,1.4683212022840053,A,3,0.025920961350782507,0.14036502648910737,1.2498857963519672,High Risk
HOUSEHOLD_1_289,2557,0.7005479452054795,1.1082414928109925,13,13192.13,1.5819638047556208,A,3,0.015032864180982281,0.15122875772271388,1.249878486571109,High Risk
HOUSEHOLD_2_346,3734,1.023013698630137,1.5440962318730271,13,12434.22,1.5093602695063066,A,3,0.021952567403906074,0.1442881801892556,1.2498722242779488,High Risk
FOODS_3_636,13379,3.6654794520547944,3.3566869575577583,23,46930.18,0.9157565883164525,A,3,0.07865650757816266,0.08754228814285757,1.2498596387163061,High Risk
FOODS_3_097,7229,1.9805479452054795,2.562435965504599,20,15378.160000000002,1.2938015318981584,A,3,0.042500029395510716,0.12368171624440416,1.2498545236919747,High Risk
HOUSEHOLD_1_287,3376,0.924931506849315,1.4143522284266912,9,15615.71,1.5291426640276726,A,3,0.019847848836525683,0.1461792897957165,1.249808141589673,High Risk
HOBBIES_1_225,1464,0.4010958904109589,0.6602680174556829,4,41963.18,1.64616001619757,A,3,0.008607005538114219,0.15736563220598968,1.2497917913232313,High Risk
FOODS_2_051,4144,1.1353424657534246,1.680016575065846,11,10322.02,1.479744328906935,A,3,0.024362999282749535,0.14145702697818416,1.2497460078782803,High Risk
HOUSEHOLD_1_011,3104,0.8504109589041096,1.3102379902142678,10,14351.72,1.5407115542145868,A,3,0.01824873305348807,0.1472852246381814,1.249660187307501,High Risk
HOUSEHOLD_1_270,2043,0.5597260273972603,0.898444154114082,7,20089.78,1.605149859283602,A,3,0.01201100567921267,0.1534452422037222,1.2496368743648807,High Risk
FOODS_3_267,4924,1.3490410958904109,1.9251064854956907,17,11226.72,1.4270184143093565,A,3,0.028948698954695637,0.13641666224896873,1.2496096083610995,High Risk
FOODS_1_178,2387,0.653972602739726,1.03461167602102,10,23822.260000000002,1.5820413144016434,A,3,0.014033416816583771,0.1512361673027841,1.2495808752358104,High Risk
HOUSEHOLD_1_117,1815,0.49726027397260275,0.8036080262729491,7,14465.55,1.61607123740841,A,3,0.010670570390489964,0.15448927775085022,1.2495479544424022,High Risk
FOODS_3_211,2733,0.7487671232876713,1.1673623455149513,10,12517.14,1.5590459426013803,A,3,0.016067586158241914,0.14903791124896565,1.2495316492221624,High Risk
FOODS_3_652,17200,4.712328767123288,3.152815026053982,38,68449.28,0.6690566770405252,A,3,0.10112055686855503,0.06395886543722525,1.2495238266917341,High Risk
FOODS_2_183,14096,3.8619178082191783,3.320151423383631,27,126582.08,0.8597157133477761,A,3,0.08287182381506697,0.08218502783277351,1.2495170554943524,High Risk
FOODS_2_062,2115,0.5794520547945206,0.9248938232574025,7,12200.279999999999,1.596152460940671,A,3,0.012434301033546157,0.15258513063223902,1.2495058294997357,High Risk
HOUSEHOLD_1_136,4886,1.3386301369863014,1.9070949119543636,15,19397.420000000002,1.4246615695115488,A,3,0.028725293073241856,0.13619135828825468,1.2494749954084492,High Risk
FOODS_2_367,3417,0.9361643835616439,1.4182893270903543,41,16815.75,1.5150003054959886,A,3,0.020088892024410034,0.14482734273751804,1.2494748704285787,High Risk
HOUSEHOLD_2_366,3702,1.0142465753424657,1.5187924103977033,12,15724.439999999999,1.497458751472614,A,3,0.02176443613531341,0.14315044759269482,1.2494744651184027,High Risk
HOUSEHOLD_1_127,4214,1.1545205479452054,1.6915350653224326,12,33627.72,1.4651407186584906,A,3,0.024774536432795983,0.14006098629160216,1.2494506568173196,High Risk
FOODS_3_262,2041,0.5591780821917808,0.8938935273983311,10,13378.24,1.5985847011288137,A,3,0.011999247474925628,0.15281764205951084,1.249445066860331,High Risk
HOUSEHOLD_1_355,2328,0.6378082191780822,1.0076689310670561,9,18577.440000000002,1.579893298279534,A,3,0.013686549790116053,0.15103082644179952,1.2494152128695748,High Risk
FOODS_1_087,11038,3.024109589041096,3.156287072393058,29,66137.64,1.0437079012714858,A,3,0.06489352946018084,0.09977386894705241,1.24940021952217,High Risk
HOBBIES_1_421,2183,0.5980821917808219,0.9494465618087541,8,18056.06,1.5874850896023602,A,3,0.01283407997930556,0.1517565681858203,1.249377194449538,High Risk
HOUSEHOLD_2_037,2484,0.6805479452054795,1.0674073393473162,8,28990.96,1.568452813453182,A,3,0.014603689724505273,0.14993716658508616,1.2493622568928777,High Risk
HOBBIES_1_262,1603,0.43917808219178084,0.7126076643346267,8,14394.94,1.6225938707557002,A,3,0.00942420073606359,0.15511281271114838,1.2493611040341637,High Risk
FOODS_3_184,4917,1.347123287671233,1.9110957253927126,17,16759.56,1.4186494605823472,A,3,0.028907545239690996,0.13561662720912152,1.2493572517346438,High Risk
FOODS_2_297,5248,1.437808219178082,2.00973122208524,20,18572.0,1.39777419218962,A,3,0.030853528049196326,0.13362104368396746,1.2493423715199494,High Risk
HOBBIES_2_024,2225,0.6095890410958904,0.9645205613571965,12,10613.249999999998,1.5822472130129293,A,3,0.013081002269333427,0.1512558503012876,1.2493010557711866,High Risk
HOUSEHOLD_2_453,2556,0.7002739726027397,1.093604784169892,11,16537.32,1.5616813232473026,A,3,0.01502698507883876,0.1492898420074389,1.2492950481258835,High Risk
FOODS_3_396,1883,0.5158904109589041,0.8269869826597832,8,19972.02,1.6030284050495003,A,3,0.011070349336249367,0.153242440542,1.249293836963475,High Risk
FOODS_3_113,10038,2.75013698630137,3.0266073634523414,28,12543.14,1.1005296748955018,A,3,0.0590144273166602,0.10520577972208348,1.2492660621116232,High Risk
HOBBIES_1_137,1830,0.5013698630136987,0.8046339398216361,6,16816.9,1.6048709728682904,A,3,0.010758756922642774,0.1534185818932862,1.2492532016447788,High Risk
HOUSEHOLD_1_156,7470,2.0465753424657533,2.573878638293678,19,20393.1,1.2576515434768307,A,3,0.04391689301209919,0.12022593689963439,1.2492428489735203,High Risk
FOODS_2_212,3895,1.0671232876712329,1.5764569265791657,12,19004.45,1.4772959645735442,A,3,0.0228991028490129,0.1412229741537907,1.2492366231008414,High Risk
FOODS_3_236,6788,1.8597260273972602,2.4157029293610095,23,17052.94,1.2989563482863413,A,3,0.039907345350218115,0.12417449394028451,1.249224551787151,High Risk
FOODS_2_070,6693,1.8336986301369862,2.3902638376585665,19,40014.61,1.3035205449654517,A,3,0.03934883064658365,0.1246108109986831,1.2491878924935802,High Risk
HOUSEHOLD_2_465,2483,0.6802739726027397,1.0625645855665666,9,17976.920000000002,1.5619656614248765,A,3,0.014597810622361752,0.1493170234822858,1.2491744502313944,High Risk
HOBBIES_1_046,1646,0.45095890410958905,0.727210937645386,6,31090.01,1.612588045203924,A,3,0.009677002128234975,0.15415629994920246,1.2491499906232315,High Risk
HOBBIES_1_155,5088,1.3939726027397261,1.9518363016785922,15,96570.24,1.4001970324541786,A,3,0.029912871706233024,0.13385265652003128,1.2491296584678795,High Risk
FOODS_3_725,7365,2.0178082191780824,2.541615400164829,17,21208.16,1.2595921535100645,A,3,0.043299587287029526,0.12041145065391116,1.2491133113822825,High Risk
FOODS_3_590,5959,1.6326027397260274,2.196706488232624,17,15912.320000000002,1.3455241956786503,A,3,0.0350335696732395,0.12862617462336293,1.249097923288981,High Risk
HOBBIES_1_211,5766,1.5797260273972602,2.142709264984988,18,27222.02,1.3563803012825542,A,3,0.03389890295954002,0.12966397040557337,1.2490688620095343,High Risk
FOODS_2_232,4192,1.1484931506849314,1.6687540633537499,21,10626.72,1.4529943538266192,A,3,0.024645196185638527,0.13889984742176908,1.2490635130822223,High Risk
HOUSEHOLD_1_009,1702,0.4663013698630137,0.7488650531104497,6,30584.94,1.60596794585966,A,3,0.01000623184827213,0.15352344766976067,1.2490589038554099,High Risk
FOODS_3_163,5174,1.4175342465753424,1.973493702376192,16,10943.92,1.392201780764032,A,3,0.0304184744905758,0.13308834574557074,1.249052046070844,High Risk
FOODS_2_372,1902,0.5210958904109589,0.8295177202705827,6,17079.96,1.591871545209057,A,3,0.011182052276976261,0.15217589398215803,1.2490073838777405,High Risk
FOODS_3_769,9360,2.5643835616438357,2.9048758333693745,22,12534.529999999999,1.132777435021177,A,3,0.055028396063353205,0.10828852326430966,1.248995075798299,High Risk
FOODS_2_194,9177,2.5142465753424657,2.876167137268344,29,61907.32,1.1439479188219959,A,3,0.05395252037108892,0.10935637221463408,1.2489926677757173,High Risk
FOODS_2_365,2245,0.6150684931506849,0.9655864269716941,8,24624.660000000003,1.5698843912902822,A,3,0.013198584312203838,0.15007401910803086,1.2489817810260706,High Risk
HOUSEHOLD_1_420,2362,0.6471232876712328,1.0112405784010638,7,15164.039999999999,1.5626706651836932,A,3,0.013886439262995754,0.14938441873008804,1.2489812573979253,High Risk
HOUSEHOLD_2_450,2081,0.5701369863013699,0.9007388537955234,10,21432.19,1.5798639194395292,A,3,0.012234411560666455,0.15102801795435886,1.2489787288545078,High Risk
HOUSEHOLD_1_147,13524,3.705205479452055,3.242496707607638,31,12983.039999999999,0.8751192681727209,A,3,0.07950897738897315,0.08365753969030616,1.2489499551237842,High Risk
HOUSEHOLD_2_336,3535,0.9684931506849315,1.4414085929386617,15,31704.950000000004,1.4883002444769775,A,3,0.020782626077345465,0.14227493474506753,1.248917268246724,High Risk
FOODS_3_157,3264,0.8942465753424658,1.3452085201752317,13,10004.06,1.504292616004778,A,3,0.019189389396451373,0.14380373488064518,1.2488979372831293,High Risk
FOODS_1_103,3588,0.983013698630137,1.4591305265403074,15,14910.48,1.4843440417703795,A,3,0.02109421849095206,0.1418967392270541,1.248897287315402,High Risk
FOODS_3_038,2012,0.5512328767123288,0.8714149753184846,8,10019.76,1.58084724647737,A,3,0.01182875351276353,0.15112201967925343,1.2488852319576054,High Risk
HOUSEHOLD_1_331,2675,0.7328767123287672,1.1286831604867626,9,13054.0,1.5400723498230593,A,3,0.015726598233917716,0.14722411951948586,1.2488852153260213,High Risk
HOUSEHOLD_1_288,2054,0.5627397260273973,0.8881134921172604,6,16288.22,1.578195835554041,A,3,0.012075675802791399,0.1508685564970099,1.2488832696899403,High Risk
HOUSEHOLD_1_306,11540,3.1616438356164385,3.143094591500959,36,22733.8,0.9941330380397313,A,3,0.06784483873622821,0.0950347308212153,1.2488638708672333,High Risk
HOUSEHOLD_1_169,9313,2.5515068493150683,2.881167849237635,23,27426.12,1.1292024750045493,A,3,0.05475207826260773,0.10794677286483922,1.2488096553382342,High Risk
FOODS_2_380,13900,3.808219178082192,3.225249513936318,30,69083.0,0.8469180378321987,A,3,0.08171951979493691,0.08096162653614387,1.2488043438993244,High Risk
FOODS_2_387,2144,0.5873972602739727,0.9215040480638916,9,27807.68,1.5687918728699646,A,3,0.012604794995708256,0.14996957916888867,1.2487723122493792,High Risk
HOUSEHOLD_1_393,7679,2.103835616438356,2.583632435896688,25,15186.289999999999,1.228058131400301,A,3,0.045145625360095004,0.1173969373159168,1.2487627688028038,High Risk
HOUSEHOLD_1_100,2312,0.6334246575342466,0.9868305466268142,7,18424.64,1.5579288473995985,A,3,0.013592484155819724,0.14893112187798535,1.2487570818101417,High Risk
HOBBIES_1_173,1923,0.5268493150684932,0.8333071870221707,7,21088.33,1.581680308180407,A,3,0.011305513421990194,0.1512016567013382,1.2487521510369985,High Risk
FOODS_2_131,10021,2.7454794520547945,2.974383664446574,25,59749.5,1.0833749501277314,A,3,0.05891448258022035,0.10356586374682149,1.2487441038981129,High Risk
HOUSEHOLD_1_494,11104,3.0421917808219177,3.0931240528098924,25,88498.88,1.0167419662064219,A,3,0.0652815502016532,0.09719604456923679,1.248743278431267,High Risk
FOODS_3_651,7061,1.9345205479452054,2.445534429061826,19,35120.68,1.2641553131391678,A,3,0.04151234023539925,0.1208476685749061,1.2487080026430917,High Risk
FOODS_3_704,12222,3.3484931506849316,3.16785014117525,40,54510.32,0.9460524476591117,A,3,0.07185438639810927,0.09043843858495962,1.2486878474949208,High Risk
FOODS_3_797,4313,1.1816438356164383,1.6924841627010219,17,17152.739999999998,1.432313283992286,A,3,0.025356567545004524,0.13692282842170034,1.2486838187900116,High Risk
HOUSEHOLD_1_451,1776,0.4865753424657534,0.7721946089253588,6,12396.480000000001,1.5869990555053828,A,3,0.010441285406892658,0.15171010547126526,1.2486454172634476,High Risk
HOBBIES_1_344,1894,0.5189041095890411,0.8189311886275102,6,22418.039999999997,1.5781936845250328,A,3,0.011135019459828095,0.15086835086813027,1.2486010110983878,High Risk
FOODS_3_344,4671,1.2797260273972604,1.800961933980827,16,9902.640000000001,1.4073027315414297,A,3,0.02746128611238492,0.13453192999170366,1.2485979648312266,High Risk
FOODS_3_196,2371,0.6495890410958904,1.005987062953999,15,10664.080000000002,1.5486515309076747,A,3,0.013939351182287441,0.14804425136687982,1.2485950807647503,High Risk
HOUSEHOLD_1_002,2184,0.5983561643835617,0.9334075717397916,10,13038.48,1.5599531304259338,A,3,0.012839959081449082,0.1491246344011111,1.2485893780447683,High Risk
HOUSEHOLD_1_159,2426,0.6646575342465754,1.0268445123216132,7,19238.18,1.5449226999067964,A,3,0.014262701800181077,0.14768779158042605,1.2485851480141823,High Risk
FOODS_2_340,3315,0.9082191780821918,1.3532391055957362,12,9876.78,1.4899917753919871,A,3,0.019489223605770926,0.14243663763495507,1.248577758372218,High Risk
FOODS_2_374,9917,2.716986301369863,2.9428952048472286,26,19013.18,1.0831468687801133,A,3,0.0583030559572942,0.10354406017662834,1.2485541348401767,High Risk
FOODS_1_144,2602,0.7128767123287671,1.0924759234567007,10,18161.960000000003,1.5324892854023664,A,3,0.01529742377744071,0.14649921202879276,1.2485389907418702,High Risk
FOODS_3_792,10240,2.8054794520547945,2.976747854864177,20,10240.0,1.0610478193607662,A,3,0.06020200594965137,0.10143148858649831,1.2484900483608452,High Risk
HOUSEHOLD_1_290,4598,1.2597260273972604,1.7723075895117317,13,45244.32,1.4068992391730797,A,3,0.027032111655907912,0.1344933579021067,1.2484576408674044,High Risk
FOODS_3_091,2438,0.667945205479452,1.027646019405821,11,14573.84,1.538518445788042,A,3,0.014333251025903323,0.14707557315190808,1.2484226472533437,High Risk
HOBBIES_1_203,1893,0.5186301369863013,0.814575557016351,6,24571.14,1.570629045488474,A,3,0.011129140357684574,0.1501452047628398,1.2483823035361576,High Risk
FOODS_2_055,4307,1.18,1.677208462568528,12,10766.0,1.421363103871634,A,3,0.025321292932143403,0.1358760395308875,1.2483591997389094,High Risk
FOODS_3_378,4201,1.1509589041095891,1.6424605097616494,22,19660.68,1.4270366247631563,A,3,0.024698108104930217,0.13641840308797998,1.2483349533578731,High Risk
FOODS_3_615,3500,0.958904109589041,1.409344729599802,10,15741.42,1.4697452180112223,A,3,0.020576857502322243,0.1405011561077227,1.2483234040830136,High Risk
FOODS_2_135,5674,1.5545205479452056,2.0722527376910103,18,13012.56,1.3330494347148727,A,3,0.03335802556233612,0.12743364253269898,1.2482375004285107,High Risk
FOODS_1_024,3888,1.065205479452055,1.5348764567326858,23,18895.68,1.4409205419429791,A,3,0.022857949134008255,0.1377456442935738,1.2481810780282747,High Risk
HOUSEHOLD_1_519,4155,1.1383561643835616,1.6215804619475707,20,20257.26,1.4244930652487686,A,3,0.024427669406328262,0.136175250024428,1.248180875829227,High Risk
FOODS_3_629,2230,0.6109589041095891,0.9425192104139553,8,11093.480000000001,1.5426883937268774,A,3,0.013110397780051032,0.14747420177075682,1.2481753798652426,High Risk
FOODS_3_526,12727,3.486849315068493,3.127502835148987,26,25199.46,0.8969423547021139,A,3,0.0748233329805872,0.08574373044612135,1.2481701190280128,High Risk
FOODS_2_333,4942,1.353972602739726,1.8625462374142494,13,14857.140000000001,1.375615897726024,A,3,0.02905452279327901,0.13150280852908577,1.2481671993967096,High Risk
HOUSEHOLD_1_407,2976,0.8153424657534246,1.2195921423469325,16,15380.0,1.4958035348005052,A,3,0.01749620797911743,0.14299221618415534,1.248146527248982,High Risk
FOODS_3_525,6288,1.7227397260273973,2.2215845289637866,48,12576.0,1.2895648108647932,A,3,0.0369677942784578,0.12327670441242203,1.2480733496072642,High Risk
FOODS_3_661,15056,4.124931506849315,3.089911945755587,24,49383.68,0.7490820006647113,A,3,0.08851576187284677,0.07160893318318946,1.2480374085168109,High Risk
HOUSEHOLD_1_249,4327,1.1854794520547944,1.6702243357065638,15,34486.19,1.4089019702632213,A,3,0.025438874975013813,0.134684810155252,1.24803710553908,High Risk
FOODS_1_106,5786,1.5852054794520547,2.089528177973944,29,20482.440000000002,1.3181434237132554,A,3,0.03401648500241043,0.12600869366876216,1.248007553601352,High Risk
HOUSEHOLD_1_227,5611,1.5372602739726027,2.04172913963183,18,15318.029999999999,1.328160997978289,A,3,0.03298764212729432,0.12696632955584244,1.247986191504941,High Risk
FOODS_2_171,7606,2.083835616438356,2.5118162136142796,29,22057.140000000003,1.2053811700883672,A,3,0.044716450903618,0.11522911989947499,1.2479836712409282,High Risk
HOUSEHOLD_2_294,6638,1.8186301369863014,2.2989704912097624,22,31660.489999999998,1.2641220688333281,A,3,0.03902548002869002,0.12084449056599188,1.2479609911784049,High Risk
HOUSEHOLD_1_080,3656,1.0016438356164383,1.4496188948319644,11,37129.32,1.4472398703874918,A,3,0.021493997436711463,0.13834974420245452,1.24795312249175,High Risk
FOODS_3_308,3752,1.027945205479452,1.4811457414205838,14,18684.960000000003,1.440880052288148,A,3,0.022058391242489445,0.1377417736612734,1.247940049471129,High Risk
FOODS_3_222,2891,0.792054794520548,1.1818915019349903,12,13036.7,1.4921840131659339,A,3,0.016996484296918173,0.1426462058906826,1.2478928070562805,High Risk
FOODS_2_100,5644,1.5463013698630137,2.0442270155535494,19,14098.4,1.3220107382654953,A,3,0.0331816524980305,0.12637839187152766,1.2478680133108675,High Risk
HOUSEHOLD_2_348,3765,1.0315068493150685,1.482831011361957,16,24761.88,1.4375386962738759,A,3,0.022134819570355214,0.13742235477341475,1.247867152303131,High Risk
FOODS_2_247,6943,1.9021917808219178,2.3607321549498006,15,15157.23,1.2410589609054836,A,3,0.040818606182463815,0.11863975923733067,1.2478375096259384,High Risk
HOBBIES_1_168,2206,0.6043835616438357,0.9259703957200724,8,10654.98,1.5320906366175269,A,3,0.012969299328606536,0.1464611029644022,1.2478291206879029,High Risk
FOODS_2_349,11908,3.2624657534246575,3.0495388151304836,29,71004.6,0.9347343529749971,A,3,0.0700083483250438,0.08935647868567412,1.2478094481032154,High Risk
FOODS_2_339,5221,1.4304109589041096,1.9245015785903141,15,18592.98,1.3454186481238548,A,3,0.03069479229132127,0.12861608474295957,1.2477932631102844,High Risk
HOUSEHOLD_1_058,3295,0.9027397260273973,1.321084845606119,11,21351.600000000002,1.4634172037821955,A,3,0.019371641562900513,0.13989622587617723,1.2477803602317235,High Risk
FOODS_3_593,1891,0.5180821917808219,0.8027266795398496,5,13199.18,1.549419555960048,A,3,0.011117382153397533,0.148117671172201,1.2477705159976797,High Risk
HOUSEHOLD_1_017,4249,1.164109589041096,1.633163631259503,14,20990.06,1.4029294549534446,A,3,0.02498030500781921,0.13411386405138906,1.2477282507177627,High Risk
HOBBIES_1_081,1847,0.506027397260274,0.784259961958415,7,27187.84,1.5498369578496016,A,3,0.010858701659082625,0.14815757295063522,1.2477048823829155,High Risk
HOUSEHOLD_2_011,1896,0.5194520547945205,0.8033771728867337,6,10655.52,1.5465858022344823,A,3,0.011146777664115134,0.14784677682283526,1.2476980663460853,High Risk
FOODS_3_514,5417,1.4841095890410958,1.9732090482196734,21,26967.72,1.329557508953629,A,3,0.031847096311451314,0.1270998298415708,1.2476840778459068,High Risk
HOBBIES_1_297,2375,0.6506849315068494,0.9865668438995088,7,34960.0,1.5161974653613501,A,3,0.013962867590861525,0.14494178593697044,1.2476713960583496,High Risk
FOODS_3_481,5125,1.404109589041096,1.8911846642807335,18,19859.52,1.346892492609693,A,3,0.03013039848554329,0.1287569777709794,1.247666212876957,High Risk
HOUSEHOLD_1_299,3177,0.8704109589041096,1.2764820867642421,13,15984.09,1.4665280505790002,A,3,0.018677907509965078,0.14019360910020057,1.2476614549830498,High Risk
HOUSEHOLD_1_361,8460,2.317808219178082,2.6457690473559268,24,15904.8,1.1414961019916232,A,3,0.04973720413418463,0.10912198934676677,1.2476577580442856,High Risk
FOODS_2_149,8714,2.3873972602739726,2.686110161133622,27,60823.72,1.1251207353841772,A,3,0.05123049607863887,0.10755657657192733,1.24763612179517,High Risk
FOODS_3_729,3221,0.8824657534246575,1.2904542133657473,17,12819.58,1.4623278108615267,A,3,0.018936588004279983,0.13979208472100704,1.2476186018175863,High Risk
HOUSEHOLD_1_397,3635,0.9958904109589041,1.4302968467864305,11,10078.82,1.4361990345998548,A,3,0.02137053629169753,0.13729428902998755,1.2475994475965058,High Risk
FOODS_1_219,7625,2.089041095890411,2.486580130713837,22,17079.480000000003,1.1902973740466236,A,3,0.044828153844344895,0.11378717557035802,1.2475845988244112,High Risk
FOODS_2_095,3134,0.8586301369863014,1.2591189060135104,14,13851.42,1.466427570819819,A,3,0.01842510611779369,0.1401840036786912,1.2475827329389455,High Risk
HOUSEHOLD_1_123,3050,0.8356164383561644,1.2289744294587859,8,27358.500000000004,1.4707398909916618,A,3,0.017931261537737955,0.1405962424546543,1.247558251197718,High Risk
FOODS_3_469,12870,3.526027397260274,3.055978483829886,30,80308.8,0.8666916445982195,A,3,0.07566404458711065,0.08285189607197863,1.247554782197727,High Risk
HOUSEHOLD_1_311,2746,0.7523287671232877,1.1203424589823363,9,10837.27,1.4891660507230617,A,3,0.01614401448610768,0.14235770200094927,1.2475505149461175,High Risk
FOODS_2_075,7642,2.0936986301369864,2.486353826187624,22,18095.52,1.1875414113562976,A,3,0.044928098580784746,0.11352371770062974,1.2475355448844245,High Risk
FOODS_2_033,9523,2.609041095890411,2.795638346375624,23,22648.78,1.0715194754038673,A,3,0.05598668971274707,0.10243253268746771,1.2475257667200648,High Risk
FOODS_3_821,2718,0.7446575342465753,1.1095169688025455,8,13531.470000000001,1.4899694393411667,A,3,0.015979399626089102,0.14243450240707697,1.24752417060995,High Risk
HOBBIES_1_317,1891,0.5180821917808219,0.7979328210349239,7,15090.18,1.540166471061593,A,3,0.011117382153397533,0.14723311709448472,1.2475051497743648,High Risk
HOUSEHOLD_1_201,3041,0.8331506849315069,1.2236131088071704,9,14718.439999999999,1.4686576281309345,A,3,0.01787834961844627,0.14039718731525522,1.2474826610801106,High Risk
FOODS_3_727,8069,2.2106849315068495,2.5618671728361466,23,31412.33,1.158856758068154,A,3,0.04743847519606806,0.11078159144626651,1.2474660199927006,Medium Risk
HOUSEHOLD_1_348,8910,2.441095890410959,2.6980010269390777,22,16572.600000000002,1.105241722595694,A,3,0.05238280009876892,0.10565623068555564,1.2474117092352976,Medium Risk
FOODS_3_302,11280,3.0904109589041098,2.964953063003824,20,16920.0,0.959404138294677,A,3,0.06631627217891284,0.09171480128190922,1.247409322038247,Medium Risk
FOODS_2_361,3378,0.9254794520547945,1.3360661417978805,12,13307.38,1.44364754812382,A,3,0.019859607040812726,0.13800633404879512,1.2473597823268827,Medium Risk
FOODS_1_023,7934,2.1736986301369865,2.528211611268856,20,47698.17,1.1630920571125944,A,3,0.04664479640669277,0.11118646734238341,1.247349379124723,Medium Risk
FOODS_1_045,5546,1.5194520547945205,1.9903245619521481,13,9871.88,1.3098962587676417,A,3,0.032605500487965476,0.12522030109890048,1.24734774047606,Medium Risk
HOUSEHOLD_1_046,2627,0.7197260273972603,1.0716046171395313,10,9930.06,1.4889063009361587,A,3,0.015444401331028725,0.14233287106772943,1.2473331817196276,Medium Risk
FOODS_3_782,11768,3.224109589041096,2.986618477548973,17,31540.340000000004,0.9263390077374024,A,3,0.06918527402495091,0.08855392073389413,1.2473217584276537,Medium Risk
FOODS_3_076,10961,3.003013698630137,2.93059231100427,29,11388.25,0.9758837638140303,A,3,0.06444083859512975,0.09329018074857934,1.247319305803113,Medium Risk
HOUSEHOLD_1_073,2099,0.575068493150685,0.8743993330955396,6,18639.120000000003,1.5205133710332155,A,3,0.012340235399249827,0.14535436747091107,1.2473083808610486,Medium Risk
FOODS_3_100,4637,1.2704109589041095,1.7318217180242497,23,18455.26,1.363198031224609,A,3,0.027261396639505213,0.1303157152979195,1.2472731335812275,Medium Risk
FOODS_2_344,3934,1.0778082191780822,1.5154183796480154,13,10116.66,1.4060185779652405,A,3,0.023128387832610203,0.1344091705774437,1.2472612675230164,Medium Risk
FOODS_2_074,7682,2.1046575342465754,2.473981949669209,29,19579.239999999998,1.1754795777522276,A,3,0.04516326266652557,0.11237065964309512,1.2472601766928864,Medium Risk
HOUSEHOLD_2_437,2919,0.7997260273972603,1.1741482894180233,11,23264.43,1.4681881659389466,A,3,0.01716109915693675,0.1403523088016769,1.2472540223875843,Medium Risk
HOBBIES_1_177,2359,0.6463013698630137,0.9704280652870281,7,10002.16,1.501510147646313,A,3,0.013868801956565192,0.14353774318602586,1.2472219635427775,Medium Risk
FOODS_3_638,6842,1.8745205479452054,2.297098054361363,20,10151.02,1.2254323148814639,A,3,0.040224816865968224,0.11714592084578153,1.2472112213135251,Medium Risk
FOODS_3_628,7510,2.0575342465753423,2.4360225843168046,27,29889.8,1.183952387850378,A,3,0.044152057097840015,0.11318062289365234,1.247199803997448,Medium Risk
HOUSEHOLD_1_336,3008,0.8241095890410959,1.2016566572389333,11,14648.960000000001,1.4581272602799558,A,3,0.01768433924771009,0.13939053062457782,1.2471224609616864,Medium Risk
FOODS_2_314,2399,0.6572602739726028,0.9827552002940761,8,11921.539999999999,1.4952298795637256,A,3,0.014103966042306019,0.1429373772753519,1.2471124029952976,Medium Risk
HOUSEHOLD_1_175,3912,1.0717808219178082,1.5028239996325647,13,19073.74,1.4021747440334513,A,3,0.02299904758545275,0.13404171701836134,1.2471122293811443,Medium Risk
FOODS_2_307,7507,2.0567123287671234,2.429113437688984,22,19159.66,1.181066211211508,A,3,0.04413441979140946,0.11290471714514375,1.247111741080966,Medium Risk
HOUSEHOLD_1_247,12694,3.4778082191780824,2.9961472687349255,26,12313.18,0.8615044533545358,A,3,0.07462932260985103,0.08235602348279913,1.2470956038277952,Medium Risk
FOODS_3_449,11935,3.26986301369863,2.9691565529967576,31,23631.3,0.9080369852063817,A,3,0.07016708408291886,0.08680432815607472,1.2470914236716981,Medium Risk
FOODS_3_807,11134,3.0504109589041097,2.91482843821301,24,22045.32,0.9555527033840027,A,3,0.06545792326595883,0.09134662110279244,1.2470413633106257,Medium Risk
FOODS_2_083,3601,0.9865753424657534,1.399442220619331,12,24290.579999999998,1.4184848945461146,A,3,0.02117064681881783,0.13560089542237141,1.2470314626723569,Medium Risk
FOODS_2_318,10712,2.9347945205479453,2.873818515005973,28,53238.64,0.9792230750347088,A,3,0.06297694216139312,0.09360940416319516,1.2469759038973767,Medium Risk
HOUSEHOLD_1_072,11854,3.247671232876712,2.951981892999378,22,94594.92000000001,0.9089534258012257,A,3,0.06969087680929367,0.08689193583222275,1.246974843792455,Medium Risk
HOUSEHOLD_1_349,6450,1.7671232876712328,2.1934439044185257,19,18995.98,1.2412512017252122,A,3,0.03792020882570814,0.11865813661124007,1.2469735036310845,Medium Risk
HOUSEHOLD_2_203,3563,0.9761643835616438,1.3845372348619118,10,10582.11,1.4183443466870553,A,3,0.020947240937364046,0.13558745966735464,1.2469604101814158,Medium Risk
FOODS_2_286,8510,2.3315068493150686,2.5957612808405908,20,13445.800000000001,1.1133406198669984,A,3,0.05003115924136066,0.10643044952013411,1.2469384826284486,Medium Risk
FOODS_1_201,5175,1.417808219178082,1.868068531918298,15,11589.140000000001,1.3175749065703939,A,3,0.030424353592719316,0.1259543459390603,1.2469136098595341,Medium Risk
HOUSEHOLD_1_187,1774,0.486027397260274,0.7417745525292806,6,11495.52,1.5261990511453631,A,3,0.010429527202605619,0.14589789339583048,1.2468982261795312,Medium Risk
FOODS_3_167,5654,1.549041095890411,1.9939427075318872,22,11194.92,1.287210980277925,A,3,0.03324044351946571,0.12305168859697055,1.246887639634931,Medium Risk
FOODS_2_049,4876,1.335890410958904,1.7831308399167198,14,12484.32,1.3347882620377416,A,3,0.028666502051806646,0.12759986675043472,1.2468799106406727,Medium Risk
HOUSEHOLD_1_071,13467,3.6895890410958905,2.9717452855322604,24,30862.420000000002,0.8054407286101396,A,3,0.07917386856679248,0.07699657883500395,1.246851134220539,Medium Risk
FOODS_2_061,6146,1.683835616438356,2.1141153650528386,15,12290.0,1.2555354836386041,A,3,0.03613296177407786,0.12002365091834964,1.2468469838077285,Medium Risk
HOUSEHOLD_1_468,2016,0.5523287671232877,0.8337405938114694,6,10039.68,1.5095005790733447,A,3,0.011852269921337614,0.14430159316460686,1.2468461589257835,Medium Risk
FOODS_3_087,12640,3.463013698630137,2.9618709159776873,30,31712.86,0.8552870920346961,A,3,0.0743118510941009,0.0817616711810043,1.2468220566825317,Medium Risk
FOODS_3_129,3834,1.0504109589041095,1.4669768003408195,13,10199.960000000001,1.3965741578622826,A,3,0.02254047761825814,0.13350632569863663,1.2468140409950685,Medium Risk
FOODS_2_153,4724,1.2942465753424657,1.7365526228152648,24,13648.779999999999,1.341747898661244,A,3,0.027772878525991508,0.1282651772952208,1.2468114167463638,Medium Risk
FOODS_3_168,3518,0.9638356164383561,1.3644295279699659,21,12840.699999999999,1.4156247234480885,A,3,0.020682681340905614,0.13532747568879178,1.2468030471089095,Medium Risk
FOODS_3_276,3512,0.9621917808219178,1.3611674323079974,10,15708.900000000001,1.4146529407529016,A,3,0.020647406728044493,0.13523457755210386,1.2467645952840445,Medium Risk
HOUSEHOLD_2_421,3213,0.8802739726027398,1.2601660843559357,9,15968.609999999999,1.4315612225020744,A,3,0.018889555187131823,0.13685093466246648,1.2467221469548795,Medium Risk
HOUSEHOLD_2_110,10322,2.8279452054794523,2.807808748268207,23,32720.739999999998,0.9928794740533767,A,3,0.06068409232542007,0.0949148956367361,1.246679696388647,Medium Risk
FOODS_3_585,4447,1.2183561643835616,1.6498810454796495,18,17699.06,1.3541861515630134,A,3,0.02614436723223629,0.1294542193762854,1.2466795759825566,Medium Risk
FOODS_1_177,2540,0.6958904109589041,1.023757039166878,8,22809.2,1.4711469263618522,A,3,0.01493291944454243,0.1406351532395901,1.2466704218052398,Medium Risk
FOODS_3_048,7865,2.154794520547945,2.463854407415359,28,11794.95,1.1434289366898998,A,3,0.046239138358789844,0.10930675981333815,1.2466637694516387,Medium Risk
FOODS_2_343,2578,0.7063013698630137,1.0366211778129242,7,10234.66,1.4676754457009982,A,3,0.015156325325996214,0.14030329500982455,1.2466378861007466,Medium Risk
FOODS_2_249,5277,1.4457534246575343,1.8818018439245439,13,16257.19,1.3016063540505183,A,3,0.031024022011358426,0.12442782279551481,1.2466355534420621,Medium Risk
FOODS_2_351,3739,1.0243835616438357,1.4297115273805097,11,11141.72,1.3956798809678683,A,3,0.02198196291462368,0.13342083677442998,1.2466208399067162,Medium Risk
FOODS_3_678,7113,1.9487671232876713,2.3149767636616674,20,35422.740000000005,1.1879186260881605,A,3,0.04181805354686233,0.11355977776415511,1.2466133493933056,Medium Risk
HOBBIES_1_023,3350,0.9178082191780822,1.3025832278322262,12,11076.87,1.4192324721157092,A,3,0.01969499218079415,0.1356723605385841,1.2466102058158137,Medium Risk
FOODS_3_463,2725,0.7465753424657534,1.088138568599001,12,17382.420000000002,1.4575067065637997,A,3,0.016020553341093747,0.13933120842813287,1.2466055285307682,Medium Risk
HOBBIES_1_151,1847,0.506027397260274,0.7647996094784156,6,10103.09,1.511379845477107,A,3,0.010858701659082625,0.14448124273864685,1.2466019833193192,Medium Risk
FOODS_3_368,7199,1.9723287671232876,2.3310670776124622,25,43041.020000000004,1.1818856554084578,A,3,0.0423236563312051,0.11298305239374758,1.246592012617486,Medium Risk
FOODS_3_432,4077,1.116986301369863,1.534569838785776,16,17264.5,1.3738483962639396,A,3,0.023969099439133657,0.13133384319019462,1.2465908827887988,Medium Risk
FOODS_2_291,6797,1.8621917808219177,2.2451605923486393,27,47443.060000000005,1.2056548715716542,A,3,0.039960257269509795,0.11525528455329319,1.2465646625468412,Medium Risk
FOODS_3_369,4321,1.183835616438356,1.6063424494953322,10,17197.579999999998,1.3568965379907343,A,3,0.02540360036215269,0.12971332035645988,1.246535076215584,Medium Risk
FOODS_3_105,3958,1.0843835616438355,1.4955868086369077,17,11399.039999999999,1.3792046112998266,A,3,0.023269486284054695,0.13184587370792067,1.2465346079975927,Medium Risk
FOODS_3_794,3558,0.9747945205479452,1.3680856291973187,13,10287.28,1.4034605246122016,A,3,0.02091784542664644,0.13416463196688536,1.2465247432180597,Medium Risk
FOODS_2_058,2537,0.695068493150685,1.019084973275545,8,12608.89,1.4661648216222856,A,3,0.014915282138111868,0.14015888601505302,1.2465222504459497,Medium Risk
HOUSEHOLD_1_298,3015,0.826027397260274,1.1859836625394273,8,11130.78,1.435767949674597,A,3,0.017725492962714733,0.13725307921373023,1.2464935716529337,Medium Risk
FOODS_3_031,3124,0.8558904109589041,1.223031733006511,12,14611.769999999999,1.4289583308174665,A,3,0.01836631509635848,0.13660210970530454,1.2464905274404992,Medium Risk
FOODS_2_187,2071,0.5673972602739726,0.8473388248659044,7,10355.0,1.49337842141987,A,3,0.01217562053923125,0.142760386048227,1.2464808019762377,Medium Risk
HOUSEHOLD_1_533,2074,0.5682191780821918,0.8482428155417892,7,10256.199999999999,1.4928091980364178,A,3,0.01219325784566181,0.14270597080504166,1.246469768595211,Medium Risk
FOODS_3_146,5925,1.6232876712328768,2.0376707525755173,18,32224.480000000003,1.2552739657216267,A,3,0.034833680200359804,0.11999865095969836,1.2464496993480176,Medium Risk
FOODS_3_488,2745,0.7520547945205479,1.0906576026940618,9,12916.87,1.4502368851851823,A,3,0.01613813538396416,0.13863624558976112,1.2464323142921179,Medium Risk
HOUSEHOLD_1_193,4250,1.1643835616438356,1.5789595131455507,11,10285.0,1.3560475818779436,A,3,0.024986184109962725,0.12963216389895277,1.2463855044026748,Medium Risk
FOODS_2_210,3481,0.9536986301369863,1.3376491722012533,14,13018.94,1.4025910596192401,A,3,0.020465154561595353,0.13408151495095005,1.2463640008537638,Medium Risk
FOODS_3_121,11195,3.0671232876712327,2.843528603276974,23,33324.1,0.9270995446146455,A,3,0.06581654849671358,0.088626624702722,1.2463329519598307,Medium Risk
FOODS_3_112,5914,1.6202739726027398,2.027469599049312,61,17623.72,1.251312823221168,A,3,0.03476901007678107,0.11961998321919368,1.2463166979887927,Medium Risk
HOUSEHOLD_2_353,2367,0.6484931506849315,0.9524192432948279,8,11314.26,1.4686650773240904,A,3,0.01391583477371336,0.14039789942524383,1.2462941202596873,Medium Risk
FOODS_2_004,3932,1.0772602739726027,1.478095532266004,12,15226.38,1.3720876634717485,A,3,0.02311662962832316,0.13116552490627165,1.2462846463603785,Medium Risk
HOUSEHOLD_1_321,5608,1.5364383561643835,1.9496016203603852,48,16655.760000000002,1.268909756475643,A,3,0.032970004820863756,0.12130217237409337,1.2462816531584875,Medium Risk
HOUSEHOLD_1_090,7628,2.08986301369863,2.389373393913221,20,22201.48,1.1433157954618849,A,3,0.04484579115077545,0.10929594401128978,1.2462425205486196,Medium Risk
FOODS_2_099,5856,1.6043835616438356,2.0085273038028637,15,11712.0,1.251899702677673,A,3,0.034428022152456876,0.11967608630503762,1.2462312325372484,Medium Risk
HOUSEHOLD_1_437,7672,2.101917808219178,2.395533810020791,17,22709.12,1.1396895733284524,A,3,0.04510447164509036,0.10894929317969866,1.246216129447437,Medium Risk
HOBBIES_1_301,2340,0.6410958904109589,0.9408129311107091,7,14599.79,1.4675073498094393,A,3,0.013757099015838301,0.14028722578448433,1.246213297440097,Medium Risk
FOODS_2_264,2880,0.7890410958904109,1.130745932753406,9,11415.78,1.4330634217187264,A,3,0.016931814173339447,0.1369945382776082,1.2461779057352844,Medium Risk
HOUSEHOLD_1_086,8072,2.2115068493150685,2.46258473386796,25,40503.34,1.1135324923956955,A,3,0.047456112502498614,0.10644879168704638,1.2461714712568637,Medium Risk
FOODS_2_150,5552,1.5210958904109588,1.9289145451974452,22,15836.14,1.2681084455999054,A,3,0.0326407751008266,0.12122557059096584,1.246159903707538,Medium Risk
FOODS_3_819,5212,1.4279452054794521,1.8405580781926125,24,10319.76,1.2889556764011962,A,3,0.030641880372029584,0.12321847384612275,1.2461581062654459,Medium Risk
HOBBIES_1_258,1981,0.5427397260273973,0.8069023627789793,6,23456.699999999997,1.4867206583257315,A,3,0.01164650134631439,0.14212393328052653,1.2461311303880525,Medium Risk
FOODS_3_657,5100,1.3972602739726028,1.8090522208382596,19,17617.78,1.2947138443254211,A,3,0.02998342093195527,0.12376892928595112,1.246125705065372,Medium Risk
FOODS_3_101,10452,2.8635616438356166,2.760865264192348,22,10452.0,0.964136836423849,A,3,0.061448375604077746,0.09216722633525097,1.2460846805817989,Medium Risk
HOUSEHOLD_1_338,9783,2.68027397260274,2.6931232893802908,25,38545.02,1.0047940310986467,A,3,0.05751525627006244,0.09605387470525589,1.2460707392925958,Medium Risk
FOODS_1_166,5504,1.507945205479452,1.9117462692622478,16,12326.1,1.2677823188239834,A,3,0.03235857819793761,0.12119439431055123,1.2460658917525467,Medium Risk
FOODS_2_293,10506,2.8783561643835616,2.761259127567885,40,43681.84,0.9593180863908986,A,3,0.061765847119827855,0.09170657509969887,1.246041726665858,Medium Risk
FOODS_1_027,6809,1.8654794520547946,2.211665328944794,19,13345.64,1.1855747467540751,A,3,0.04003080649523205,0.11333571324454973,1.2460099559219346,Medium Risk
HOUSEHOLD_1_224,2714,0.7435616438356164,1.0682356245620557,8,21630.579999999998,1.4366470264007014,A,3,0.01595588321751502,0.13733711506893254,1.2459878994859344,Medium Risk
FOODS_2_391,6200,1.6986301369863013,2.0760079552012596,18,12460.0,1.222165973626548,A,3,0.03645043328982797,0.116833673037839,1.2459852318983002,Medium Risk
HOUSEHOLD_1_343,5735,1.5712328767123287,1.9643283238262168,18,28831.75,1.2501828041788476,A,3,0.03371665079309088,0.11951195838609736,1.2459685827537568,Medium Risk
FOODS_3_096,2758,0.7556164383561644,1.082004810642326,14,12432.95,1.4319498037869793,A,3,0.01621456371182993,0.13688808131829627,1.245930793509038,Medium Risk
HOBBIES_1_372,2581,0.7071232876712329,1.0202008403230851,6,17241.079999999998,1.4427481856564357,A,3,0.015173962632426775,0.13792035896625776,1.2459282964796055,Medium Risk
FOODS_2_115,7447,2.0402739726027397,2.3318237396662935,30,65086.78,1.1428973613242879,A,3,0.04378167366279821,0.10925594355449846,1.245911285165189,Medium Risk
FOODS_1_207,3415,0.9356164383561644,1.3011652200422317,11,11337.8,1.390703675887012,A,3,0.02007713382012299,0.1329451335312274,1.2459066802054053,Medium Risk
HOUSEHOLD_1_045,10353,2.8364383561643836,2.733797967801544,29,26447.2,0.963813636866187,A,3,0.0608663444918692,0.09213632988398274,1.2459008023127558,Medium Risk
FOODS_2_279,4248,1.163835616438356,1.5582264568096407,12,10796.4,1.3388716024847431,A,3,0.024974425905675682,0.12799021607530714,1.245889392594295,Medium Risk
FOODS_3_041,8127,2.2265753424657535,2.449356725175785,21,24191.02,1.1000556228487284,A,3,0.04777946312039225,0.10516046243864505,1.2458819776677112,Medium Risk
FOODS_1_188,3682,1.0087671232876712,1.3854071954851195,17,10972.36,1.3733667201305504,A,3,0.021646854092443,0.13128779707772467,1.2458803953510504,Medium Risk
FOODS_3_395,2555,0.7,1.0097496766165568,7,10168.9,1.4424995380236527,A,3,0.015021105976695238,0.13789658934997234,1.2458753085980003,Medium Risk
FOODS_2_312,2637,0.7224657534246576,1.03697837289571,7,13003.02,1.4353322188355486,A,3,0.015503192352463932,0.13721142526861932,1.2458143852863253,Medium Risk
HOUSEHOLD_1_354,7363,2.0172602739726027,2.3088420482851966,17,14210.59,1.144543457319159,A,3,0.04328782908274248,0.1094133030665482,1.2458103396447873,Medium Risk
HOUSEHOLD_2_467,2526,0.692054794520548,0.9979246193547143,9,10028.220000000001,1.441973420682782,A,3,0.014850612014533141,0.13784629485420888,1.245809072060623,Medium Risk
HOUSEHOLD_1_190,2642,0.7238356164383561,1.0385322691900543,8,13051.480000000001,1.4347625974805822,A,3,0.015532587863181534,0.13715697198111365,1.2458068679532888,Medium Risk
FOODS_3_487,10224,2.801095890410959,2.7099481588056586,21,17176.32,0.9674599745344928,A,3,0.06010794031535504,0.09248490367192766,1.245777853196185,Medium Risk
FOODS_2_216,2511,0.687945205479452,0.9918231866113478,7,15008.86,1.441718291967909,A,3,0.014762425482380331,0.13782190567507996,1.2457752993472384,Medium Risk
FOODS_2_026,7589,2.0791780821917807,2.3465289861590866,17,17604.92,1.1285848991277727,A,3,0.04461650616717815,0.10788773533669624,1.2457512724511626,Medium Risk
FOODS_3_185,5799,1.5887671232876712,1.9662637990620664,17,14203.22,1.2376035293285985,A,3,0.0340929133302762,0.11830943522915977,1.245720704567831,Medium Risk
FOODS_2_309,7823,2.143287671232877,2.385214145319302,19,21373.420000000002,1.112876342888336,A,3,0.04599221606876198,0.10638606669006473,1.245713484827648,Medium Risk
HOUSEHOLD_1_284,4012,1.099178082191781,1.4793821466513633,11,19819.280000000002,1.3458985132795303,A,3,0.023586957799804815,0.12866195773395284,1.2456746746601275,Medium Risk
HOUSEHOLD_1_450,3477,0.9526027397260274,1.313003902300959,14,11891.34,1.3783331157315215,A,3,0.02044163815302127,0.13176256257794447,1.24566126021929,Medium Risk
FOODS_2_085,3647,0.9991780821917808,1.366413626023215,15,13288.45,1.3675376295543555,A,3,0.02144108551741978,0.13073056174538578,1.245651494178842,Medium Risk
HOUSEHOLD_1_412,1990,0.5452054794520548,0.8009724659269113,5,36568.5,1.4691203520769982,A,3,0.011699413265606076,0.14044142168226248,1.2456422504843607,Medium Risk
FOODS_3_598,10800,2.958904109589041,2.7426293569586693,21,21324.7,0.9269071437869577,A,3,0.06349430315002293,0.08860823203275789,1.2456307605548345,Medium Risk
FOODS_3_655,5798,1.5884931506849316,1.9609727895264208,21,11466.32,1.2344861472527484,A,3,0.03408703422813268,0.11801142726130319,1.245629538446831,Medium Risk
HOUSEHOLD_1_268,2686,0.7358904109589041,1.0492657987400986,7,22479.44,1.4258451844383322,A,3,0.015791268357496443,0.1363045066513597,1.2456287325026572,Medium Risk
HOBBIES_1_409,2000,0.547945205479452,0.8038871016476274,7,11518.039999999999,1.4670939605069202,A,3,0.011758204287041283,0.140247707591661,1.245601773563611,Medium Risk
HOUSEHOLD_2_160,3609,0.9887671232876712,1.3522551479718758,15,14183.37,1.3676174259067184,A,3,0.021217679635965995,0.1307381899244897,1.2455867608681368,Medium Risk
HOUSEHOLD_1_386,6812,1.8663013698630138,2.184724558036955,14,19770.62,1.1706172396997776,A,3,0.04004844380166261,0.11190584158525499,1.2455862856160755,Medium Risk
HOUSEHOLD_1_142,5367,1.4704109589041097,1.8491555836610165,12,32659.19,1.2575773952604266,A,3,0.031553141204275284,0.12021884865739998,1.2455315969585028,Medium Risk
FOODS_3_673,2964,0.812054794520548,1.1408205483082519,9,17724.72,1.4048566131326312,A,3,0.017425658753395183,0.1342980918677888,1.2455171251863555,Medium Risk
FOODS_3_119,2853,0.7816438356164384,1.103194263071345,7,12210.84,1.4113771679671956,A,3,0.01677307841546439,0.13492142813144392,1.2455083519640726,Medium Risk
HOBBIES_1_345,4423,1.2117808219178081,1.5929494408971254,12,34468.84,1.314552443878478,A,3,0.026003268780791795,0.12566541184538024,1.2455006041878518,Medium Risk
FOODS_2_104,4623,1.2665753424657533,1.6491045089673726,20,33831.76,1.3020184853408847,A,3,0.027179089209495924,0.12446722072792857,1.2454938929812276,Medium Risk
FOODS_1_061,6465,1.7712328767123289,2.105466625257348,18,14481.600000000002,1.1887011882736767,A,3,0.03800839535786095,0.113634587255245,1.2454928947839319,Medium Risk
FOODS_2_063,8664,2.3736986301369862,2.4995628594792554,20,24229.32,1.053024519517461,A,3,0.050936540971462836,0.1006644965323866,1.245480311251155,Medium Risk
HOUSEHOLD_1_479,1822,0.49917808219178084,0.7355993997486288,4,13440.82,1.473621190495332,A,3,0.010711724105494608,0.1408716819705631,1.2454750218228174,Medium Risk
HOUSEHOLD_1_068,2973,0.8145205479452055,1.1423042405878245,9,20721.81,1.4024253206005919,A,3,0.017478570672686867,0.13406567103225797,1.2454632725114836,Medium Risk
FOODS_2_399,5196,1.4235616438356165,1.8015533094631213,17,10437.6,1.265525323237181,A,3,0.030547814737733252,0.12097863549372388,1.2454579350694375,Medium Risk
HOUSEHOLD_1_347,5706,1.5632876712328767,1.9288438574591742,13,45476.82,1.2338380791668395,A,3,0.03354615683092878,0.11794947481254481,1.2454486894930423,Medium Risk
FOODS_3_181,5719,1.5668493150684932,1.9317052054032158,42,17042.62,1.232859590788903,A,3,0.03362258515879455,0.11785593564218161,1.245443556240293,Medium Risk
FOODS_3_213,5326,1.4591780821917808,1.8340598957928245,20,10827.84,1.2569129965534753,A,3,0.031312098016390934,0.1201553350733453,1.245440229926921,Medium Risk
HOUSEHOLD_2_248,3619,0.9915068493150685,1.350044071459591,12,32538.63,1.3616084169183496,A,3,0.0212764706574012,0.13016375518601855,1.245432067753026,Medium Risk
FOODS_3_311,3884,1.0641095890410959,1.429535984616647,17,11567.6,1.343410490177848,A,3,0.02283443272543417,0.12842411370634504,1.2453775639295341,Medium Risk
FOODS_3_192,5515,1.510958904109589,1.8775958841422398,11,30222.2,1.2426518544187082,A,3,0.032423248321516336,0.11879203282694464,1.2453645843445385,Medium Risk
FOODS_3_706,9482,2.597808219178082,2.5900912893755015,39,18774.36,0.9970294459207532,A,3,0.05574564652486272,0.09531161463131796,1.2453171783468544,Medium Risk
HOUSEHOLD_1_380,2275,0.6232876712328768,0.8974585089383692,6,10396.75,1.4398784868681527,A,3,0.01337495737650946,0.13764602842754015,1.245306295741215,Medium Risk
FOODS_3_330,8057,2.2073972602739724,2.3919798552320115,20,32066.86,1.083620016333231,A,3,0.0473679259703458,0.10358929099446527,1.2452871650894435,Medium Risk
HOUSEHOLD_1_098,2897,0.7936986301369863,1.1116926412003814,10,23118.06,1.4006483052749024,A,3,0.017031758909779298,0.1338957962099957,1.2452782665359328,Medium Risk
HOBBIES_1_074,4670,1.2794520547945205,1.6515402930522505,13,17138.9,1.2908184303299175,A,3,0.027455407010241396,0.12339654490042677,1.2452555855732008,Medium Risk
HOBBIES_1_320,3587,0.9827397260273972,1.3336212056169388,12,15921.85,1.3570441596046352,A,3,0.02108833938880854,0.12972743233121944,1.2452447315160085,Medium Risk
FOODS_2_034,5803,1.58986301369863,1.9405401470589898,13,14506.5,1.2205706594460302,A,3,0.03411642973885028,0.11668116804311542,1.2452392793345899,Medium Risk
HOUSEHOLD_1_406,2296,0.6290410958904109,0.9033480619198826,7,11372.81,1.436071614114796,A,3,0.013498418521523392,0.13728210819398742,1.2452341580146533,Medium Risk
FOODS_3_611,5271,1.444109589041096,1.8091374872681638,18,11378.11,1.25277021979298,A,3,0.0309887473984973,0.11975930389922561,1.245224415389317,Medium Risk
FOODS_3_367,7756,2.124931506849315,2.337103539645255,22,20786.08,1.0998488808284141,A,3,0.045598316225146096,0.10514069881396083,1.2452217045117322,Medium Risk
FOODS_3_127,9691,2.6550684931506847,2.603975460244315,36,36631.979999999996,0.9807564162513415,A,3,0.05697437887285853,0.09375598481608956,1.2452191091066844,Medium Risk
FOODS_1_076,3440,0.9424657534246575,1.2854901834880397,10,19875.61,1.3639648749219024,A,3,0.020224111373711006,0.13038902217090895,1.2451839400633862,Medium Risk
FOODS_3_300,11583,3.1734246575342464,2.7385988876249896,20,46100.34,0.8629790157844438,A,3,0.06809764012839958,0.08249698514310337,1.245178387581451,Medium Risk
HOUSEHOLD_1_318,9083,2.4884931506849317,2.5297363703912183,20,26766.36,1.01657357171947,A,3,0.05339988476959799,0.0971799467994948,1.2451739494707281,Medium Risk
HOUSEHOLD_1_186,10614,2.907945205479452,2.6822738351194664,18,31523.58,0.9223949027874555,A,3,0.06240079015132809,0.08817688170802299,1.2451733015578055,Medium Risk
HOUSEHOLD_1_130,5211,1.4276712328767123,1.7910441620240671,15,33413.74,1.254521433772375,A,3,0.03063600126988606,0.11992671222665663,1.245168814048963,Medium Risk
FOODS_3_306,9092,2.490958904109589,2.5301796705383794,17,14365.36,1.0157452482913645,A,3,0.05345279668888967,0.09710076273558106,1.2451660678273413,Medium Risk
FOODS_2_052,4293,1.1761643835616438,1.540512232842316,14,59917.21000000001,1.3097762985964252,A,3,0.02523898550213411,0.1252088334359775,1.2451343456814337,Medium Risk
HOUSEHOLD_2_176,9980,2.734246575342466,2.623659619580944,19,49600.6,0.9595548708888221,A,3,0.058673439392336005,0.09172921065264979,1.245120795013496,Medium Risk
FOODS_3_795,13468,3.68986301369863,2.7476752141316116,17,40134.64,0.744655073624917,A,3,0.079179747668936,0.07118573849646867,1.2451096458496216,Medium Risk
FOODS_3_515,6592,1.806027397260274,2.107332810693026,17,18984.06,1.1668332462120061,A,3,0.03875504133008807,0.11154410850851439,1.245089744951581,Medium Risk
HOBBIES_1_343,2362,0.6471232876712328,0.9228227090853087,6,12565.84,1.426038479323191,A,3,0.013886439262995754,0.13632298478924346,1.2450628272156719,Medium Risk
FOODS_2_170,4993,1.367945205479452,1.7277616170273578,12,15418.619999999999,1.2630342283496607,A,3,0.029354357002598565,0.12074049781694733,1.245028456445864,Medium Risk
FOODS_2_018,5541,1.5180821917808218,1.866121094845001,17,38676.18,1.2292622263461928,A,3,0.032576104977247874,0.11751204347845984,1.2450264445367125,Medium Risk
HOUSEHOLD_1_443,7810,2.1397260273972605,2.3307457858679705,17,19234.100000000002,1.0892729985170413,A,3,0.04591578774089621,0.10412969114174825,1.2450136436647936,Medium Risk
HOBBIES_1_356,2225,0.6095890410958904,0.8732598298851246,6,12816.0,1.4325385973396427,A,3,0.013081002269333427,0.13694436738328508,1.2450076108957857,Medium Risk
HOUSEHOLD_1_221,2188,0.5994520547945206,0.8599360272607357,6,26792.960000000003,1.4345367913627447,A,3,0.012863475490023164,0.13713538591284577,1.2449996584208607,Medium Risk
HOUSEHOLD_1_196,6090,1.6684931506849314,1.9930598077291075,19,11931.44,1.1945268141561975,A,3,0.03580373205404071,0.11419149137816013,1.2449985670296604,Medium Risk
HOUSEHOLD_1_455,3413,0.935068493150685,1.2708778503526814,13,10136.61,1.359128084906911,A,3,0.020065375615835948,0.12992664639269336,1.244997606602559,Medium Risk
FOODS_3_423,5651,1.5482191780821917,1.8906828589076663,16,16821.84,1.2211984489493863,A,3,0.03322280621303514,0.11674118194888147,1.244989196448575,Medium Risk
FOODS_3_139,6719,1.8408219178082192,2.1269981197541785,24,33460.62,1.155461100923166,A,3,0.039501687302315194,0.11045698160996996,1.2449876006736857,Medium Risk
HOBBIES_1_179,4075,1.1164383561643836,1.4711544245299195,11,27993.22,1.3177211409899892,A,3,0.023957341234846614,0.12596832530416663,1.2449776999617042,Medium Risk
FOODS_3_705,2787,0.7635616438356164,1.0660502136375885,8,10813.56,1.3961547469598845,A,3,0.016385057673992027,0.13346623186744128,1.2449553868624301,Medium Risk
FOODS_3_477,13896,3.807123287671233,2.712203312040386,22,23345.28,0.7124022804366299,A,3,0.08169600338636283,0.06810251381567027,1.2449395551606102,Medium Risk
HOUSEHOLD_1_053,10608,2.9063013698630136,2.6579949186939773,20,158801.76,0.9145627312625394,A,3,0.06236551553846696,0.08742816067760266,1.2449381028648212,Medium Risk
FOODS_2_251,5693,1.5597260273972602,1.8974445700513858,15,44803.91,1.216524272033648,A,3,0.03346972850306301,0.11629435126526005,1.2449292239304972,Medium Risk
FOODS_2_382,3405,0.9328767123287671,1.2634103662309157,11,13211.4,1.3543165452989259,A,3,0.020018342798687784,0.12946668444194467,1.24484550817219,Medium Risk
HOUSEHOLD_1_292,4004,1.096986301369863,1.444854304004849,12,25945.920000000002,1.31711243996446,A,3,0.02353992498265665,0.12591013617263366,1.2448350183465873,Medium Risk
HOBBIES_1_374,2422,0.6635616438356164,0.9383363555222926,7,42336.56,1.4140907091892518,A,3,0.014239185391606993,0.13518083069603315,1.2448260048262922,Medium Risk
HOUSEHOLD_1_359,3012,0.8252054794520548,1.1364174108233633,10,20523.86,1.3771326525581926,A,3,0.01770785565628417,0.1316478035968296,1.2448066977759344,Medium Risk
HOUSEHOLD_1_050,11470,3.1424657534246574,2.692107452248712,23,44747.19,0.8566863296170705,A,3,0.06743330158618176,0.08189543211833124,1.2447986201113541,Medium Risk
FOODS_3_631,3285,0.9,1.2237375416490772,13,12196.08,1.3597083796100857,A,3,0.019312850541465306,0.1299821200051808,1.2447884911639941,Medium Risk
HOBBIES_1_287,2234,0.6120547945205479,0.8716901285420273,6,12867.84,1.42420276149436,A,3,0.013133914188625112,0.13614749826676487,1.244784423736617,Medium Risk
FOODS_2_320,6202,1.6991780821917808,2.005316141992547,15,11479.16,1.1801683196183161,A,3,0.03646219149411502,0.11281888267168748,1.2447843222497408,Medium Risk
HOUSEHOLD_1_381,3617,0.9909589041095891,1.3266975964492136,11,17975.489999999998,1.3388018321923223,A,3,0.021264712453114162,0.12798354634328354,1.2447744776389196,Medium Risk
HOBBIES_1_108,3013,0.8254794520547946,1.1356152195255262,9,39108.74,1.3757038006200366,A,3,0.017713734758427694,0.13151121165779314,1.2447674839248664,Medium Risk
FOODS_2_384,6144,1.6832876712328768,1.9906523502049762,22,14008.32,1.1825978317461203,A,3,0.03612120356979082,0.11305113330843125,1.2447517010634668,Medium Risk
HOBBIES_1_085,2475,0.678082191780822,0.9545360652417529,10,36432.0,1.407699651770666,A,3,0.014550777805213588,0.13456987381380753,1.2447361954857064,Medium Risk
FOODS_2_139,5428,1.4871232876712328,1.8221780680343085,12,16175.44,1.2253039698462096,A,3,0.03191176643503004,0.11713365162686322,1.2447136254185682,Medium Risk
FOODS_3_286,2592,0.7101369863013699,0.9934459008324239,8,10316.16,1.398949667453066,A,3,0.015238632756005503,0.1337334139311819,1.2446916140061566,Medium Risk
HOBBIES_1_235,2817,0.7717808219178082,1.0688664973272708,9,36564.66,1.38493529117662,A,3,0.016561430738297647,0.13239370141173334,1.2446865396450095,Medium Risk
HOUSEHOLD_2_510,3578,0.9802739726027397,1.3115190197720092,13,14061.54,1.3379106825510994,A,3,0.021035427469516855,0.12789835637067984,1.2446801351520593,Medium Risk
FOODS_3_632,6006,1.6454794520547946,1.9536454959251646,18,23903.88,1.1872803962915168,A,3,0.035309887473984974,0.11349876581242911,1.2446425959859244,Medium Risk
HOUSEHOLD_1_384,3168,0.8679452054794521,1.181332557964875,7,15333.119999999999,1.3610681302309955,A,3,0.018624995590673394,0.13011210616326782,1.2446211305261825,Medium Risk
FOODS_2_014,4873,1.3350684931506849,1.6767567149364058,19,13978.58,1.2559331027124732,A,3,0.028648864745376083,0.12006166154691605,1.2446131578876878,Medium Risk
HOBBIES_1_055,4124,1.12986301369863,1.470495889675651,12,37033.520000000004,1.301481570639216,A,3,0.024245417239879125,0.12441589405212707,1.2445983933876021,Medium Risk
HOUSEHOLD_1_202,10051,2.753698630136986,2.575235427780069,20,19900.98,0.9351914547206499,A,3,0.059090855644525965,0.08940017559513573,1.2445473093718986,Medium Risk
HOUSEHOLD_1_438,3312,0.9073972602739726,1.2246553951761774,10,24660.81,1.3496353237901713,A,3,0.019471586299340364,0.12901918032632226,1.2445472299876992,Medium Risk
FOODS_2_079,3379,0.9257534246575343,1.2453123039905765,13,13311.32,1.3451878986580657,A,3,0.01986548614295625,0.12859402611244505,1.2445378536766205,Medium Risk
HOUSEHOLD_1_387,10009,2.742191780821918,2.5690999831494112,20,29522.97,0.9368783033764962,A,3,0.0588439333544981,0.08956143088171245,1.2445216092708635,Medium Risk
FOODS_2_388,6880,1.884931506849315,2.128231666946324,15,20502.4,1.1290763930747212,A,3,0.04044822274742201,0.10793471998881142,1.2445148828208703,Medium Risk
HOUSEHOLD_1_491,3183,0.8720547945205479,1.1828278943427324,9,20434.86,1.3563687761077516,A,3,0.0187131821228262,0.1296628686497287,1.2445128152317666,Medium Risk
FOODS_2_122,3588,0.983013698630137,1.3088382286282916,12,17688.84,1.3314547197584348,A,3,0.02109421849095206,0.12728119482115277,1.2445126239936317,Medium Risk
FOODS_3_822,7350,2.0136986301369864,2.213669574870381,20,31037.38,1.0993052990852912,A,3,0.043211400754876714,0.10508873479842133,1.2444900406659896,Medium Risk
FOODS_3_825,3044,0.8339726027397261,1.137490783649933,10,12115.119999999999,1.3639426282267593,A,3,0.017895986924876834,0.13038689548503926,1.2444848647229751,Medium Risk
HOBBIES_1_029,3701,1.013972602739726,1.3416497124871283,11,33234.98,1.3231616996968436,A,3,0.02175855703316989,0.1264884187045856,1.244474092721327,Medium Risk
FOODS_3_242,3367,0.9224657534246575,1.2391549609815031,10,33158.6,1.3433072787592772,A,3,0.019794936917234,0.12841424715025423,1.2444627552202465,Medium Risk
HOBBIES_1_201,3453,0.946027397260274,1.265557328373732,19,19126.79,1.3377597012928242,A,3,0.020300539701576775,0.12788392322874592,1.2444553388790969,Medium Risk
FOODS_3_434,4272,1.1704109589041096,1.506176593868079,13,12301.56,1.2868784100230544,A,3,0.02511552435712018,0.12301989634840682,1.2444406262116583,Medium Risk
FOODS_2_193,2296,0.6290410958904109,0.8858872868286023,6,11825.380000000001,1.4083138488346685,A,3,0.013498418521523392,0.13462858834236174,1.2444381020591657,Medium Risk
FOODS_3_616,4812,1.3183561643835617,1.6516324864726073,15,11693.52,1.2527968777275595,A,3,0.02829023951462133,0.11976185228011638,1.2444156275384215,Medium Risk
FOODS_3_063,4153,1.1378082191780823,1.4713564103988794,15,10299.44,1.2931497466785238,A,3,0.024415911202041226,0.1236194084540672,1.2444105958968326,Medium Risk
HOBBIES_1_300,3258,0.8926027397260274,1.2033456004568408,9,30060.84,1.3481311975652144,A,3,0.01915411478359025,0.12887539249769145,1.2444088521843848,Medium Risk
HOUSEHOLD_1_033,5548,1.52,1.834853335691125,13,22023.56,1.2071403524283717,A,3,0.032617258692252515,0.11539728996701185,1.2444043645977796,Medium Risk
FOODS_3_034,5233,1.4336986301369863,1.7580769306173951,41,13121.77,1.2262527798114833,A,3,0.030765341517043517,0.11722435367196181,1.2443969085567017,Medium Risk
FOODS_2_392,2289,0.6271232876712329,0.8824457769938138,6,11399.220000000001,1.4071328466699082,A,3,0.01345726480651875,0.13451568974777467,1.2443918863662882,Medium Risk
HOBBIES_1_098,3136,0.8591780821917808,1.1641885726458792,8,43841.28,1.3550026435451081,A,3,0.01843686432208073,0.12953227240617873,1.244390741018478,Medium Risk
FOODS_3_221,2907,0.7964383561643835,1.0900473663066377,9,14476.86,1.368652523914423,A,3,0.017090549931214505,0.13083714072561162,1.244378307197048,Medium Risk
HOUSEHOLD_2_115,4633,1.2693150684931507,1.6024665223461407,9,17929.71,1.262465531310903,A,3,0.02723788023093113,0.12068613288999175,1.244377203936277,Medium Risk
FOODS_3_259,9970,2.7315068493150685,2.5492075143141193,22,16157.08,0.9332605242975461,A,3,0.058614648370900795,0.08921558716886634,1.2443490706619302,Medium Risk
HOBBIES_1_397,3076,0.8427397260273972,1.1435393608729165,9,12287.36,1.356930646029306,A,3,0.018084118193469494,0.12971658093441119,1.2443402097383645,Medium Risk
FOODS_2_381,7297,1.9991780821917808,2.1918780252737293,16,18231.0,1.0963895836986586,A,3,0.04289980834127012,0.10481000527599615,1.2443129440851801,Medium Risk
HOUSEHOLD_1_434,6821,1.8687671232876713,2.102481239922107,15,27079.370000000003,1.125063264289062,A,3,0.040101355720954295,0.10755108258888352,1.2442957314929515,Medium Risk
FOODS_3_258,11776,3.226301369863014,2.64451194512779,21,18864.3,0.819672944948746,A,3,0.06923230684209908,0.07835711590295592,1.2442768268235167,Medium Risk
FOODS_3_561,11342,3.107397260273973,2.6295900517945268,27,33799.159999999996,0.8462355571371911,A,3,0.06668077651181112,0.08089638439383603,1.2442731482716942,Medium Risk
FOODS_2_036,9770,2.6767123287671235,2.5226037905974956,29,34906.12,0.9424261858424625,A,3,0.05743882794219667,0.09009178395982811,1.2442591835706076,Medium Risk
FOODS_3_051,5405,1.4808219178082191,1.7928604131431367,21,10701.9,1.2107197979597502,A,3,0.031776547085729065,0.11573946916189558,1.2442548048742876,Medium Risk
FOODS_3_230,10154,2.7819178082191782,2.5536934265028957,28,38382.119999999995,0.9179614936710231,A,3,0.059696403165308595,0.08775306736338429,1.2442348411586082,Medium Risk
FOODS_3_006,2672,0.7320547945205479,1.0080451370682646,7,21055.36,1.3770077658305262,A,3,0.015708960927487154,0.1316358649768534,1.2442034477713024,Medium Risk
FOODS_3_083,5962,1.6334246575342466,1.9187041586995097,21,111476.04000000001,1.1746511538499178,A,3,0.03505120697967006,0.11229146597429088,1.2442028018861884,Medium Risk
HOUSEHOLD_1_081,2890,0.7917808219178082,1.0791826003327367,7,23062.2,1.3629814848493043,A,3,0.016990605194774654,0.13029501442016977,1.2441856858844835,Medium Risk
HOUSEHOLD_1_540,11231,3.076986301369863,2.615454985646738,18,19664.44,0.8500054044707145,A,3,0.06602819617388032,0.0812567651606647,1.2441854884003636,Medium Risk
FOODS_3_675,5131,1.4057534246575343,1.7216624093959745,15,9894.18,1.2247257443569104,A,3,0.03016567309840441,0.11707837582208977,1.2441732146761484,Medium Risk
HOBBIES_1_420,2672,0.7320547945205479,1.0072292252815118,8,15337.28,1.375893215672724,A,3,0.015708960927487154,0.13152931890084496,1.2441714839484999,Medium Risk
FOODS_2_106,3025,0.8287671232876712,1.1222822844153444,10,16476.58,1.354158789459837,A,3,0.01778428398414994,0.12945160367998462,1.2441707662992407,Medium Risk
HOBBIES_1_231,2706,0.7413698630136987,1.0183104603535058,7,18590.22,1.373552542605431,A,3,0.015908850400366856,0.13130556088619405,1.2441643233859685,Medium Risk
HOUSEHOLD_2_140,2745,0.7520547945205479,1.0301842990763033,11,19132.649999999998,1.369826117168855,A,3,0.01613813538396416,0.13094933106107062,1.2441262399335107,Medium Risk
HOBBIES_1_078,3057,0.8375342465753425,1.1311210638644686,11,39057.34,1.3505370896648055,A,3,0.0179724152527426,0.12910538516398526,1.2441233401250185,Medium Risk
HOUSEHOLD_1_484,3044,0.8339726027397261,1.1265970847209763,12,30348.680000000004,1.3508802099972284,A,3,0.017895986924876834,0.1291381859534001,1.2441102518634832,Medium Risk
FOODS_3_459,9031,2.4742465753424656,2.430738523991187,19,16978.28,0.9824156364265124,A,3,0.05309417145813491,0.09391459894185226,1.2441026311199963,Medium Risk
FOODS_3_247,2521,0.6906849315068493,0.9549718864075447,7,12399.62,1.3826447383528513,A,3,0.014821216503815536,0.13217473467115717,1.2440987853524919,Medium Risk
HOUSEHOLD_1_026,3644,0.9983561643835617,1.3112484388336698,19,10573.380000000001,1.3134074648032092,A,3,0.021423448210989217,0.12555595689916033,1.244093821533045,Medium Risk
HOUSEHOLD_1_236,9999,2.7394520547945205,2.526441094727386,20,24667.93,0.9222432238978857,A,3,0.05878514233306289,0.0881623818756163,1.2440842572626039,Medium Risk
HOUSEHOLD_1_177,9905,2.713698630136986,2.517998519428823,30,69035.85,0.9278843610212221,A,3,0.058232506731571945,0.08870164968739624,1.2440802469256906,Medium Risk
HOBBIES_1_332,2338,0.6405479452054794,0.8921568213863384,7,18423.44,1.3928025654662683,A,3,0.013745340811551258,0.1331457781115357,1.2440673356769263,Medium Risk
HOUSEHOLD_1_372,5994,1.6421917808219177,1.9173596809868252,24,11808.18,1.167561367300953,A,3,0.035239338248262725,0.11161371367104854,1.2440559155757935,Medium Risk
FOODS_2_342,9607,2.632054794520548,2.4870643462713513,20,56723.14,0.9449135904955169,A,3,0.05648053429280281,0.09032956886647661,1.244043030947784,Medium Risk
HOBBIES_1_200,2127,0.5827397260273972,0.8186495377755458,5,16760.76,1.4048287789754315,A,3,0.012504850259268403,0.13429543104520683,1.2440400843913428,Medium Risk
HOUSEHOLD_1_280,2863,0.7843835616438356,1.0655817534493077,9,14229.109999999999,1.358495773695415,A,3,0.016831869436899596,0.12986620023158577,1.244009420900546,Medium Risk
HOUSEHOLD_1_132,5152,1.4115068493150684,1.718781897719708,13,10094.45,1.2176929205506473,A,3,0.030289134243418343,0.11640606890564412,1.244008560944719,Medium Risk
HOUSEHOLD_1_350,3943,1.0802739726027397,1.3948462204242402,11,10803.820000000002,1.291196729532964,A,3,0.02318129975190189,0.12343270863461098,1.243984202515954,Medium Risk
FOODS_2_110,4437,1.2156164383561643,1.5322700247065881,12,10453.039999999999,1.2604880753164407,A,3,0.026085576210801084,0.12049709682444153,1.243974801910573,Medium Risk
HOUSEHOLD_1_329,4129,1.1312328767123287,1.4471733206188109,11,20397.260000000002,1.2792885977860644,A,3,0.024274812750596727,0.12229434379625727,1.2439707469640564,Medium Risk
FOODS_3_071,8828,2.4186301369863012,2.3946325491410105,18,11829.52,0.9900780249620174,A,3,0.051900713723000216,0.09464708946782369,1.2439643409572474,Medium Risk
HOUSEHOLD_1_194,4855,1.33013698630137,1.6419067423216995,13,24177.9,1.2343892089545219,A,3,0.028543040906792716,0.11800216038783082,1.2439635603883872,Medium Risk
HOUSEHOLD_1_316,2998,0.8213698630136986,1.1069838775712932,8,11872.08,1.3477288702919348,A,3,0.017625548226274882,0.12883693178604105,1.243938744003695,Medium Risk
HOUSEHOLD_1_534,2791,0.7646575342465753,1.0402743305995317,12,27826.27,1.3604447533816877,A,3,0.01640857408256611,0.1300525140877535,1.2439383264510961,Medium Risk
FOODS_3_277,7659,2.0983561643835618,2.22419061226535,14,14691.82,1.059968107425059,A,3,0.0450280433172246,0.10132827289076336,1.2439068948623966,Medium Risk
HOBBIES_1_037,3380,0.9260273972602739,1.2248038749113603,8,43422.8,1.3226432377001376,A,3,0.01987136524509977,0.12643885602593732,1.2438930663813113,Medium Risk
FOODS_3_505,8594,2.3545205479452056,2.359058064050981,25,31018.72,1.001927150777994,A,3,0.05052500382141639,0.09577981359960439,1.2438914452263063,Medium Risk
FOODS_2_245,4036,1.1057534246575342,1.4178112947982529,12,12027.28,1.2822128904890047,A,3,0.023728056251249307,0.1225738932722654,1.2438905848570547,Medium Risk
FOODS_3_419,4733,1.2967123287671234,1.6065142590902326,13,12976.44,1.2389133838325266,A,3,0.0278257904452832,0.11843465153868028,1.243878132595189,Medium Risk
HOUSEHOLD_2_044,9911,2.715342465753425,2.4988482313653204,17,34490.28,0.9202700075152274,A,3,0.058267781344433084,0.08797375109824296,1.243872459732803,Medium Risk
FOODS_3_639,7288,1.9967123287671233,2.159060049685714,16,14377.77,1.0813075166510504,A,3,0.042846896421978434,0.1033682262310876,1.24386453679592,Medium Risk
FOODS_3_712,4681,1.2824657534246575,1.5912698425351686,15,18957.739999999998,1.2407893452795056,A,3,0.027520077133820122,0.11861398517343823,1.2438402186921778,Medium Risk
FOODS_2_086,5738,1.5720547945205479,1.847394496623667,13,14562.66,1.1751463772527684,A,3,0.03373428809952144,0.11233880714593031,1.2438219285736356,Medium Risk
FOODS_3_502,5558,1.5227397260273972,1.805309653223775,14,13943.84,1.1855667927791973,A,3,0.032676049713687726,0.11333495287965635,1.2438033007780034,Medium Risk
FOODS_2_145,7020,1.9232876712328768,2.1069330898732526,17,16693.16,1.095485153566577,A,3,0.04127129704751491,0.10472354574707994,1.2437984528383788,Medium Risk
HOUSEHOLD_1_425,9031,2.4742465753424656,2.404212023878888,32,17791.07,0.9716945949682141,A,3,0.05309417145813491,0.09288971469585486,1.243795165846197,Medium Risk
FOODS_3_552,5785,1.584931506849315,1.856171978281125,13,11427.57,1.1711370303761637,A,3,0.03401060590026691,0.11195553127981653,1.2437898411540251,Medium Risk
HOUSEHOLD_1_469,4105,1.1246575342465754,1.4329138876254583,11,73724.15,1.274089084003148,A,3,0.024133714299152235,0.12179729322671277,1.2437793022577597,Medium Risk
FOODS_1_172,10241,2.805753424657534,2.515900608592539,17,20277.18,0.8966934109327963,A,3,0.06020788505179489,0.08571993252049022,1.2437783452716857,Medium Risk
HOUSEHOLD_1_488,4977,1.3635616438356164,1.6635760445074879,14,49515.93,1.220022616526488,A,3,0.02926029136830223,0.11662877755879969,1.2437667206781307,Medium Risk
FOODS_3_620,2492,0.6827397260273973,0.9371321480186346,7,17394.16,1.372605272980745,A,3,0.014650722541653439,0.13121500609085734,1.2437597185897535,Medium Risk
HOUSEHOLD_1_310,8982,2.4608219178082194,2.3945503999801514,17,62604.54,0.9730693564826934,A,3,0.05280609545310241,0.09302113582911639,1.243748169384666,Medium Risk
HOUSEHOLD_1_495,4105,1.1246575342465754,1.431574497457168,12,13750.740000000002,1.2728981524284197,A,3,0.024133714299152235,0.1216834454243563,1.2437451479170527,Medium Risk
HOUSEHOLD_1_453,10267,2.8128767123287672,2.511535174440699,26,23560.5,0.8928706912154039,A,3,0.06036074170752643,0.08535449738711642,1.243714571728393,Medium Risk
HOBBIES_1_279,3152,0.8635616438356164,1.1483606458002351,10,12082.16,1.3297957985948154,A,3,0.018530929956377062,0.1271226092795747,1.2436960617707857,Medium Risk
FOODS_3_818,11259,3.0846575342465754,2.5603615044921555,24,33551.82,0.8300310410690441,A,3,0.0661928110338989,0.07934730417650313,1.2436620345631209,Medium Risk
HOUSEHOLD_2_199,3443,0.9432876712328767,1.2358556336193112,16,13530.990000000002,1.3101577295121944,A,3,0.02024174868014157,0.12524529654807615,1.2436461135684655,Medium Risk
FOODS_2_274,9302,2.5484931506849313,2.4190889660544013,20,64927.96000000001,0.9492232558695513,A,3,0.054687408139029,0.0907415538554862,1.2436286885983547,Medium Risk
FOODS_2_182,5147,1.41013698630137,1.6983399864715985,15,10338.33,1.2043794347428276,A,3,0.030259738732700745,0.11513335842160964,1.2436179291462932,Medium Risk
HOUSEHOLD_2_201,2435,0.6671232876712329,0.9146286528576858,8,15741.36,1.3710039354950938,A,3,0.01431561371947276,0.13106192529474694,1.2436132617042661,Medium Risk
HOUSEHOLD_1_324,4590,1.2575342465753425,1.5561050138026322,12,27378.48,1.2374255556382587,A,3,0.026985078838759745,0.11829242172985181,1.2435832501705837,Medium Risk
HOBBIES_1_073,2145,0.5876712328767123,0.8154518315850217,6,11733.15,1.3875986877787083,A,3,0.012610674097851776,0.13264831037196737,1.2435776953409459,Medium Risk
HOUSEHOLD_1_516,9711,2.6605479452054794,2.45230854174511,17,18556.19,0.9217306330315778,A,3,0.05709196091572895,0.0881133804511218,1.2435616024100553,Medium Risk
FOODS_3_287,2562,0.701917808219178,0.955531784283616,12,17605.24,1.3613157738622945,A,3,0.015062259691699883,0.13013577980144253,1.243559411847943,Medium Risk
HOUSEHOLD_1_283,11004,3.0147945205479454,2.5355353943078764,28,16285.92,0.8410309150512312,A,3,0.06469363998730114,0.08039884358115439,1.2435277450705369,Medium Risk
HOUSEHOLD_1_005,4334,1.1873972602739726,1.4854570678610584,11,43209.98,1.2510194503213805,A,3,0.02548002869001846,0.119591938064778,1.2435215900264391,Medium Risk
FOODS_3_224,5276,1.4454794520547944,1.724173272959367,17,22395.38,1.1928037237114653,A,3,0.031018142909214903,0.11402677153651938,1.2435134743337206,Medium Risk
FOODS_2_030,5265,1.4424657534246574,1.7205747833651046,12,23064.0,1.1928011318675464,A,3,0.030953472785636173,0.11402652376767987,1.243493998965995,Medium Risk
FOODS_3_768,8830,2.419178082191781,2.355070536213657,15,16745.0,0.9735002782763135,A,3,0.05191247192728727,0.09306233005070913,1.2434924405933991,Medium Risk
HOUSEHOLD_1_003,3416,0.9358904109589041,1.222673164566541,10,30641.520000000004,1.3064277080409468,A,3,0.02008301292226651,0.12488872295790923,1.243491520764053,Medium Risk
FOODS_2_375,2568,0.7035616438356165,0.9548958954663306,8,12676.54,1.3572313155966147,A,3,0.015097534304561008,0.12974532361803798,1.2434528573767798,Medium Risk
HOUSEHOLD_1_027,10056,2.755068493150685,2.4691592479737694,22,60034.32,0.8962242696006621,A,3,0.05912025115524357,0.08567508467969781,1.2434386007504827,Medium Risk
FOODS_3_532,11201,3.0687671232876714,2.5340508944943974,17,33378.979999999996,0.825755357995228,A,3,0.06585182310957471,0.07893856774541322,1.2434371172564966,Medium Risk
FOODS_3_156,6743,1.8473972602739726,2.0318106189634384,18,27192.34,1.099823336677525,A,3,0.039642785753759686,0.10513825690587517,1.2434343127978906,Medium Risk
HOBBIES_1_226,2851,0.781095890410959,1.0456942496776072,8,39856.98,1.3387527223161226,A,3,0.01676132021117735,0.12797885165586576,1.243422051560113,Medium Risk
HOUSEHOLD_1_077,3242,0.8882191780821918,1.1673358143402277,8,20813.64,1.3142429741955062,A,3,0.01906004914929392,0.12563582790953545,1.243408763117649,Medium Risk
FOODS_3_535,3547,0.9717808219178082,1.2587967720870197,10,22133.28,1.2953504984825548,A,3,0.020853175303067715,0.12382979061349407,1.2434048897749688,Medium Risk
HOBBIES_1_249,2790,0.7643835616438356,1.0254863844782427,7,13615.2,1.3415861302313927,A,3,0.01640269498042259,0.12824971294729345,1.243395722378315,Medium Risk
HOBBIES_1_324,2628,0.72,0.9723274464887833,7,38684.16,1.350454786789977,A,3,0.015450280433172245,0.12909751737239614,1.2433643393416707,Medium Risk
HOUSEHOLD_2_335,2868,0.7857534246575343,1.0494043225543357,9,17896.32,1.3355389739621077,A,3,0.0168612649476172,0.1276716314971301,1.2433598689334242,Medium Risk
HOUSEHOLD_1_426,4553,1.2473972602739727,1.5353333958235977,12,11788.9,1.2308295398102638,A,3,0.026767552059449484,0.11766187172827251,1.2433288271363168,Medium Risk
FOODS_3_776,6529,1.7887671232876712,1.9837749275103231,17,19440.42,1.109017994396183,A,3,0.03838465789504627,0.10601722560307178,1.2433205650494354,Medium Risk
FOODS_3_482,4129,1.1312328767123287,1.4213788183136364,10,12302.5,1.2564864826458642,A,3,0.024274812750596727,0.12011456222620077,1.2433168124930394,Medium Risk
HOBBIES_1_367,3312,0.9073972602739726,1.1855414094564245,8,27390.0,1.3065296330060234,A,3,0.019471586299340364,0.12489846653472378,1.2433110158502196,Medium Risk
HOUSEHOLD_1_511,4875,1.3356164383561644,1.6158869614681355,10,29682.48,1.2098435711505013,A,3,0.028660622949663126,0.11565570574616653,1.243294898608749,Medium Risk
HOUSEHOLD_1_213,4113,1.126849315068493,1.4159825257838106,10,18426.24,1.2565855140070288,A,3,0.024180747116300395,0.12012402918725228,1.243291432891066,Medium Risk
FOODS_3_023,4175,1.143835616438356,1.4320726557543224,10,16616.5,1.2519916631145573,A,3,0.024545251449198675,0.11968487731693553,1.2432690386298404,Medium Risk
FOODS_3_679,5449,1.4928767123287672,1.751037338443982,13,21142.12,1.1729282960764422,A,3,0.03203522758004398,0.11212676837499537,1.243248598786512,Medium Risk
FOODS_2_059,7778,2.130958904109589,2.1932781565568678,15,45864.68,1.0292446993356348,A,3,0.04572765647230355,0.09839125067546092,1.2432356721443296,Medium Risk
FOODS_3_513,4458,1.2213698630136987,1.5044588110833568,14,20054.34,1.2317798699987106,A,3,0.02620903735581502,0.11775271909999693,1.2431885269367438,Medium Risk
FOODS_3_489,8148,2.232328767123288,2.2409640247758706,18,15495.24,1.0038682732488864,A,3,0.04790292426540619,0.09596537634065966,1.2431604901818198,Medium Risk
FOODS_3_132,4172,1.143013698630137,1.4266909982634366,11,11180.960000000001,1.2481836394203125,A,3,0.024527614142768113,0.1193208470585136,1.2431545383603846,Medium Risk
FOODS_1_051,3881,1.0632876712328767,1.3461454515970246,13,15019.47,1.2660218753746817,A,3,0.02281679541900361,0.12102610368653148,1.2431528697316607,Medium Risk
FOODS_3_131,9968,2.730958904109589,2.4348908072098934,19,9968.0,0.8915882269578762,A,3,0.058602890166613755,0.08523189946426467,1.2431504368892639,Medium Risk
FOODS_3_617,7629,2.0901369863013697,2.16409228191251,22,21208.62,1.0353829897733204,A,3,0.04485167025291897,0.0989780441499019,1.2431489143208465,Medium Risk
HOBBIES_1_153,5613,1.5378082191780822,1.7815228432242924,13,35689.54,1.1584818061230477,A,3,0.03299940033158136,0.11074574769516825,1.243123544408025,Medium Risk
FOODS_2_078,4667,1.2786301369863013,1.5553753317991224,17,46529.990000000005,1.216438817455924,A,3,0.027437769703810833,0.1162861821847842,1.2431171855665788,Medium Risk
FOODS_2_092,4824,1.3216438356164384,1.5940756082884102,12,17190.36,1.2061310054421015,A,3,0.028360788740343576,0.1153008008498867,1.2430984768770692,Medium Risk
HOUSEHOLD_1_185,5908,1.6186301369863014,1.8440971243617252,18,16824.25,1.1392949397292311,A,3,0.03473373546391995,0.10891156794933216,1.243093591023976,Medium Risk
HOUSEHOLD_1_497,7545,2.0671232876712327,2.144962602035941,15,115478.40000000001,1.0376558644706675,A,3,0.044357825672863234,0.09919532093961472,1.2430659439837437,Medium Risk
FOODS_3_523,9294,2.5463013698630137,2.367721358381957,26,18402.12,0.9298668988696087,A,3,0.05464037532188084,0.08889117155575282,1.2430594640632904,Medium Risk
FOODS_3_551,4282,1.1731506849315068,1.451562766878821,11,20076.18,1.237319967096613,A,3,0.025174315378555384,0.11828232793128649,1.2430369929929528,Medium Risk
HOBBIES_1_364,2527,0.6923287671232877,0.9310992400757703,7,32295.059999999998,1.344880184517832,A,3,0.014856491116676663,0.12856460999873792,1.2430263303346245,Medium Risk
FOODS_3_103,3713,1.0172602739726027,1.2918693611787342,12,12178.64,1.269949681740474,A,3,0.02182910625889214,0.12140158463969142,1.2429692072695753,Medium Risk
HOUSEHOLD_1_458,4130,1.1315068493150684,1.407110774724403,12,10046.88,1.243572476451349,A,3,0.024280691852740247,0.11888004023009122,1.2429482196248496,Medium Risk
HOUSEHOLD_1_457,6863,1.8802739726027398,2.0218510173400075,17,69971.61,1.0752959658008199,A,3,0.04034827801098216,0.102793548501841,1.2429425479538472,Medium Risk
HOUSEHOLD_1_241,2850,0.7808219178082192,1.0320511115812165,9,22629.0,1.3217496692180493,A,3,0.016755441109033826,0.12635343482282246,1.2429326627795572,Medium Risk
FOODS_3_793,6266,1.7167123287671233,1.907786510364096,17,18660.68,1.111302387939507,A,3,0.03683845403130034,0.10623560354362145,1.2429222172724768,Medium Risk
HOUSEHOLD_1_164,4907,1.3443835616438355,1.6058701121011936,14,14177.890000000001,1.1945029364518762,A,3,0.028848754218255786,0.11418920877501149,1.2429113888979804,Medium Risk
HOUSEHOLD_2_159,3149,0.8627397260273972,1.1235334343554155,11,12375.570000000002,1.3022854986971315,A,3,0.0185132926499465,0.12449274602631984,1.24290181160288,Medium Risk
FOODS_3_201,7988,2.1884931506849314,2.1984521269619197,30,20035.58,1.0045506088396354,A,3,0.04696226792244288,0.0960306046116408,1.2428978617602253,Medium Risk
HOUSEHOLD_1_319,10017,2.7443835616438355,2.4137923471031764,16,19193.79,0.8795389904089642,A,3,0.05889096617164626,0.08408004562960594,1.2428913035403757,Medium Risk
FOODS_3_126,7998,2.191232876712329,2.19696840452308,17,30232.44,1.0026174889358892,A,3,0.04702105894387809,0.0958458068806853,1.2428600597473694,Medium Risk
FOODS_3_674,6231,1.7071232876712328,1.8966092253595557,22,18510.82,1.1109972191562154,A,3,0.03663268545627711,0.10620643075480403,1.2428517348633246,Medium Risk
HOUSEHOLD_1_023,2373,0.6501369863013698,0.8763237149358473,6,21285.81,1.3479062619114381,A,3,0.013951109386574482,0.12885388964194602,1.2428414997085564,Medium Risk
HOUSEHOLD_1_251,5406,1.481095890410959,1.7190432769442523,25,10703.88,1.1606563005635442,A,3,0.03178242618787259,0.11095361976652833,1.2428208137863204,Medium Risk
FOODS_3_232,6720,1.841095890410959,1.9862390123563138,20,20160.0,1.078835177842343,A,3,0.03950756640445871,0.10313188155266545,1.2427918343871376,Medium Risk
FOODS_3_115,4485,1.2287671232876711,1.4943008065766774,24,20047.61,1.216097646377898,A,3,0.026367773113690075,0.11625356773548665,1.2427864022547532,Medium Risk
HOUSEHOLD_1_171,2783,0.7624657534246575,1.0068357494762752,7,24947.910000000003,1.320499635497091,A,3,0.016361541265417945,0.1262339371161343,1.2427786435144659,Medium Risk
FOODS_3_599,5655,1.5493150684931507,1.77152218259571,13,10031.1,1.143422805742589,A,3,0.033246322621609224,0.10930617372183424,1.2427657489030333,Medium Risk
HOUSEHOLD_1_239,2868,0.7857534246575343,1.0330864045871897,11,11385.960000000001,1.314771749213125,A,3,0.0168612649476172,0.12568637646746636,1.2427642924245252,Medium Risk
HOUSEHOLD_1_232,2432,0.6663013698630137,0.893868622875378,6,10287.36,1.3415380236410896,A,3,0.0142979764130422,0.12824511416957937,1.2427629271747866,Medium Risk
HOUSEHOLD_1_048,6454,1.7682191780821919,1.9345209874769098,17,18329.36,1.0940504499985622,A,3,0.03794372523428222,0.10458639441805523,1.2427590358957015,Medium Risk
HOBBIES_1_330,4663,1.2775342465753425,1.5378532271174128,14,36345.3,1.2037667336432676,A,3,0.02741425329523675,0.11507478690065369,1.2427467120587674,Medium Risk
HOBBIES_1_204,3043,0.8336986301369863,1.0863077004128245,10,30036.34,1.3029980632621787,A,3,0.01789010782273331,0.12456086405382803,1.2427352915629686,Medium Risk
HOUSEHOLD_1_102,4199,1.1504109589041096,1.4167715204379445,11,75379.95,1.2315351392232667,A,3,0.024686349900643174,0.11772932391798605,1.242724702145589,Medium Risk
HOUSEHOLD_1_218,6051,1.6578082191780823,1.8515473494395451,22,11585.92,1.116864621625242,A,3,0.0355744470704434,0.10676732853500777,1.2427025326816354,Medium Risk
FOODS_3_411,3881,1.0632876712328767,1.3291409486062957,11,11565.38,1.250029493020608,A,3,0.02281679541900361,0.11949730251600987,1.2426942293805041,Medium Risk
HOUSEHOLD_1_486,2259,0.6189041095890411,0.83511840505565,7,41488.35,1.3493502339323253,A,3,0.013280891742213129,0.12899192699415893,1.2426818456209119,Medium Risk
HOBBIES_1_132,3010,0.8246575342465754,1.0743503995500612,7,11979.8,1.302783707095589,A,3,0.01769609745199713,0.12454037255036499,1.2426709410007089,Medium Risk
HOBBIES_1_079,2325,0.636986301369863,0.8566805563256826,5,18321.0,1.3448963572424695,A,3,0.013668912483685491,0.1285661560398348,1.2426705205570563,Medium Risk
HOUSEHOLD_1_131,4194,1.149041095890411,1.4123638414632942,10,20686.84,1.2291673870627144,A,3,0.02465695438992557,0.11750297726153337,1.242647979495438,Medium Risk
HOBBIES_1_337,6307,1.727945205479452,1.8985541793123384,18,23146.69,1.0987351759140693,A,3,0.03707949721918468,0.10503423353949644,1.2426341192276047,Medium Risk
FOODS_3_203,7062,1.934794520547945,2.035616081137687,17,32163.260000000002,1.0521096992569468,A,3,0.04151821933754277,0.10057704375304914,1.2426285789271776,Medium Risk
HOUSEHOLD_1_489,4272,1.1704109589041096,1.4321222261330107,11,42591.840000000004,1.2236063027587754,A,3,0.02511552435712018,0.11697136214597394,1.2426260659509283,Medium Risk
FOODS_2_101,5667,1.5526027397260274,1.766314958378913,14,33888.66,1.1376477145020352,A,3,0.033316871847331474,0.10875410048765603,1.2426212917004964,Medium Risk
FOODS_3_770,2832,0.7758904109589041,1.0178831703977094,11,11271.36,1.311890385576144,A,3,0.016649617270450456,0.1254109308206961,1.2426181644273442,Medium Risk
HOBBIES_1_327,2546,0.6975342465753425,0.9273526602574038,6,20062.48,1.3294725883501666,A,3,0.014968194057403553,0.12709171180667767,1.2426179717592247,Medium Risk
FOODS_3_609,5656,1.5495890410958904,1.763141114341783,12,16852.48,1.1378120698987815,A,3,0.03325220172375275,0.10876981213820092,1.2426066041585861,Medium Risk
FOODS_3_450,3966,1.0865753424657534,1.3492222612570282,12,11898.0,1.2417199328260597,A,3,0.023316519101202863,0.11870294523573204,1.2426058393010806,Medium Risk
FOODS_3_356,4547,1.2457534246575341,1.5013065633366214,11,13561.539999999999,1.2051394229555021,A,3,0.026732277446588355,0.1152060099405263,1.2425814862161346,Medium Risk
FOODS_3_028,3539,0.9695890410958904,1.22855675827091,9,13731.32,1.2670901858403,A,3,0.02080614248591955,0.12112822945204646,1.2425803115813898,Medium Risk
HOBBIES_1_129,2438,0.667945205479452,0.8914117176598165,7,11897.44,1.3345581499008738,A,3,0.014333251025903323,0.12757786904575222,1.2425733360214968,Medium Risk
FOODS_3_035,3271,0.8961643835616439,1.1490277684428476,8,13191.38,1.2821618327167208,A,3,0.019230543111456017,0.12256901237457901,1.2425398666458107,Medium Risk
FOODS_2_038,2730,0.7479452054794521,0.9832956131413341,7,16584.87,1.3146626329545308,A,3,0.016049948851811352,0.12567594543473037,1.2425177682859627,Medium Risk
FOODS_2_162,4274,1.1709589041095891,1.4276486871305594,12,12602.81,1.2192133149336783,A,3,0.025127282561407224,0.11655141189838718,1.2425036083379384,Medium Risk
HOUSEHOLD_1_385,10841,2.97013698630137,2.4214570721551443,16,21356.77,0.8152678086307791,A,3,0.06373534633790727,0.07793600431306827,1.242501405195293,Medium Risk
FOODS_3_388,3867,1.0594520547945205,1.3177227447943751,18,15386.699999999999,1.2437776101627798,A,3,0.02273448798899432,0.11889965010754447,1.2424902414289618,Medium Risk
HOUSEHOLD_1_166,2948,0.8076712328767123,1.0499951330949138,7,14563.12,1.3000278954533364,A,3,0.017331593119098848,0.12427692912016589,1.2424825566717796,Medium Risk
HOUSEHOLD_1_541,7927,2.171780821917808,2.1574939930701102,16,55250.19,0.9934216064975278,A,3,0.046603642691688124,0.09496672110569036,1.2424711091392135,Medium Risk
HOBBIES_1_057,2660,0.7287671232876712,0.9597945924247505,10,12980.8,1.317011376823436,A,3,0.015638411701764904,0.12590047498239487,1.242461666005248,Medium Risk
FOODS_3_229,4631,1.2687671232876712,1.516813546789264,11,17505.18,1.1955019317168676,A,3,0.027226122026644088,0.1142847083132698,1.2424532491019742,Medium Risk
FOODS_3_392,3185,0.8726027397260274,1.1207894041500777,12,12676.3,1.2844211381939665,A,3,0.01872494032711324,0.12278499200673802,1.2424529797001556,Medium Risk
HOUSEHOLD_1_067,4829,1.323013698630137,1.565257813359896,14,19171.13,1.1831002316760448,A,3,0.028390184251061178,0.11309916052438528,1.2424468034326341,Medium Risk
HOUSEHOLD_1_165,3011,0.824931506849315,1.0681275550207752,10,54027.82,1.2948075642065193,A,3,0.01770197655414065,0.12377788849295054,1.2424439595141277,Medium Risk
FOODS_2_173,7182,1.9676712328767123,2.042987270390373,18,64494.36,1.038276738641724,A,3,0.04222371159476525,0.0992546737701338,1.2424435156094698,Medium Risk
FOODS_2_082,6774,1.855890410958904,1.9713068057458591,14,39987.240000000005,1.0621892295501012,A,3,0.039825037920208826,0.10154060236297428,1.242409692084955,Medium Risk
HOUSEHOLD_1_478,6289,1.723013698630137,1.881452857022146,17,16791.63,1.0919546713516988,A,3,0.03697367338060131,0.10438604722915358,1.2424079161829265,Medium Risk
HOUSEHOLD_1_383,3967,1.0868493150684932,1.341770361385303,14,13368.76,1.234550496359051,A,3,0.023322398203346386,0.11801757875186034,1.2424019930865622,Medium Risk
FOODS_3_053,5861,1.6057534246575342,1.7950389275615393,14,23326.78,1.117879557345098,A,3,0.03445741766317448,0.10686435191039778,1.242396530872072,Medium Risk
FOODS_3_098,4005,1.0972602739726027,1.35082900388476,13,18056.15,1.2310926002944753,A,3,0.023545804084800167,0.11768701914954326,1.242369846970303,Medium Risk
HOUSEHOLD_1_282,3752,1.027945205479452,1.2811372197330988,10,14932.96,1.2463088624802268,A,3,0.022058391242489445,0.11914162665738683,1.242360005369963,Medium Risk
FOODS_3_715,3362,0.9210958904109589,1.1693157952429956,8,13380.76,1.269483239927702,A,3,0.019765541406516395,0.12135699486103568,1.2423367608802658,Medium Risk
HOUSEHOLD_1_445,5819,1.5942465753424657,1.7829679852470877,13,11402.68,1.1183765502924679,A,3,0.03421049537314661,0.10691186224268336,1.242336707284749,Medium Risk
FOODS_3_346,9463,2.5926027397260274,2.317684953682285,16,18736.739999999998,0.8939606975526091,A,3,0.05563394358413583,0.08545869718220017,1.242327792229901,Medium Risk
HOBBIES_1_005,3473,0.9515068493150685,1.2008967956572663,8,9898.59,1.2621000011946508,A,3,0.020418121744447185,0.1206511898241486,1.2423207934705789,Medium Risk
FOODS_3_092,5211,1.4276712328767123,1.6479227983503812,12,20672.36,1.1542733091496626,A,3,0.03063600126988606,0.11034343395875305,1.2422938305685918,Medium Risk
HOUSEHOLD_1_411,6497,1.78,1.9137571499954436,13,21310.16,1.075144466289575,A,3,0.038196526626453606,0.10277906581721048,1.2422926777330994,Medium Risk
HOUSEHOLD_1_421,4899,1.3421917808219177,1.5741125176029778,12,29186.920000000002,1.17279254730575,A,3,0.028801721401107618,0.11211379139164566,1.2422746538378262,Medium Risk
FOODS_3_604,5088,1.3939726027397261,1.618225482618322,13,12765.66,1.160873233403474,A,3,0.029912871706233024,0.11097435758859052,1.2422661687884473,Medium Risk
HOBBIES_1_086,2729,0.7476712328767123,0.9760920068194273,7,22565.3,1.3055096463506448,A,3,0.01604406974966783,0.12480096031219015,1.2422535090185576,Medium Risk
HOUSEHOLD_1_013,3684,1.0093150684931507,1.2574451654500864,9,18198.960000000003,1.2458400797754656,A,3,0.021658612296730044,0.11909681309978846,1.2422266276189557,Medium Risk
HOUSEHOLD_1_413,4870,1.3342465753424657,1.5649121931036492,10,87411.63,1.1728808018127965,A,3,0.02863122743894552,0.11212222813300722,1.2422260366715858,Medium Risk
FOODS_2_196,3767,1.032054794520548,1.2798638241400178,9,14841.98,1.2401122798277315,A,3,0.022146577774642257,0.11854926070448328,1.2422087515437379,Medium Risk
FOODS_3_460,9113,2.4967123287671233,2.2741930679148905,21,17715.04,0.9108750902984034,A,3,0.05357625783390361,0.08707563847686886,1.2421955688932318,Medium Risk
HOUSEHOLD_1_225,10548,2.8898630136986303,2.3757547693099235,17,18371.76,0.8220994414089136,A,3,0.06201276940985573,0.07858907825518331,1.242180554299512,Medium Risk
FOODS_2_201,6653,1.8227397260273972,1.933273903641267,16,34337.69,1.0606417778882646,A,3,0.03911366656084283,0.10139267281379497,1.2421519018123917,Medium Risk
FOODS_3_217,5694,1.56,1.74657477110973,15,16962.12,1.1195992122498268,A,3,0.033475607605206535,0.10702874332957699,1.2421513052804354,Medium Risk
HOUSEHOLD_1_505,9987,2.736164383561644,2.340027047493422,14,24667.890000000003,0.8552216604937409,A,3,0.058714593107340646,0.0817554162144717,1.2421410027965438,Medium Risk
HOUSEHOLD_1_449,3820,1.0465753424657533,1.291887348740727,14,58432.65,1.2343949798177105,A,3,0.02245817018824885,0.11800271205688188,1.2421382646735393,Medium Risk
FOODS_3_424,3668,1.004931506849315,1.2498189765196819,15,14229.08,1.2436857318148418,A,3,0.021564546662433712,0.11889086694298753,1.2421366240816265,Medium Risk
FOODS_3_429,3863,1.0583561643835617,1.303553561370858,12,23100.74,1.2316775819320815,A,3,0.02271097158042024,0.11774294081227653,1.2421361737178092,Medium Risk
HOUSEHOLD_1_346,2779,0.7613698630136986,0.9881669240270116,7,10949.26,1.2978802708523183,A,3,0.016338024856843863,0.12407162568686965,1.2421228951631142,Medium Risk
HOBBIES_1_329,3084,0.8449315068493151,1.0805121489089806,12,12243.480000000001,1.2788162592470103,A,3,0.018131151010617658,0.12224919031659422,1.2421141023981639,Medium Risk
FOODS_3_606,4423,1.2117808219178081,1.44974208162077,13,12737.94,1.1963731851494033,A,3,0.026003268780791795,0.1143679962961351,1.2421113795230783,Medium Risk
FOODS_3_665,5054,1.3846575342465754,1.60278095040599,11,15045.92,1.157528782940614,A,3,0.029712982233353325,0.11065464288510424,1.2421102875355374,Medium Risk
HOUSEHOLD_1_467,2844,0.7791780821917809,1.007782478129385,7,33247.47,1.2933917177117633,A,3,0.016720166496172705,0.1236425398169035,1.2421088118939232,Medium Risk
FOODS_1_194,5540,1.5178082191780822,1.7113858285113381,22,26924.4,1.1275375945968202,A,3,0.03257022587510435,0.10778761764582545,1.2421073530562792,Medium Risk
HOBBIES_1_247,2746,0.7523287671232877,0.976863791958946,7,46352.479999999996,1.2984533287145494,A,3,0.01614401448610768,0.12412640748930276,1.2420811265926235,Medium Risk
FOODS_1_183,6302,1.7265753424657535,1.8622854053968119,16,18779.96,1.0786007187715587,A,3,0.037050101708467086,0.10310946830028575,1.242047871002626,Medium Risk
FOODS_3_183,5511,1.5098630136986302,1.7010100437540872,19,16435.9,1.1265989221016908,A,3,0.03239973191294226,0.10769788469813084,1.242029284983322,Medium Risk
HOUSEHOLD_1_515,5227,1.432054794520548,1.6360934419836521,16,12910.69,1.1424796371226957,A,3,0.030730066904182392,0.10921601096445589,1.2419838233605918,Medium Risk
HOUSEHOLD_1_509,4086,1.1194520547945206,1.3572495384799061,10,12951.52,1.2124231070611007,A,3,0.02402201135842534,0.11590229799441416,1.241977292805852,Medium Risk
HOBBIES_1_228,3879,1.0627397260273972,1.3018771996655347,10,26648.73,1.225019793446559,A,3,0.022805037214716568,0.1171064856172718,1.2419734568495966,Medium Risk
FOODS_2_396,4449,1.2189041095890412,1.4501958946153486,11,13047.72,1.1897538807251118,A,3,0.026156125436523334,0.1137352200075343,1.2419674036332176,Medium Risk
FOODS_2_385,7382,2.0224657534246577,2.040166531457884,13,17344.76,1.008752078003424,A,3,0.04339953202346938,0.09643224652047588,1.2419495335631838,Medium Risk
FOODS_2_119,5901,1.6167123287671232,1.7771717478050006,15,15176.52,1.0992504456004495,A,3,0.034692581748915305,0.10508349104736683,1.241932821838885,Medium Risk
FOODS_3_265,4732,1.2964383561643835,1.5175283248329683,10,18833.36,1.1705364297633842,A,3,0.027819911343139676,0.11189811651199119,1.2419154083565394,Medium Risk
HOUSEHOLD_1_143,8996,2.4646575342465753,2.2340412280890924,19,17722.12,0.906430689475899,A,3,0.05288840288311169,0.08665077337364169,1.2418617528770262,Medium Risk
HOUSEHOLD_1_307,8438,2.311780821917808,2.17393774595374,16,24378.56,0.9403736398117032,A,3,0.04960786388702717,0.08989556961821847,1.241851030051574,Medium Risk
HOUSEHOLD_1_087,3953,1.083013698630137,1.315615142596696,10,17669.91,1.2147723932400556,A,3,0.023240090773337097,0.11612687938452591,1.241810091047359,Medium Risk
HOUSEHOLD_2_312,4004,1.096986301369863,1.328654914967757,10,15895.880000000001,1.2111864234845935,A,3,0.02353992498265665,0.11578407650261452,1.2417972004455817,Medium Risk
FOODS_3_439,9367,2.5663013698630137,2.2602923795678898,16,27913.66,0.8807587472427455,A,3,0.055069549778357846,0.08419664899950734,1.2417798596333598,Medium Risk
HOUSEHOLD_1_103,3601,0.9865753424657534,1.2176583054832169,13,17521.34,1.2342273854523025,A,3,0.02117064681881783,0.11798669077522816,1.241747201278214,Medium Risk
FOODS_3_520,4049,1.1093150684931508,1.338489727771062,12,16115.02,1.2065911351850767,A,3,0.02380448457911508,0.11534478722252824,1.2417447815404932,Medium Risk
FOODS_3_565,6599,1.807945205479452,1.8962085599950191,17,16497.5,1.0488197066194604,A,3,0.03879619504509271,0.10026253497731848,1.2417176190067236,Medium Risk
HOUSEHOLD_1_537,4050,1.1095890410958904,1.3365208023755908,10,64548.8,1.2045187478199768,A,3,0.0238103636812586,0.11514667613692554,1.2416871119454556,Medium Risk
FOODS_2_311,5981,1.6386301369863014,1.7789883187896314,15,17028.41,1.085655803976284,A,3,0.03516290992039696,0.1037839033081735,1.2416840439685715,Medium Risk
FOODS_2_081,5519,1.512054794520548,1.6805734438913156,11,13010.119999999999,1.111450094256804,A,3,0.03244676473009042,0.10624972361565184,1.2416089465037228,Medium Risk
FOODS_3_140,6819,1.8682191780821917,1.9262657410920438,17,20206.95,1.0310705316008153,A,3,0.040089597516667255,0.09856579218168454,1.2415966169095058,Medium Risk
FOODS_3_250,4816,1.3194520547945205,1.5227802406477082,10,19167.68,1.154100473082254,A,3,0.02831375592319541,0.11032691159352237,1.2415922002550155,Medium Risk
FOODS_3_172,6473,1.7734246575342465,1.865703660411742,20,11521.94,1.0520343520010595,A,3,0.03805542817500911,0.10056984088793214,1.2415875807188825,Medium Risk
HOUSEHOLD_1_256,4771,1.3071232876712329,1.511870885631655,13,28482.87,1.1566398517198786,A,3,0.02804919632673698,0.11056966498370813,1.2415856583931337,Medium Risk
HOUSEHOLD_2_483,4836,1.324931506849315,1.5270136495485425,13,24034.92,1.1525227090265053,A,3,0.028431337966065822,0.1101760843132691,1.2415822266838008,Medium Risk
FOODS_2_184,6915,1.8945205479452054,1.9375273341866552,11,31204.809999999998,1.0227006174665643,A,3,0.04065399132244523,0.09776566533114381,1.2415258969960767,Medium Risk
HOUSEHOLD_1_291,4921,1.3482191780821917,1.544126986829296,10,18167.52,1.1453085758843589,A,3,0.028931061648265075,0.10948644502452343,1.2415252520018367,Medium Risk
HOUSEHOLD_1_498,7092,1.943013698630137,1.9644795071433157,15,23261.76,1.0110476876865626,A,3,0.04169459240184839,0.09665169667448929,1.2415038867229016,Medium Risk
FOODS_2_047,4738,1.2980821917808218,1.5001312243087015,10,13562.15,1.1556519562530099,A,3,0.027855185956000797,0.11047522653716127,1.2414991237479487,Medium Risk
HOUSEHOLD_2_197,3065,0.8397260273972603,1.0567923210703347,12,12168.050000000001,1.2584965650592892,A,3,0.018019448069890767,0.12030671723340683,1.2414978495909896,Medium Risk
FOODS_3_537,3952,1.0827397260273972,1.303389829908596,9,15728.96,1.203788683999589,A,3,0.023234211671193574,0.11507688525783992,1.2414933290787102,Medium Risk
HOBBIES_1_373,3062,0.838904109589041,1.0544605195264016,7,45072.64,1.256949998782288,A,3,0.0180018107634602,0.12015887232311012,1.2414482049259712,Medium Risk
FOODS_3_569,3881,1.0632876712328767,1.282551554298753,9,15446.38,1.206213134035158,A,3,0.02281679541900361,0.11530865198090759,1.2414376342199736,Medium Risk
HOUSEHOLD_1_382,4819,1.3202739726027397,1.5147579233871253,12,10987.32,1.1473057523060817,A,3,0.02833139322962597,0.10967736627588347,1.241402627851653,Medium Risk
FOODS_3_812,6598,1.8076712328767124,1.8756188495846828,18,19059.42,1.0375884815071372,A,3,0.03879031594294919,0.09918887942569657,1.2413937586105939,Medium Risk
HOBBIES_1_064,4547,1.2457534246575341,1.4485379913681522,13,58585.590000000004,1.1627806616436676,A,3,0.026732277446588355,0.1111566993099008,1.241366693026947,Medium Risk
HOUSEHOLD_1_010,3978,1.08986301369863,1.3048095919011524,10,12607.31,1.197223481759479,A,3,0.02338706832692511,0.11444928089926636,1.2413509047678575,Medium Risk
HOUSEHOLD_1_518,4972,1.3621917808219177,1.5463233975495256,10,34654.84,1.135173049287162,A,3,0.029230895857584628,0.10851753341507202,1.241324528781797,Medium Risk
HOUSEHOLD_1_404,6683,1.830958904109589,1.8844898983517406,16,17083.22,1.0292365897028062,A,3,0.039290039625148446,0.09839047543035445,1.241304154516651,Medium Risk
FOODS_3_774,2579,0.7065753424657534,0.9053209220972819,6,17704.72,1.2812800952520664,A,3,0.015162204428139732,0.12248472216451453,1.2412940779777966,Medium Risk
FOODS_3_820,7288,1.9967123287671233,1.9780904996104869,24,14430.24,0.9906737546073376,A,3,0.042846896421978434,0.09470403859265798,1.241265280504391,Medium Risk
FOODS_3_492,3683,1.009041095890411,1.2230881181508337,10,10962.34,1.2121291423433458,A,3,0.021652733194586524,0.11587419626481281,1.24125807883782,Medium Risk
FOODS_3_814,6594,1.8065753424657534,1.8646619404895983,17,12396.72,1.0321528787969418,A,3,0.03876679953437511,0.09866925979668485,1.2412308177993183,Medium Risk
HOUSEHOLD_1_203,3616,0.9906849315068493,1.203320892175241,8,17863.04,1.214635303218924,A,3,0.02125883335097064,0.11611377418355383,1.2412117822603574,Medium Risk
HOUSEHOLD_1_481,3221,0.8824657534246575,1.092912693297619,7,15684.34,1.238476041768491,A,3,0.018936588004279983,0.11839284356757174,1.2411988294715557,Medium Risk
FOODS_2_060,2913,0.798082191780822,1.0031720825857249,8,22806.54,1.2569784076340185,A,3,0.01712582454407563,0.12016158808395282,1.2411862237884086,Medium Risk
FOODS_3_653,6282,1.721095890410959,1.8058760105956682,16,24169.7,1.0492593821512557,A,3,0.03693251966559667,0.10030456601764606,1.241171125704973,Medium Risk
FOODS_3_144,7869,2.155890410958904,2.0502256328424844,18,15580.619999999999,0.9509878713782015,A,3,0.04626265476736393,0.09091024330996625,1.2411518694231993,Medium Risk
FOODS_3_257,6627,1.8156164383561644,1.8627112038780487,14,28117.34,1.0259387195042822,A,3,0.03896080990511129,0.09807521359455626,1.2411108070499006,Medium Risk
HOUSEHOLD_1_168,4737,1.2978082191780822,1.4815280330188942,18,14048.28,1.1415616045005201,A,3,0.027849306853857277,0.10912825109752139,1.2410932673854136,Medium Risk
HOUSEHOLD_1_039,4418,1.2104109589041097,1.4043354145574811,10,12701.6,1.1602137309042113,A,3,0.025973873270074194,0.1109113120603814,1.2410655555991368,Medium Risk
HOBBIES_1_394,5083,1.3926027397260274,1.5577316492006945,12,39988.64,1.1185757465242052,A,3,0.029883476195515422,0.10693090452328304,1.2410443142156398,Medium Risk
FOODS_3_195,5434,1.4887671232876711,1.6310934157491348,14,14559.54,1.0956001044321573,A,3,0.031947041047891166,0.1047345345424927,1.2410044726771154,Medium Risk
HOUSEHOLD_1_093,4708,1.2898630136986302,1.4694593397925644,15,18549.52,1.1392367438918563,A,3,0.02767881289169518,0.10890600468412698,1.2409754452727468,Medium Risk
FOODS_3_074,4388,1.2021917808219178,1.3914335322976277,9,19658.24,1.1574139455073704,A,3,0.025797500205768573,0.11064366493332223,1.2409323495417275,Medium Risk
FOODS_3_731,5150,1.4109589041095891,1.5660800247647022,10,15338.0,1.1099402117264394,A,3,0.030277376039131304,0.10610538550962954,1.2409148284646283,Medium Risk
HOUSEHOLD_1_527,4201,1.1509589041095891,1.3442550175324013,11,21892.29,1.1679435405839715,A,3,0.024698108104930217,0.11165024775017977,1.2409045067565332,Medium Risk
HOUSEHOLD_1_112,5619,1.5394520547945205,1.6635978885556122,12,16688.43,1.0806428711920244,A,3,0.03303467494444248,0.10330468905862361,1.24090180920092,Medium Risk
HOUSEHOLD_1_342,4235,1.1602739726027398,1.3525287387133769,11,76042.55,1.1656977323031465,A,3,0.024897997577809916,0.11143555839042858,1.2409000667904717,Medium Risk
HOUSEHOLD_1_018,3963,1.0857534246575342,1.2833823300210232,9,39511.11,1.1820200617150478,A,3,0.0232988817947723,0.11299590104345411,1.2408884348514682,Medium Risk
HOUSEHOLD_2_409,3515,0.963013698630137,1.1639989811866835,10,13813.95,1.208704489710212,A,3,0.020665044034475055,0.11554681458782137,1.240863557586689,Medium Risk
HOUSEHOLD_1_245,6255,1.7136986301369863,1.7824865137467358,20,15963.46,1.040140012018479,A,3,0.03677378390772161,0.09943279448137726,1.2408619735167297,Medium Risk
HOUSEHOLD_1_075,6488,1.7775342465753425,1.823340482389839,11,17712.239999999998,1.0257695377193143,A,3,0.038143614707161926,0.09805904056259872,1.2408607965809282,Medium Risk
HOUSEHOLD_1_162,4854,1.3298630136986302,1.4960297261393882,15,28978.379999999997,1.1249502473030009,A,3,0.028537161804649196,0.10754027866381759,1.2408232321405401,Medium Risk
HOUSEHOLD_1_482,3913,1.0720547945205479,1.2679027193947014,8,11582.48,1.1826846219756353,A,3,0.023004926687596267,0.1130594300713234,1.240819307027676,Medium Risk
FOODS_3_683,8711,2.3865753424657536,2.1127146566794863,16,21861.08,0.8852495117529703,A,3,0.05121285877220831,0.08462594626665401,1.240751641511659,Medium Risk
FOODS_3_032,4975,1.3630136986301369,1.519581411088602,21,14788.4,1.114868773964502,A,3,0.029248533164015187,0.10657653430733317,1.2407475202414047,Medium Risk
FOODS_3_400,5074,1.39013698630137,1.5409318833741223,12,15120.52,1.1084748471256496,A,3,0.029830564276223735,0.10596530312119429,1.2407387602192257,Medium Risk
HOUSEHOLD_1_212,5495,1.5054794520547945,1.6289372825813186,13,25393.33,1.082005656309702,A,3,0.03230566627864592,0.10343496530120884,1.2407221894739566,Medium Risk
FOODS_2_141,5307,1.453972602739726,1.588942280634104,10,37042.86,1.0928282126087205,A,3,0.031200395075664043,0.10446955391794242,1.240700984698082,Medium Risk
FOODS_3_562,9954,2.727123287671233,2.2008129489366666,15,49570.920000000006,0.8070089676129026,A,3,0.05852058273660446,0.07714649556223072,1.2407001234896509,Medium Risk
HOUSEHOLD_1_370,5726,1.5687671232876712,1.6705367971038996,15,40803.979999999996,1.0648723907490802,A,3,0.03366373887379919,0.10179710073143984,1.240638251881572,Medium Risk
FOODS_3_138,5861,1.6057534246575342,1.6894948236483613,14,11604.779999999999,1.052150845643494,A,3,0.03445741766317448,0.1005809771660031,1.2405115184487536,Medium Risk
HOUSEHOLD_1_180,6913,1.8939726027397261,1.8670505107129223,13,20334.06,0.985785384652418,A,3,0.0406422331181582,0.0942367319998338,1.2404636895353978,Medium Risk
HOUSEHOLD_1_220,5425,1.4863013698630136,1.6000321205063346,19,9927.75,1.0765193068844463,A,3,0.03189412912859948,0.10291049451020846,1.2404413870916424,Medium Risk
FOODS_3_332,5949,1.62986301369863,1.7017187748197664,12,11779.02,1.0440869941321478,A,3,0.034974778651804296,0.09981010855140184,1.240435466160962,Medium Risk
HOUSEHOLD_1_038,3978,1.08986301369863,1.2698978032376518,11,20765.16,1.1651902920606911,A,3,0.02338706832692511,0.11138704934284206,1.2404322353009303,Medium Risk
FOODS_3_730,4874,1.3353424657534247,1.4813669427798135,10,24272.52,1.1093535784050716,A,3,0.028654743847519606,0.10604930595321839,1.2404112149402216,Medium Risk
HOUSEHOLD_1_128,5831,1.5975342465753424,1.6754950273862825,12,14865.619999999999,1.0488006945566681,A,3,0.03428104459886886,0.10026071750802544,1.2403625286320685,Medium Risk
HOUSEHOLD_1_369,6108,1.6734246575342466,1.7225092583743074,15,22585.55,1.029331825976788,A,3,0.03590955589262408,0.09839957959782095,1.2402927406471338,Medium Risk
FOODS_3_588,4786,1.3112328767123287,1.4562628237748447,11,18856.84,1.1106057891304186,A,3,0.028137382858889788,0.10616901177191791,1.2402919183892425,Medium Risk
FOODS_3_304,7139,1.9558904109589041,1.8886441707089403,16,31982.720000000005,0.9656186052791192,A,3,0.04197091020259386,0.09230887689801423,1.2402839361301827,Medium Risk
HOUSEHOLD_1_538,4517,1.2375342465753425,1.394215215426836,10,15719.16,1.1266073801877243,A,3,0.02655590438228274,0.1076986932538258,1.240276379290833,Medium Risk
HOBBIES_1_040,4075,1.1164383561643836,1.2871515176915989,9,52511.950000000004,1.1529087213679352,A,3,0.023957341234846614,0.11021298538944074,1.2402510979872865,Medium Risk
HOUSEHOLD_1_376,3742,1.0252054794520549,1.2021813889966813,9,20143.68,1.1726248182356724,A,3,0.021999600221054242,0.11209775723282005,1.2402292072361625,Medium Risk
HOUSEHOLD_1_371,4468,1.2241095890410958,1.3793567074278592,10,21667.52,1.1268245259873964,A,3,0.026267828377250224,0.10771945143389945,1.240196183943345,Medium Risk
HOUSEHOLD_1_536,8544,2.3408219178082192,2.0456570935608687,15,25203.3,0.8739054765329085,A,3,0.05023104871424036,0.08354150656662075,1.2401317665842586,Medium Risk
FOODS_3_067,5198,1.424109589041096,1.53639311286199,12,20688.04,1.0788447214209818,A,3,0.030559572942020295,0.10313279387666263,1.240107710045605,Medium Risk
FOODS_3_291,6105,1.6726027397260275,1.7101377694371958,12,16971.899999999998,1.022441090654507,A,3,0.03589191858619352,0.09774085571333511,1.2400898322898588,Medium Risk
FOODS_2_208,4116,1.1276712328767122,1.2878955841828137,8,28729.68,1.1420842765469559,A,3,0.024198384422730958,0.10917821623834273,1.2400129801983224,Medium Risk
FOODS_3_418,6402,1.753972602739726,1.754848226630799,15,25475.64,1.000499223243114,A,3,0.037638011922819146,0.09564331002944126,1.2399843965856783,Medium Risk
HOUSEHOLD_1_006,3667,1.0046575342465753,1.1711477111520792,10,25558.989999999998,1.1657183380706542,A,3,0.021558667560290193,0.11143752821085856,1.2398988587313449,Medium Risk
HOUSEHOLD_1_301,3911,1.0715068493150686,1.231754949453234,8,19106.74,1.1495539671450534,A,3,0.02299316848330923,0.10989228569197212,1.2398656362525846,Medium Risk
HOUSEHOLD_1_442,3171,0.8687671232876713,1.0378080823544218,6,28443.870000000003,1.1945756860907093,A,3,0.018642632897103953,0.11419616331940272,1.2398516388649523,Medium Risk
HOBBIES_1_323,4973,1.3624657534246576,1.4756131989862802,12,24365.920000000002,1.0830460841142011,A,3,0.02923677495972815,0.10353442560738119,1.239831360170133,Medium Risk
HOUSEHOLD_1_226,5686,1.5578082191780822,1.6171103529450064,15,16787.579999999998,1.0380676729245997,A,3,0.033428574788058364,0.09923468801029021,1.2397989788395047,Medium Risk
HOUSEHOLD_1_140,5000,1.36986301369863,1.479251302288135,10,74850.0,1.0798534506703386,A,3,0.029395510717603206,0.10322922394086524,1.2397874203975408,Medium Risk
FOODS_2_142,6417,1.7580821917808218,1.7437502680582935,11,25539.66,0.9918479785589484,A,3,0.03772619845497195,0.09481628921998367,1.2397627463024867,Medium Risk
HOUSEHOLD_1_524,4724,1.2942465753424657,1.4180818739316596,11,18754.280000000002,1.095681380154648,A,3,0.027772878525991508,0.10474230414285167,1.239754554800653,Medium Risk
HOUSEHOLD_1_322,4663,1.2775342465753425,1.4019383097876699,11,13236.4,1.0973782609318024,A,3,0.02741425329523675,0.10490451845594857,1.2396956315253558,Medium Risk
FOODS_3_407,8421,2.307123287671233,1.9973066816118197,13,25094.579999999998,0.8657130255175326,A,3,0.04950791915058732,0.08275834440700935,1.2396798790672792,Medium Risk
HOUSEHOLD_1_440,4639,1.270958904109589,1.3898805912930288,10,69445.83,1.0935684755808484,A,3,0.027273154843792256,0.10454031979092035,1.2395440423904138,Medium Risk
HOUSEHOLD_1_275,6391,1.750958904109589,1.7244093872038604,13,18981.27,0.9848371558901722,A,3,0.03757334179924042,0.09414608551517953,1.2395158281943262,Medium Risk
HOUSEHOLD_1_088,2979,0.8161643835616438,0.9745523810873947,6,17784.63,1.1940638438969422,A,3,0.017513845285547988,0.11414723346469885,1.2394983236250743,Medium Risk
HOUSEHOLD_1_121,4954,1.3572602739726027,1.4551043771334415,12,12283.85,1.072089417952576,A,3,0.029125072019001257,0.10248701667967754,1.2394836266096039,Medium Risk
HOBBIES_1_416,3496,0.9578082191780822,1.1092059116258366,9,16668.62,1.1580668127672493,A,3,0.020553341093748165,0.11070607616193094,1.239377825176704,Medium Risk
HOUSEHOLD_1_238,4498,1.2323287671232876,1.3508809996924525,18,11140.14,1.096201789434738,A,3,0.026444201441555844,0.10479205297319708,1.239370876324426,Medium Risk
HOUSEHOLD_1_107,5641,1.5454794520547945,1.584986287697573,19,19630.68,1.025562834620837,A,3,0.033164015191599935,0.09803928065867032,1.2393609887550814,Medium Risk
HOUSEHOLD_1_119,7680,2.1041095890410957,1.8912933421172584,18,28723.2,0.8988568618135409,A,3,0.04515150446223852,0.08592674887627887,1.2393234760015552,Medium Risk
FOODS_3_496,5118,1.4021917808219178,1.4784078955619855,10,20369.64,1.0543549860885595,A,3,0.03008924477053864,0.10079168326455706,1.2392642784105288,Medium Risk
HOUSEHOLD_1_197,4492,1.2306849315068493,1.3415961836549772,11,22150.34,1.090121565080291,A,3,0.02640892682869472,0.10421081036003851,1.23918592115662,Medium Risk
HOUSEHOLD_1_129,4647,1.2731506849315068,1.3749778908632115,9,18302.2,1.0799804823866412,A,3,0.02732018766094042,0.10324136761228812,1.2391684665819687,Medium Risk
HOUSEHOLD_1_055,6852,1.8772602739726028,1.7717843202191828,12,27000.74,0.943813889200236,A,3,0.040283607887403435,0.09022444227618963,1.2391524150490782,Medium Risk
FOODS_3_765,3520,0.9643835616438357,1.10572513752362,9,10497.46,1.1465615772617082,A,3,0.020694439545192657,0.10960622642606481,1.2390901997913772,Medium Risk
HOUSEHOLD_1_456,7039,1.9284931506849314,1.7892784364632355,11,49061.83,0.9278116626070194,A,3,0.04138299998824179,0.0886947000398536,1.239023310008429,Medium Risk
FOODS_2_217,5448,1.4926027397260273,1.529673631176015,15,21683.04,1.0248364085522128,A,3,0.032029348477900454,0.09796983753259804,1.2389997558031498,Medium Risk
FOODS_3_094,4290,1.1753424657534246,1.2807768630625598,11,12749.199999999999,1.0897052564518284,A,3,0.02522134819570355,0.10417101309253948,1.238817708386473,Medium Risk
HOUSEHOLD_1_188,4173,1.1432876712328768,1.2539944997968493,9,16608.54,1.0968319971863167,A,3,0.02453349324491164,0.10485229805282024,1.2388157373893196,Medium Risk
HOUSEHOLD_1_285,6653,1.8227397260273972,1.7178565518016173,10,18179.96,0.9424585020405687,A,3,0.03911366656084283,0.09009487324573923,1.2387625619419749,Medium Risk
FOODS_2_304,5993,1.641917808219178,1.6098649854571863,10,23792.210000000003,0.9804784243148222,A,3,0.0352334591461192,0.09372941001387831,1.2386888607479996,Medium Risk
HOUSEHOLD_1_243,7826,2.1441095890410957,1.856026333504364,13,15417.22,0.8656396776502593,A,3,0.04600985337519253,0.08275133267461951,1.2386283558149438,Medium Risk
HOUSEHOLD_1_182,3440,0.9424657534246575,1.0700227570131138,7,13650.980000000001,1.13534391369124,A,3,0.020224111373711006,0.10853386729799026,1.2386273936015104,Medium Risk
FOODS_2_035,6870,1.8821917808219177,1.7380798243904814,13,34348.44,0.9234339678348263,A,3,0.0403894317259868,0.08827621174062841,1.2385996930399847,Medium Risk
HOUSEHOLD_1_030,3936,1.0783561643835617,1.190027777170543,9,19132.08,1.1035572628741062,A,3,0.023140146036897246,0.10549520377055044,1.2385906049422346,Medium Risk
HOBBIES_1_089,3687,1.0101369863013698,1.1294198438804097,10,29385.39,1.1180858232068065,A,3,0.021676249603160603,0.10688407001642082,1.2385680958858745,Medium Risk
HOBBIES_1_099,4117,1.127945205479452,1.2289610195038225,8,57555.66,1.08955737701942,A,3,0.02420426352487448,0.1041568764714685,1.2385083419989031,Medium Risk
HOUSEHOLD_2_490,5958,1.6323287671232876,1.5880639675743868,16,20733.84,0.9728824239084445,A,3,0.035027690571095976,0.09300326590004683,1.238409286941343,Medium Risk
HOUSEHOLD_1_510,5231,1.4331506849315068,1.4522818974094651,10,25476.34,1.0133490586015195,A,3,0.030753583312756474,0.09687169757683729,1.2382875842668783,Medium Risk
HOUSEHOLD_1_539,6628,1.815890410958904,1.6815767271936757,11,26313.16,0.9260342568281407,A,3,0.03896668900725481,0.08852478789198967,1.2382474430697734,Medium Risk
FOODS_3_169,6176,1.692054794520548,1.61045072739471,11,24579.52,0.9517722077381301,A,3,0.03630933483838348,0.09098522240429963,1.2381883671728051,Medium Risk
FOODS_3_596,5399,1.4791780821917808,1.4742623866229803,19,16100.38,0.9966767385022927,A,3,0.03174127247286794,0.0952778973587906,1.2381057509494977,Medium Risk
HOUSEHOLD_1_109,5735,1.5712328767123287,1.5269551620406698,12,22437.760000000002,0.9718197631121962,A,3,0.03371665079309088,0.09290168021798878,1.2379854993033241,Medium Risk
HOUSEHOLD_1_396,4174,1.1435616438356164,1.217256674505373,8,16570.780000000002,1.064443426436179,A,3,0.024539372347055156,0.10175609363636447,1.237888639795026,Medium Risk
HOUSEHOLD_1_138,4854,1.3298630136986302,1.356535183433644,11,23978.760000000002,1.0200563287047384,A,3,0.028537161804649196,0.09751288299610622,1.2378150134402268,Medium Risk
HOUSEHOLD_1_082,5096,1.3961643835616437,1.3977575021817668,10,17734.079999999998,1.0011410680854491,A,3,0.029959904523381188,0.09570466756358033,1.2376993716260887,Medium Risk
HOBBIES_1_423,3408,0.9336986301369863,1.0316922469585625,7,26514.24,1.1049520837437656,A,3,0.020035980105118346,0.10562854248963503,1.2376993567784262,Medium Risk
FOODS_3_533,5089,1.3942465753424658,1.3958478122089457,8,25343.22,1.0011484603188547,A,3,0.029918750808376544,0.09570537422846821,1.2376872375110537,Medium Risk
HOUSEHOLD_1_122,5166,1.4153424657534246,1.4097826811177907,13,11675.159999999998,0.9960717743089308,A,3,0.030371441673427632,0.09522006545192027,1.2376774521376046,Medium Risk
HOUSEHOLD_1_153,6476,1.7742465753424657,1.6238476258898256,12,12757.72,0.9152322165685398,A,3,0.03807306548143967,0.08749216051807669,1.237669567799855,Medium Risk
FOODS_2_338,5588,1.530958904109589,1.4675630144494647,14,16596.36,0.95859073062644,A,3,0.03285242277799334,0.09163704309880805,1.2373468397630407,Medium Risk
HOBBIES_1_194,4931,1.350958904109589,1.3417655490674154,9,13678.02,0.9931949410050833,A,3,0.028989852669700285,0.09494505288500292,1.237180471666411,Medium Risk
HOBBIES_1_148,4602,1.2608219178082192,1.2749776363571632,9,22457.76,1.0112273734688495,A,3,0.02705562806448199,0.09666887384223107,1.237117350572014,Medium Risk
HOBBIES_1_141,4533,1.2419178082191782,1.2569768653599018,8,63371.340000000004,1.0121256471572118,A,3,0.02664997001657907,0.09675474484229923,1.2370214144576637,Medium Risk
HOUSEHOLD_1_259,4971,1.361917808219178,1.3196770176436394,8,37183.08,0.9689843320054886,A,3,0.02922501675544111,0.09263062551838902,1.2365566926821492,Medium Risk
HOUSEHOLD_1_079,5350,1.4657534246575343,1.3603051237202886,11,25885.37,0.9280586358091688,A,3,0.03145319646783543,0.08871830958796055,1.236051451816739,Medium Risk
FOODS_3_234,39953,10.946027397260274,18.939507684424672,244,8168.900000000001,1.7302631353878322,B,2,0.23488776794008018,0.16540551921068222,0.9200879861452288,Medium Risk
HOBBIES_1_234,22733,6.228219178082192,16.5387417603246,258,6819.9,2.655452752614472,B,2,0.13364962902865474,0.2538495632845931,0.9162497576939744,Medium Risk
HOUSEHOLD_2_073,244,0.06684931506849315,0.265742375054306,3,5116.679999999999,3.9752445448697413,B,2,0.0014345009230190364,0.380015833710882,0.9144351003901704,Medium Risk
HOUSEHOLD_2_446,273,0.0747945205479452,0.2936157707828395,3,7083.719999999999,3.9256321002101253,B,2,0.0016049948851811352,0.3752731029664073,0.9130634293554766,Medium Risk
HOUSEHOLD_2_211,298,0.08164383561643836,0.310442243706504,4,5954.04,3.802396609156844,B,2,0.001751972438769151,0.36349233392269625,0.9095732919084396,Medium Risk
FOODS_3_007,30105,8.247945205479452,16.148432906491127,257,6181.62,1.9578734465601269,B,2,0.1769903700306889,0.18716406039853437,0.909246329128767,Medium Risk
FOODS_3_070,27594,7.56,15.281064214926122,213,5738.55,2.0213047903341432,B,2,0.16222794454830858,0.19322781690850632,0.9066367284370445,Medium Risk
FOODS_3_498,29211,8.003013698630136,15.185407229437294,215,6050.400000000001,1.8974611066874167,B,2,0.17173445271438142,0.18138890733712557,0.9059370080154522,Medium Risk
FOODS_3_752,31541,8.641369863013699,13.662469503643134,221,6507.900000000001,1.5810536662850714,B,2,0.18543276070878456,0.15114175250183395,0.9009723539631856,Medium Risk
HOUSEHOLD_2_357,642,0.17589041095890412,0.6120822312071235,14,5116.74,3.4799067662087237,B,2,0.003774383576140252,0.3326637282487686,0.9009314335474727,Medium Risk
FOODS_3_422,3480,0.9534246575342465,3.1111712800550917,74,6620.219999999999,3.263153785115254,B,2,0.02045927545945183,0.3119430998975251,0.8997207126070932,Medium Risk
FOODS_3_711,28504,7.8093150684931505,13.395447205443999,182,5862.55,1.7153165275003717,B,2,0.16757792749891237,0.16397668946363353,0.8994663850887639,Medium Risk
FOODS_3_412,24451,6.698904109589041,12.732293177715006,248,5050.85,1.9006531470557348,B,2,0.1437499265112232,0.18169405230823701,0.8976331936458382,Medium Risk
FOODS_3_261,1206,0.3304109589041096,1.073552149906991,12,4799.88,3.249142078905902,B,2,0.007090197185085894,0.31060364262470636,0.8953081519429378,Medium Risk
HOBBIES_1_360,403,0.11041095890410958,0.36212293249815614,4,6016.34,3.279773458109851,B,2,0.002369278163838818,0.3135318672847277,0.89477034363457,Medium Risk
FOODS_3_547,26656,7.303013698630137,12.056831565851846,198,5485.67,1.6509391962544733,B,2,0.15671334673768622,0.15782250072647414,0.8943607542392481,Medium Risk
HOUSEHOLD_2_131,461,0.12630136986301368,0.4117934854041615,7,5606.67,3.2604039516815395,B,2,0.0027102660881630153,0.31168022795767736,0.8943171482137522,Medium Risk
HOUSEHOLD_2_233,426,0.11671232876712329,0.37468559870218693,4,5306.22,3.2103343550774235,B,2,0.0025044975131397933,0.3068937955049528,0.8928194879054279,Medium Risk
HOBBIES_1_133,475,0.13013698630136986,0.41259458551910744,4,5981.04,3.1704636571468257,B,2,0.0027925735181723046,0.30308233275248275,0.8917624718811965,Medium Risk
HOUSEHOLD_1_085,432,0.11835616438356164,0.37196571335519507,4,7201.4400000000005,3.1427658651538475,B,2,0.002539772126000917,0.3004345460824159,0.890892295462525,Medium Risk
HOUSEHOLD_1_183,1080,0.2958904109589041,0.9140117462205882,13,5270.4,3.0890211793566174,B,2,0.006349430315002293,0.29529679132286984,0.8904938664913618,Medium Risk
HOUSEHOLD_2_204,478,0.13095890410958905,0.4079914385515743,5,6174.27,3.1154157964712264,B,2,0.0028102108246028665,0.2978200002261391,0.8901890633152226,Medium Risk
FOODS_2_389,468,0.12821917808219177,0.3966126180911809,4,6530.46,3.093239435967544,B,2,0.00275141980316766,0.2957000380375598,0.8895354373522182,Medium Risk
HOUSEHOLD_1_378,428,0.11726027397260275,0.3611029519959406,3,9621.0,3.079499473797157,B,2,0.0025162557174268347,0.29438655829552124,0.8890708442038844,Medium Risk
HOBBIES_1_308,627,0.17178082191780822,0.5121953203810113,4,6454.46,2.98167929727383,B,2,0.003686197043987442,0.2850353811501475,0.8866164734582406,Medium Risk
HOUSEHOLD_2_107,442,0.1210958904109589,0.3613544510711738,3,5290.740000000001,2.984035625361503,B,2,0.0025985631474361236,0.28526063571565313,0.8863577596589268,Medium Risk
HOUSEHOLD_1_049,1528,0.41863013698630136,1.2192317002116628,13,9122.16,2.912431744615556,B,2,0.00898326807529954,0.27841562074073234,0.8862196666448097,Medium Risk
HOBBIES_1_389,459,0.12575342465753425,0.3743192150861784,4,5494.2300000000005,2.976612494694011,B,2,0.0026985078838759743,0.2845510171858969,0.886174857520932,Medium Risk
FOODS_3_008,12893,3.5323287671232877,7.744421965696137,73,9413.08,2.192440872938098,B,2,0.07579926393641163,0.20958767109475673,0.8856160805093506,Medium Risk
HOUSEHOLD_2_158,519,0.1421917808219178,0.41918975524849805,4,5935.68,2.9480589723641963,B,2,0.003051254012487213,0.28182142647240227,0.8854618041454669,Medium Risk
HOUSEHOLD_2_240,1029,0.28191780821917806,0.8215557458947158,13,5113.139999999999,2.9141676117742596,B,2,0.0060495961056827394,0.2785815619798386,0.8853893474256564,Medium Risk
FOODS_1_116,2029,0.5558904109589041,1.5841343375444314,23,5435.320000000001,2.849724165617139,B,2,0.011928698249203382,0.2724210529489651,0.8853049253594505,Medium Risk
HOBBIES_1_285,463,0.12684931506849315,0.3710061893350034,3,5037.4400000000005,2.924778814412014,B,2,0.0027220242924500568,0.27959594611936667,0.8846953911235451,Medium Risk
FOODS_3_238,1961,0.5372602739726028,1.5175444787311183,13,6442.400000000001,2.824598341340429,B,2,0.011528919303443979,0.27001913504117014,0.8844644163033843,Medium Risk
FOODS_2_239,568,0.15561643835616437,0.4526375500514202,9,7817.52,2.908674397337472,B,2,0.003339330017519724,0.27805643492403453,0.8844187294824662,Medium Risk
FOODS_1_033,1136,0.31123287671232874,0.8921630490087896,12,6747.65,2.8665450078187344,B,2,0.006678660035039448,0.2740290512244946,0.8842123133778603,Medium Risk
HOUSEHOLD_2_080,592,0.16219178082191782,0.46997619974182436,5,5316.16,2.8976573125973966,B,2,0.00348042846896422,0.277003250246889,0.884145103614756,Medium Risk
HOBBIES_1_170,482,0.13205479452054794,0.383386701452198,4,8661.539999999999,2.903239544191956,B,2,0.002833727233176949,0.277536886950098,0.8841111842549825,Medium Risk
FOODS_2_169,1018,0.2789041095890411,0.7939334962029772,10,6327.21,2.8466181347159787,B,2,0.005984925982104013,0.2721241301033104,0.8834327168256243,Medium Risk
HOUSEHOLD_2_083,700,0.1917808219178082,0.5494842806612042,6,6979.000000000001,2.8651680348762794,B,2,0.004115371500464449,0.2738974186884787,0.883403837056683,Medium Risk
HOBBIES_2_131,920,0.25205479452054796,0.7170379964578142,10,5492.4,2.8447703120337193,B,2,0.0054087739720389905,0.27194748641026895,0.8832068781146925,Medium Risk
HOUSEHOLD_2_440,5576,1.5276712328767124,3.9017709018232987,50,5408.72,2.5540645250457388,B,2,0.0327818735522711,0.24415729620690488,0.8830817509277529,Medium Risk
FOODS_2_087,639,0.17506849315068493,0.4996933104020857,7,6992.75,2.854273212781867,B,2,0.00375674626970969,0.27285592178065127,0.8829838004151083,Medium Risk
HOUSEHOLD_2_489,562,0.15397260273972602,0.43907130536811795,6,8122.200000000001,2.8516196878890225,B,2,0.0033040554046586002,0.27260225651225206,0.8827718935750732,Medium Risk
HOUSEHOLD_2_269,524,0.14356164383561643,0.4091223750165032,6,5748.280000000001,2.849802803072971,B,2,0.003080649523204816,0.27242857034267554,0.8826527659597642,Medium Risk
HOUSEHOLD_2_508,526,0.1441095890410959,0.41026776281584043,4,8304.66,2.8469150841783604,B,2,0.0030924077274918573,0.2721525171613249,0.882573477466645,Medium Risk
HOBBIES_1_229,783,0.21452054794520548,0.6035045206820472,5,5050.41,2.813271392706861,B,2,0.004603336978376662,0.26893632874339385,0.8820618997165313,Medium Risk
FOODS_2_006,559,0.15315068493150685,0.43275987464732085,4,6129.2300000000005,2.8257129561050465,B,2,0.0032864180982280387,0.27012568729330494,0.8820236316174599,Medium Risk
HOBBIES_1_045,615,0.1684931506849315,0.47444323785805775,4,6506.7,2.8158013303770906,B,2,0.0036156478182651944,0.26917817961876445,0.881838148231109,Medium Risk
HOBBIES_1_375,524,0.14356164383561643,0.40440629342158574,4,5177.120000000001,2.8169522347114277,B,2,0.003080649523204816,0.2692882009936001,0.8817106551550415,Medium Risk
HOUSEHOLD_1_189,1105,0.30273972602739724,0.8389779311527108,10,6497.4,2.771284568965968,B,2,0.006496407868590308,0.2649225737030005,0.8814256944714772,Medium Risk
FOODS_1_072,1510,0.4136986301369863,1.1324113469128272,15,7972.26,2.7372857061137874,B,2,0.00887744423671617,0.2616724324686285,0.8811649630116034,Medium Risk
HOBBIES_1_190,537,0.14712328767123287,0.41019977036659794,3,5353.89,2.788136241784139,B,2,0.003157077851070584,0.26653351924940333,0.8809071791301423,Medium Risk
HOBBIES_1_403,489,0.13397260273972603,0.3736627375023078,3,6469.92,2.7890981429108863,B,2,0.002874880948181594,0.26662547275176085,0.8808501061099827,Medium Risk
HOUSEHOLD_2_106,567,0.15534246575342467,0.43134287877237176,4,4785.48,2.776722235483522,B,2,0.003333450915376204,0.265442390622887,0.880632752461479,Medium Risk
HOUSEHOLD_2_150,697,0.19095890410958904,0.5276414435644108,5,4858.09,2.763115163572596,B,2,0.0040977341940338875,0.26414161460314056,0.8804718046391524,Medium Risk
HOUSEHOLD_2_019,576,0.1578082191780822,0.43708044620813424,6,5449.1900000000005,2.769693799756406,B,2,0.0033863628346678895,0.264770503187441,0.8804470598066327,Medium Risk
HOUSEHOLD_2_163,863,0.23643835616438355,0.6506850109352302,12,6885.54,2.7520281459021905,B,2,0.005073665149858313,0.2630817446465051,0.8804466229389091,Medium Risk
FOODS_3_117,4334,1.1873972602739726,3.014254082137631,24,8222.32,2.538538855515079,B,2,0.02548002869001846,0.24267311072246028,0.8804459418237437,Medium Risk
FOODS_2_154,586,0.16054794520547946,0.44417576313089746,4,8160.96,2.766623780593474,B,2,0.0034451538561030962,0.26447702290502273,0.8803766530283378,Medium Risk
HOUSEHOLD_2_425,586,0.16054794520547946,0.443558353753282,4,4945.84,2.7627781419786333,B,2,0.0034451538561030962,0.26410939682620566,0.8802663652046927,Medium Risk
HOBBIES_1_058,605,0.16575342465753426,0.45658879657060447,4,5288.24,2.7546266239383574,B,2,0.0035568567968299884,0.2633301476783557,0.8800661013425557,Medium Risk
FOODS_2_254,795,0.21780821917808219,0.5968406970798124,9,4898.14,2.7402120054607737,B,2,0.00467388620409891,0.2619521737709511,0.879987817992515,Medium Risk
HOUSEHOLD_1_210,1129,0.30931506849315066,0.840823189484314,10,5189.81,2.718338920830599,B,2,0.006637506320034804,0.25986120341736824,0.879949612921221,Medium Risk
HOUSEHOLD_2_506,756,0.20712328767123286,0.5675559025566291,10,5269.32,2.7401839210736725,B,2,0.004444601220501604,0.2619494890274949,0.879918227074399,Medium Risk
HOBBIES_1_018,524,0.14356164383561643,0.3948051608055136,3,6224.530000000001,2.750074116297948,B,2,0.003080649523204816,0.26289494804046726,0.8797926792691018,Medium Risk
HOBBIES_1_274,630,0.1726027397260274,0.4732528769592209,5,6221.52,2.7418619061923115,B,2,0.0037038343504180045,0.2621098969990339,0.8797441194048357,Medium Risk
HOUSEHOLD_2_032,624,0.17095890410958905,0.46861534425397416,7,5721.61,2.7410993694343038,B,2,0.0036685597375568806,0.26203700185043144,0.8797116684763966,Medium Risk
HOBBIES_1_385,703,0.1926027397260274,0.5260024877772699,6,6858.43,2.731022873950263,B,2,0.0041330088068950105,0.2610737333548634,0.8795620226485276,Medium Risk
HOBBIES_1_024,941,0.25780821917808217,0.6985092503729028,7,8103.26,2.7094142017652447,B,2,0.005532235117052923,0.2590080396640507,0.8793620824343311,Medium Risk
FOODS_2_337,848,0.23232876712328768,0.6284096264921298,8,5312.45,2.7048291706323986,B,2,0.004985478617705504,0.25856973092382807,0.8790665628624601,Medium Risk
FOODS_3_664,4420,1.210958904109589,3.0015781746372436,37,8390.699999999999,2.4786788093723846,B,2,0.025985631474361233,0.23695075450408748,0.8788809157935347,Medium Risk
HOUSEHOLD_2_164,781,0.21397260273972601,0.578193147937914,5,6615.070000000001,2.7021830857533753,B,2,0.00459157877408962,0.2583167768879136,0.878872506698601,Medium Risk
HOUSEHOLD_2_120,669,0.1832876712328767,0.496184551131849,4,5311.860000000001,2.707135443394991,B,2,0.003933119334015309,0.2587902004211757,0.8788169959265574,Medium Risk
FOODS_3_618,3675,1.0068493150684932,2.532487123290251,30,7652.98,2.515259319730453,B,2,0.021605700377438357,0.24044768984589712,0.8786160170670007,Medium Risk
HOUSEHOLD_2_208,569,0.1558904109589041,0.42150286267170833,4,7372.27,2.703840858966143,B,2,0.0033452091196632446,0.25847525269045674,0.878546138543036,Medium Risk
HOUSEHOLD_1_163,654,0.17917808219178083,0.4834383832384539,8,6526.92,2.6980888361167534,B,2,0.0038449328018624997,0.2579253846926613,0.8785310952483573,Medium Risk
HOUSEHOLD_2_473,689,0.18876712328767123,0.5078014158107161,7,5491.33,2.6900945830320957,B,2,0.004050701376885722,0.2571611693804781,0.8783635612272092,Medium Risk
HOUSEHOLD_2_378,834,0.2284931506849315,0.61260995731794,6,5821.320000000001,2.681086743657651,B,2,0.004903171187696215,0.25630005969246383,0.878360969264048,Medium Risk
FOODS_2_096,610,0.16712328767123288,0.4503446487872358,5,4859.4800000000005,2.694685193562968,B,2,0.0035862523075475914,0.2576000114865274,0.8783558791382226,Medium Risk
FOODS_1_069,3217,0.8813698630136987,2.223940662874842,37,8613.460000000001,2.52327740736499,B,2,0.018913071595705905,0.2412141836358547,0.8780381765694683,Medium Risk
HOUSEHOLD_1_332,831,0.22767123287671232,0.607752330678523,7,8091.54,2.6694296112835247,B,2,0.0048855338812656525,0.2551856892863592,0.8780213669502874,Medium Risk
HOUSEHOLD_2_320,670,0.18356164383561643,0.48856861043318517,5,5673.660000000001,2.661605116538994,B,2,0.0039389984361588295,0.2544377021222622,0.8775130101675264,Medium Risk
HOUSEHOLD_2_091,640,0.17534246575342466,0.4669923890756604,5,5740.8,2.6633159689471255,B,2,0.0037626253718532105,0.2546012520616166,0.877509163230041,Medium Risk
HOBBIES_1_094,737,0.20191780821917807,0.5359599832859504,5,9558.890000000001,2.6543472713618983,B,2,0.004332898279774712,0.2537438841558988,0.8774230347307022,Medium Risk
HOUSEHOLD_2_156,663,0.18164383561643835,0.48280096973114656,7,4892.25,2.6579540565892685,B,2,0.003897844721154185,0.2540886769050554,0.877395956487863,Medium Risk
FOODS_2_129,638,0.1747945205479452,0.464255665632835,4,6047.9400000000005,2.6560081184323634,B,2,0.003750867167566169,0.25390265380567134,0.8772960562919713,Medium Risk
FOODS_2_195,1840,0.5041095890410959,1.2970060974055395,32,5880.31,2.572865356266423,B,2,0.010817547944077981,0.24595457269395934,0.8770316361914112,Medium Risk
HOUSEHOLD_2_216,689,0.18876712328767123,0.4985425324215257,5,4780.66,2.641045345919548,B,2,0.004050701376885722,0.25247227879178147,0.8769568940506002,Medium Risk
HOUSEHOLD_1_216,631,0.1728767123287671,0.4563473344958176,5,7553.070000000001,2.639727053739674,B,2,0.0037097134525615246,0.2523462558776803,0.8768167907990725,Medium Risk
HOUSEHOLD_2_239,4596,1.2591780821917808,3.0167531459342403,162,5699.04,2.3958113539294987,B,2,0.02702035345162087,0.2290289915000307,0.8768148034854955,Medium Risk
HOUSEHOLD_1_015,1427,0.39095890410958906,1.0120000254327635,18,7693.76,2.5885074231461713,B,2,0.008389478758803956,0.24744988525125605,0.876751809203018,Medium Risk
FOODS_2_226,665,0.1821917808219178,0.47917511156723447,4,5218.55,2.6300588830382043,B,2,0.003909602925441226,0.2514220214291808,0.8765994873063866,Medium Risk
FOODS_3_151,3038,0.8323287671232876,2.06654073975589,18,7640.84,2.4828419026033575,B,2,0.01786071231201571,0.2373487278431179,0.8765628320465401,Medium Risk
HOUSEHOLD_2_045,716,0.19616438356164384,0.5149308918103507,7,6181.09,2.6249968646756705,B,2,0.00420943713476078,0.25093811481498757,0.8765442655849246,Medium Risk
HOUSEHOLD_2_069,620,0.16986301369863013,0.44687181390374026,5,6634.96,2.630777614110729,B,2,0.0036450433289827978,0.25149072894758795,0.8765407316829713,Medium Risk
HOBBIES_1_197,569,0.1558904109589041,0.4089631416609039,3,7293.7,2.623401523835324,B,2,0.0033452091196632446,0.250785607271702,0.8762392449174096,Medium Risk
HOUSEHOLD_2_328,680,0.1863013698630137,0.4869677511990985,4,5076.639999999999,2.6138710174657493,B,2,0.003997789457594036,0.24987453292574893,0.876161696715003,Medium Risk
HOUSEHOLD_2_414,1006,0.2756164383561644,0.7121714914389177,7,5906.92,2.583922409296272,B,2,0.005914376756381765,0.2470115781632068,0.8758777864758767,Medium Risk
HOUSEHOLD_2_405,1098,0.30082191780821915,0.7686116817386868,12,6190.71,2.5550388327378935,B,2,0.006455254153585664,0.24425043572215882,0.8752117069627233,Medium Risk
HOBBIES_1_188,627,0.17178082191780822,0.4433650888251244,3,8063.76,2.580992941326482,B,2,0.003686197043987442,0.24673153395452893,0.875125319299555,Medium Risk
HOBBIES_1_218,712,0.19506849315068492,0.5018767826681031,6,7532.96,2.5728233942957535,B,2,0.004185920726186697,0.24595056131476287,0.8750409446122849,Medium Risk
HOUSEHOLD_2_166,813,0.22273972602739725,0.5710453513484887,8,7699.110000000001,2.563733742216462,B,2,0.004779710042682281,0.24508163069324637,0.8749584022207787,Medium Risk
FOODS_3_649,816,0.22356164383561644,0.5724021344440196,6,5251.200000000001,2.5603771945106266,B,2,0.004797347349112843,0.24476075954672294,0.8748674320687508,Medium Risk
HOBBIES_1_067,13168,3.6076712328767124,6.423788202131832,67,7505.759999999999,1.78059135311218,B,2,0.0774160170258798,0.17021667470107418,0.8742898075180863,Medium Risk
HOBBIES_1_278,15211,4.167397260273972,6.873215063120858,77,8667.029999999999,1.6492824259017247,B,2,0.08942702270509247,0.15766412079292266,0.8741273430494045,Medium Risk
HOBBIES_1_369,8972,2.458082191780822,4.9971788855602846,49,9656.140000000001,2.03295841866864,B,2,0.0527473044316672,0.19434185234388748,0.8741267470326665,Medium Risk
HOBBIES_1_377,597,0.16356164383561644,0.41661626762594384,4,5947.05,2.5471513849827385,B,2,0.003509823979681823,0.24349643052808984,0.8741018763523316,Medium Risk
HOUSEHOLD_2_255,656,0.17972602739726026,0.4564028590539762,4,6540.320000000001,2.539436639553374,B,2,0.0038566910061495407,0.2427589349141431,0.8739846877760878,Medium Risk
HOUSEHOLD_2_292,661,0.18109589041095892,0.45975186524190453,4,6590.17,2.538720587190547,B,2,0.003886086516867144,0.24269048346856056,0.8739729709956283,Medium Risk
HOBBIES_1_008,16137,4.4210958904109585,6.976760853169081,75,7745.44,1.5780614187313098,B,2,0.09487107128999259,0.15085570684200666,0.8737180334395998,Medium Risk
HOUSEHOLD_2_461,702,0.19232876712328767,0.48574787881747705,5,6997.38,2.525612190432751,B,2,0.00412712970475149,0.24143737859254594,0.8736693524891892,Medium Risk
FOODS_2_300,1176,0.3221917808219178,0.8023503542195625,14,7354.72,2.4902880892018735,B,2,0.006913824120780274,0.2380605504181224,0.8734923123616709,Medium Risk
HOUSEHOLD_2_360,710,0.19452054794520549,0.48993442298056,4,5658.7,2.518676963209921,B,2,0.004174162521899656,0.24077440147873302,0.8734845692001899,Medium Risk
HOUSEHOLD_2_033,1010,0.27671232876712326,0.6914346074452995,8,7039.7,2.4987488288864785,B,2,0.005937893164955847,0.2388693597904176,0.8734421758866121,Medium Risk
HOUSEHOLD_2_182,834,0.2284931506849315,0.5714109484427211,5,5821.320000000001,2.500779330714547,B,2,0.004903171187696215,0.2390634668035423,0.8731899913973715,Medium Risk
HOBBIES_1_178,17905,4.905479452054794,7.109957168086519,81,8594.26,1.4493908776049034,B,2,0.10526532387973708,0.13855537099894877,0.8731462084636058,Medium Risk
FOODS_1_148,1339,0.36684931506849316,0.9048737993769788,9,6873.38,2.466608937808792,B,2,0.00787211777017414,0.2357969280530981,0.8731007137469817,Medium Risk
HOBBIES_1_273,757,0.2073972602739726,0.518762856285295,5,9596.05,2.501300429909282,B,2,0.004450480322645126,0.23911328158668282,0.8730691285727985,Medium Risk
FOODS_3_024,8284,2.2695890410958905,4.616588234120583,107,8125.599999999999,2.0341075633196675,B,2,0.048702482156925,0.19445170550076513,0.872946256297307,Medium Risk
FOODS_2_362,798,0.21863013698630138,0.5449217841161346,4,6060.21,2.4924367318595126,B,2,0.004691523510529472,0.23826595117313842,0.8728872424051004,Medium Risk
HOBBIES_1_268,18808,5.1528767123287675,7.08413004864011,73,9027.6,1.3747912950625478,B,2,0.11057415311533624,0.13142398015384896,0.8725994399807556,Medium Risk
HOBBIES_1_309,1034,0.28328767123287674,0.6958910346676249,7,5288.5,2.456481892201964,B,2,0.006078991616400344,0.23482882718889506,0.8722723456415886,Medium Risk
FOODS_2_281,673,0.18438356164383563,0.4554441735059475,4,5242.62,2.470090985582033,B,2,0.003956635742589392,0.23612979645216983,0.8720259296584278,Medium Risk
HOBBIES_1_163,708,0.19397260273972602,0.47826631428257493,4,6555.02,2.465638484648868,B,2,0.004162404317612614,0.23570415701411337,0.8719599683995178,Medium Risk
FOODS_2_313,683,0.18712328767123287,0.4615066995029336,5,6748.040000000001,2.4663242359966437,B,2,0.004015426764024598,0.2357697118163908,0.8719355415741247,Medium Risk
HOUSEHOLD_2_173,871,0.23863013698630137,0.5855558245344209,8,5911.3,2.4538217675667466,B,2,0.005120697967006479,0.23457453101425302,0.8719085686943778,Medium Risk
FOODS_1_132,2661,0.729041095890411,1.7055855593479894,23,5215.56,2.339491654122571,B,2,0.015644290803908428,0.2236450767660058,0.8717868102709744,Medium Risk
FOODS_3_445,2048,0.5610958904109589,1.3333091318250434,28,5065.5199999999995,2.3762589507624066,B,2,0.012040401189930272,0.2271598680519694,0.87176008077257,Medium Risk
FOODS_3_244,873,0.23917808219178083,0.5853321614042558,7,8607.779999999999,2.447265050544712,B,2,0.00513245617129352,0.2339477378050779,0.8717240581929115,Medium Risk
FOODS_1_164,1528,0.41863013698630136,1.0072814038000857,11,9481.48,2.406136861171671,B,2,0.00898326807529954,0.2300160644206604,0.8716997997487881,Medium Risk
FOODS_3_093,3614,0.9901369863013698,2.25526666158467,19,6876.719999999999,2.277731963138917,B,2,0.021247075146683597,0.21774112288493738,0.8716964594094863,Medium Risk
FOODS_1_015,1832,0.5019178082191781,1.1961029457686871,13,6337.63,2.3830653668426356,B,2,0.010770515126929815,0.2278105313890588,0.8715743139547967,Medium Risk
HOUSEHOLD_2_214,724,0.19835616438356166,0.48614403215685625,5,4995.650000000001,2.4508642505145377,B,2,0.004256469951908945,0.23429180543709077,0.8715644826167,Medium Risk
FOODS_1_174,1238,0.3391780821917808,0.8204193084441708,11,6529.360000000001,2.4188452954937185,B,2,0.007278328453678554,0.2312309346530554,0.8715527789320202,Medium Risk
HOBBIES_1_288,12405,3.3986301369863012,5.879930265419385,73,7059.509999999999,1.7300883086481866,B,2,0.07293026209037355,0.16538880654597155,0.8714957205909035,Medium Risk
HOUSEHOLD_2_300,653,0.1789041095890411,0.4386679856734445,4,5204.41,2.4519726611149655,B,2,0.0038390536997189788,0.23439776459851122,0.8714710454894691,Medium Risk
FOODS_2_027,2364,0.6476712328767124,1.5167743179046262,27,5676.63,2.3418892810287164,B,2,0.013898197467282797,0.22387427931628473,0.8713317430350703,Medium Risk
FOODS_1_211,969,0.2654794520547945,0.6440805809268138,12,5890.74,2.426103323408535,B,2,0.005696849977071501,0.23192477008833834,0.871286486019623,Medium Risk
HOUSEHOLD_2_022,868,0.2378082191780822,0.5781208788385294,6,4893.509999999999,2.431038257788747,B,2,0.005103060660575917,0.23239652803470792,0.8712498766085852,Medium Risk
HOUSEHOLD_2_124,997,0.27315068493150685,0.6614857354619154,13,5264.16,2.421687998431285,B,2,0.00586146483709008,0.23150268450759098,0.8712092448034043,Medium Risk
HOBBIES_1_118,640,0.17534246575342466,0.42842955457480053,4,7116.799999999999,2.443387303434409,B,2,0.0037626253718532105,0.23357704229580578,0.8712019003002978,Medium Risk
FOODS_1_198,2136,0.5852054794520548,1.375509183071196,24,5723.580000000001,2.3504721527199743,B,2,0.01255776217856009,0.22469476396938518,0.8711757578443836,Medium Risk
FOODS_3_391,2061,0.5646575342465754,1.3294357873627054,14,6135.5,2.3544107830537966,B,2,0.012116829517796043,0.2250712796461171,0.871156432749174,Medium Risk
HOBBIES_1_117,692,0.18958904109589042,0.46198434804165506,3,8774.56,2.4367671536879203,B,2,0.004068338683316284,0.23294418519813373,0.871103757164435,Medium Risk
HOBBIES_1_051,813,0.22273972602739725,0.5389495285628318,6,4861.740000000001,2.4196381048638824,B,2,0.004779710042682281,0.23130672372977157,0.8708259301317363,Medium Risk
HOBBIES_1_090,7140,1.9561643835616438,3.9656992705798975,39,7711.200000000001,2.0272832405625527,B,2,0.04197678930473738,0.19379933036439673,0.8707328359007402,Medium Risk
HOBBIES_2_009,1008,0.27616438356164386,0.6616840547138044,9,6017.76,2.3959789679616925,B,2,0.005926134960668807,0.22904501466174235,0.8704913448867233,Medium Risk
HOBBIES_1_419,890,0.24383561643835616,0.5855167794160689,6,5322.200000000001,2.4012766796276983,B,2,0.005232400907733371,0.22955145251551293,0.870435156026974,Medium Risk
HOBBIES_1_390,685,0.18767123287671234,0.4528903569131129,4,8033.29,2.4132113908508934,B,2,0.00402718496831164,0.23069235823449172,0.8704158629608411,Medium Risk
HOUSEHOLD_2_186,821,0.22493150684931507,0.5405789535891127,5,8193.58,2.4033047266751053,B,2,0.004826742859830447,0.22974532486244056,0.8703716203166814,Medium Risk
FOODS_1_035,2870,0.7863013698630137,1.7876678635526901,33,7689.8,2.2735148787342574,B,2,0.01687302315190424,0.21733798822799308,0.8702633034139693,Medium Risk
HOUSEHOLD_1_133,1850,0.5068493150684932,1.1836476925147208,28,5772.0,2.335304906853368,B,2,0.010876338965513188,0.22324484220531787,0.8702363543512494,Medium Risk
HOUSEHOLD_2_293,740,0.20273972602739726,0.4837656604534491,4,5527.8,2.3861414333176882,B,2,0.004350535586205274,0.2281045897678259,0.8697365376062094,Medium Risk
HOUSEHOLD_1_146,1297,0.35534246575342465,0.8349912693067673,9,7733.860000000001,2.3498212281956055,B,2,0.007625195480146272,0.22463253845771694,0.869677320181359,Medium Risk
HOUSEHOLD_1_402,884,0.2421917808219178,0.5739151396248943,6,6152.22,2.36967223940143,B,2,0.005197126294872247,0.22653020751637168,0.8695182001433732,Medium Risk
HOBBIES_1_069,720,0.19726027397260273,0.46938984865366223,4,9525.6,2.3795457605359265,B,2,0.004232953543334862,0.22747407255995247,0.8695121078309863,Medium Risk
HOBBIES_1_398,12313,3.3734246575342466,5.614793280947409,59,7014.28,1.6644193515356163,B,2,0.07238938469316966,0.15911114407656105,0.8694501586309192,Medium Risk
FOODS_2_090,1034,0.28328767123287674,0.6665233455951894,10,9214.94,2.3528145178166744,B,2,0.006078991616400344,0.22491868373457963,0.869299302605294,Medium Risk
HOBBIES_1_348,18143,4.97068493150685,6.46375868140949,104,8708.22,1.3003758577492497,B,2,0.106664550189895,0.12431019277992038,0.8692924228909447,Medium Risk
HOUSEHOLD_1_237,1651,0.4523287671232877,1.0462326161848219,10,9701.12,2.3129915500149,B,2,0.009706397638952579,0.2211117837717677,0.8692454544232161,Medium Risk
FOODS_3_614,6245,1.710958904109589,3.4706640299723177,97,6027.32,2.028490585972612,B,2,0.0367149928862864,0.19391474725696822,0.8691889220429765,Medium Risk
HOUSEHOLD_2_321,1106,0.303013698630137,0.7098853441123004,10,5804.68,2.3427500054339028,B,2,0.00650228697073383,0.2239565607706054,0.8691376543224019,Medium Risk
HOUSEHOLD_2_347,905,0.24794520547945206,0.5830833430938066,7,8090.7,2.351662101980546,B,2,0.00532058743988618,0.22480851786684372,0.8690387315920189,Medium Risk
HOBBIES_1_169,10272,2.814246575342466,4.993392706937912,56,5855.04,1.7743266530688646,B,2,0.06039013721824403,0.169617797026245,0.8690023802733468,Medium Risk
HOBBIES_1_032,13112,3.5923287671232877,5.740658650751221,58,7473.839999999999,1.5980326475931936,B,2,0.07708678730584265,0.15276486817799897,0.8689554966451525,Medium Risk
HOUSEHOLD_2_122,990,0.27123287671232876,0.635455452171849,6,6896.42,2.3428408085123724,B,2,0.0058203111220854345,0.22396524114414687,0.8689356656798698,Medium Risk
HOBBIES_1_261,13442,3.682739726027397,5.80675872263562,92,6452.0199999999995,1.5767496903451879,B,2,0.07902689101320445,0.1507303113976188,0.868927160723247,Medium Risk
HOUSEHOLD_2_209,721,0.19753424657534246,0.4654632290515728,4,5746.37,2.356367248319335,B,2,0.004238832645478382,0.22525830909062494,0.868849142520831,Medium Risk
HOUSEHOLD_2_452,1057,0.2895890410958904,0.6762835068433164,8,6278.58,2.335321475854404,B,2,0.006214210965701318,0.2232464261286895,0.8688381911283173,Medium Risk
HOUSEHOLD_2_228,922,0.25260273972602737,0.591596461025032,7,5043.34,2.3420033435372747,B,2,0.005420532176326031,0.22388518318868697,0.8687917146095039,Medium Risk
FOODS_3_175,1308,0.35835616438356166,0.8302433115796015,11,9535.84,2.3168104642702945,B,2,0.007689865603724999,0.22147685511976994,0.8687500162170485,Medium Risk
FOODS_2_076,820,0.22465753424657534,0.5250065762987892,4,8989.1,2.336919516451928,B,2,0.004820863757686926,0.22339919175684578,0.8684660166543599,Medium Risk
FOODS_1_143,2961,0.8112328767123288,1.781034910582717,26,5918.0,2.195466877280283,B,2,0.01740802144696462,0.20987694375457133,0.8681854895604608,Medium Risk
HOBBIES_1_176,845,0.23150684931506849,0.5362641680822696,5,5016.360000000001,2.316407353254774,B,2,0.004967841311274942,0.2214383194858204,0.8679218482391287,Medium Risk
HOUSEHOLD_1_309,1024,0.28054794520547943,0.6464098428050088,6,7114.15,2.3040975842170726,B,2,0.006020200594965136,0.22026155989509594,0.8678845281470183,Medium Risk
HOUSEHOLD_2_466,933,0.2556164383561644,0.5896034179572694,6,6413.83,2.306594293187603,B,2,0.005485202299904758,0.22050023425343046,0.8677956309660007,Medium Risk
HOBBIES_1_019,14884,4.077808219178082,5.905622555272866,64,7143.38,1.4482345019313332,B,2,0.08750455630416122,0.1384448265882302,0.8677848148677175,Medium Risk
HOBBIES_1_341,16148,4.4241095890410955,6.051969105259709,99,7750.74,1.3679518970892952,B,2,0.0949357414135713,0.1307701638933524,0.8677117715920771,Medium Risk
FOODS_3_176,3654,1.0010958904109588,2.13583626514395,29,5528.3099999999995,2.133498184941275,B,2,0.02148223923242442,0.20395301026636053,0.8676305748496355,Medium Risk
HOBBIES_1_095,892,0.24438356164383562,0.5628515132639105,5,6850.5599999999995,2.303148008310844,B,2,0.005244159112020412,0.22017078462942258,0.8676244831224329,Medium Risk
HOBBIES_1_417,8428,2.309041095890411,4.242944319540591,63,4803.96,1.8375352119510153,B,2,0.049549072865591966,0.17566025628381776,0.8675627987448229,Medium Risk
HOBBIES_1_340,903,0.2473972602739726,0.5685654962081138,4,7205.9400000000005,2.298188329080416,B,2,0.005308829235599139,0.21969666118458392,0.867501647126055,Medium Risk
FOODS_1_212,946,0.25917808219178085,0.5947651268444762,7,5657.080000000001,2.2948125930045857,B,2,0.005561630627770527,0.21937395571457702,0.8674806759027043,Medium Risk
HOUSEHOLD_2_375,1417,0.3882191780821918,0.8789261717047849,17,9563.05,2.2639947259862137,B,2,0.00833068773736875,0.21642790364256254,0.8674275774139794,Medium Risk
HOUSEHOLD_1_264,866,0.23726027397260274,0.5441667553133926,5,6469.0199999999995,2.2935434837111814,B,2,0.005091302456288875,0.2192526344673532,0.8673031810770927,Medium Risk
FOODS_2_305,1057,0.2895890410958904,0.6598754176998323,10,9386.26,2.2786615653778504,B,2,0.006214210965701318,0.21782998875617132,0.8672132599165618,Medium Risk
HOUSEHOLD_1_263,949,0.26,0.5937142194725896,5,7021.43,2.283516228740729,B,2,0.005579267934201089,0.21829407314756077,0.8671620023245286,Medium Risk
HOUSEHOLD_2_260,881,0.24136986301369864,0.5521211869379332,7,6140.57,2.2874487313546608,B,2,0.005179488988441686,0.21867000304131587,0.8671548476089272,Medium Risk
HOBBIES_1_030,9687,2.653972602739726,4.626942420495594,52,6780.9,1.7434024811405922,B,2,0.056950862464284456,0.16666158267402173,0.8670837335414919,Medium Risk
FOODS_1_125,1257,0.3443835616438356,0.7782515595879099,7,6632.76,2.2598394530595636,B,2,0.007390031394405446,0.21603067789011038,0.8670262127853547,Medium Risk
FOODS_2_203,1447,0.39643835616438355,0.8895350441979011,8,5167.19,2.243816801190283,B,2,0.008507060801674368,0.21449898308752977,0.8669018131667613,Medium Risk
HOUSEHOLD_2_497,854,0.23397260273972603,0.5323689147089542,5,5533.92,2.2753472349972865,B,2,0.005020753230566628,0.2175131533996173,0.8667601719890552,Medium Risk
FOODS_1_037,2586,0.7084931506849315,1.5358898781556503,32,8968.74,2.1678260074509375,B,2,0.015203358143144378,0.20723459859212126,0.8667313870205797,Medium Risk
HOBBIES_1_312,12204,3.3435616438356166,5.269112301911865,48,6956.28,1.575898058175869,B,2,0.07174856255952591,0.1506488991209184,0.8667192385041333,Medium Risk
HOUSEHOLD_2_155,1020,0.27945205479452057,0.6318830697108652,6,6905.4,2.2611502004359387,B,2,0.005996684186391055,0.21615597955429616,0.8666457991222063,Medium Risk
HOUSEHOLD_2_475,967,0.26493150684931505,0.5993536376134276,7,4796.32,2.262296563897633,B,2,0.0056850917727844594,0.21626556684174836,0.8665851975843598,Medium Risk
FOODS_1_011,2445,0.6698630136986301,1.4544499837190228,34,6546.0,2.171264801870934,B,2,0.014374404740907967,0.20756333216152187,0.8665813210707289,Medium Risk
HOUSEHOLD_2_029,851,0.23315068493150684,0.528857247515562,4,8826.11,2.2683066432806123,B,2,0.005003115924136065,0.21684010390522007,0.8665529659488068,Medium Risk
HOBBIES_1_183,989,0.27095890410958906,0.6120695351650183,6,7893.820000000001,2.25890172229759,B,2,0.005814432019941915,0.21594103496794914,0.8665266400963674,Medium Risk
HOUSEHOLD_2_003,1084,0.29698630136986304,0.6687780952399731,6,9687.519999999999,2.251881962754522,B,2,0.006372946723576376,0.21526997693740565,0.8664928770982946,Medium Risk
FOODS_2_127,852,0.23342465753424657,0.5284771297542464,4,6364.44,2.2640158727734736,B,2,0.005008995026279587,0.21642992518209306,0.8664316760625118,Medium Risk
HOUSEHOLD_2_431,1015,0.27808219178082194,0.6261731276480678,6,9612.050000000001,2.2517555821827067,B,2,0.0059672886756734515,0.21525789551252195,0.8663675552564587,Medium Risk
HOUSEHOLD_2_326,849,0.2326027397260274,0.5244162537787614,4,5043.06,2.254557510356277,B,2,0.004991357719849025,0.21552574747957928,0.8661551315598286,Medium Risk
FOODS_2_354,1380,0.3780821917808219,0.839920420505573,8,6833.66,2.221528648438653,B,2,0.008113160958058484,0.21236833405344285,0.8661444485034504,Medium Risk
FOODS_3_004,1361,0.3728767123287671,0.8276389558887488,12,8138.780000000001,2.2196048412887093,B,2,0.008001458017331592,0.2121844265806489,0.8660557653793942,Medium Risk
FOODS_1_128,1701,0.466027397260274,1.0237368340084463,13,7253.459999999999,2.196731007719476,B,2,0.01000035274612861,0.20999778904530678,0.8659994425374307,Medium Risk
HOUSEHOLD_1_433,989,0.27095890410958906,0.6062209795820301,6,8815.130000000001,2.237317063169272,B,2,0.005814432019941915,0.21387763681937516,0.8659076206517952,Medium Risk
HOBBIES_1_012,786,0.21534246575342467,0.4839832052052501,3,5124.719999999999,2.247504706105805,B,2,0.004620974284807225,0.21485153052085115,0.8658417514416976,Medium Risk
HOBBIES_1_025,1421,0.3893150684931507,0.8582428478459118,10,5652.64,2.204494296015185,B,2,0.008354204145942831,0.2107399251430317,0.8657282387866924,Medium Risk
HOBBIES_1_150,2915,0.7986301369863014,1.6871666840459774,32,5046.81,2.1125757793371585,B,2,0.01713758274836267,0.20195292063183817,0.8657271510140603,Medium Risk
HOBBIES_1_128,883,0.24191780821917808,0.5408463915220105,4,7461.589999999999,2.2356617543095565,B,2,0.005191247192728727,0.21371939659810738,0.8656731931372509,Medium Risk
HOUSEHOLD_2_280,837,0.2293150684931507,0.5121337498271711,5,4996.889999999999,2.233319219676433,B,2,0.004920808494126777,0.21349546062597907,0.8655248807360318,Medium Risk
HOUSEHOLD_2_234,1009,0.27643835616438356,0.6140926725924103,7,5781.570000000001,2.2214452477327034,B,2,0.005932014062812327,0.21236036131404384,0.8654877126130569,Medium Risk
FOODS_2_265,1444,0.3956164383561644,0.8682345012067276,9,5319.24,2.1946370702247617,B,2,0.008489423495243805,0.20979761786242465,0.8654861124073006,Medium Risk
HOBBIES_2_070,905,0.24794520547945206,0.5521848254012636,4,9022.85,2.2270437709553725,B,2,0.00532058743988618,0.21289555542499683,0.8654648428594649,Medium Risk
HOUSEHOLD_2_259,984,0.26958904109589044,0.5984185753547278,6,7842.48,2.2197436992324757,B,2,0.0057850365092243115,0.21219770078722217,0.865394821188934,Medium Risk
FOODS_1_053,1249,0.3421917808219178,0.7534705425720503,7,7220.089999999999,2.2018955007109553,B,2,0.007342998577257281,0.2104914917817545,0.8653503471077036,Medium Risk
HOUSEHOLD_1_388,1505,0.4123287671232877,0.9013319831156485,24,5175.26,2.1859546434366224,B,2,0.008848048725998566,0.20896761618144968,0.8653446994722345,Medium Risk
HOUSEHOLD_2_355,842,0.23068493150684932,0.5133897172988917,4,9824.26,2.225501743635338,B,2,0.00495020400484438,0.21274814441895343,0.8653095045271394,Medium Risk
FOODS_3_326,6585,1.8041095890410959,3.3749410378684592,32,9678.6,1.8706962472619402,B,2,0.038713887615083424,0.1788303049030053,0.8652632577554267,Medium Risk
HOUSEHOLD_1_464,924,0.25315068493150683,0.5609198409733888,5,8750.28,2.2157547830658757,B,2,0.0054322903806130725,0.2118163780068137,0.865174600516228,Medium Risk
HOUSEHOLD_2_090,1152,0.3156164383561644,0.6945763070913247,7,6877.44,2.200697500766784,B,2,0.006772725669335779,0.21037696827447558,0.8651449081831435,Medium Risk
HOBBIES_1_191,906,0.2482191780821918,0.5488255540763538,4,8126.820000000001,2.211052177018423,B,2,0.005326466542029702,0.21136682962367262,0.8650079888497108,Medium Risk
FOODS_2_353,2536,0.6947945205479452,1.4665355524806138,14,7172.639999999999,2.1107471476948896,B,2,0.014909403035968346,0.20177811151751998,0.8650062543660465,Medium Risk
FOODS_2_023,3930,1.0767123287671232,2.18031506594251,22,5026.76,2.0249745523384637,B,2,0.023104871424036118,0.19357862995959071,0.865005050415088,Medium Risk
HOUSEHOLD_2_236,821,0.22493150684931507,0.49837533604299605,4,6962.08,2.2156759763178266,B,2,0.004826742859830447,0.2118088444295145,0.8649906761868035,Medium Risk
HOUSEHOLD_2_046,918,0.2515068493150685,0.555279775948691,5,6370.92,2.2078117453297628,B,2,0.005397015767751949,0.211057058655912,0.8649362223270992,Medium Risk
HOBBIES_1_333,976,0.2673972602739726,0.5892571357562232,5,4850.719999999999,2.203676788432597,B,2,0.005738003692076146,0.21066177502621358,0.864919933615487,Medium Risk
HOBBIES_1_414,1128,0.30904109589041096,0.6780029764899599,7,8144.16,2.193892610096058,B,2,0.006631627217891283,0.20972645075980229,0.8649074233933081,Medium Risk
FOODS_2_114,1897,0.5197260273972603,1.1153135378706633,9,4854.74,2.145964371759579,B,2,0.011152656766258656,0.20514472270655926,0.8648892138418454,Medium Risk
FOODS_1_013,5680,1.5561643835616439,2.9769824165427945,48,8520.0,1.9130256726023238,B,2,0.033393300175197246,0.18287681114423468,0.8648810333958297,Medium Risk
HOUSEHOLD_1_315,991,0.27150684931506847,0.5973213047556869,9,9392.2,2.2000229690799773,B,2,0.005826190224228955,0.21031248602226874,0.8648416028739493,Medium Risk
HOBBIES_1_189,15946,4.368767123287671,5.58453899270526,64,7652.28,1.2782871769330366,B,2,0.09374816278058014,0.12219861238248804,0.8647840325489206,Medium Risk
FOODS_3_827,7203,1.9734246575342467,3.581965966351437,66,7194.0,1.815101454558204,B,2,0.042347172739779185,0.17351568808866133,0.8647588582485322,Medium Risk
HOUSEHOLD_2_385,864,0.23671232876712328,0.5217863964866907,5,6445.88,2.2043059573801167,B,2,0.005079544252001834,0.21072192080075347,0.8647404395158266,Medium Risk
HOUSEHOLD_2_273,1211,0.3317808219178082,0.7240937153390158,6,6355.9,2.1824459628302293,B,2,0.0071195926958034965,0.20863220180107292,0.864725538349063,Medium Risk
HOBBIES_1_370,16259,4.454520547945205,5.597756039740307,77,7804.0599999999995,1.2566461372195168,B,2,0.0955883217515021,0.12012982449880502,0.8647154438750922,Medium Risk
FOODS_2_113,1941,0.5317808219178082,1.1362163131124887,9,5016.1,2.136625215281084,B,2,0.011411337260573563,0.20425194056566887,0.8646989833478728,Medium Risk
FOODS_2_012,1614,0.4421917808219178,0.9515967838096199,12,5097.0599999999995,2.152000161651247,B,2,0.009488870859642316,0.20572171758118807,0.8645631765322491,Medium Risk
FOODS_3_602,3170,0.8684931506849315,1.7839512244007794,28,8488.800000000001,2.0540763309346515,B,2,0.018636753794960433,0.19636063155241654,0.8644992156042132,Medium Risk
FOODS_2_177,1974,0.5408219178082192,1.1505497553118793,14,6552.45,2.1274096286161903,B,2,0.011605347631309746,0.20337097115358224,0.8644928956354676,Medium Risk
FOODS_3_152,2856,0.7824657534246575,1.6204095148910196,15,7988.54,2.0709015158796293,B,2,0.01679071572189495,0.19796904497504664,0.8644279282090825,Medium Risk
FOODS_3_198,1174,0.32164383561643833,0.6988990553399175,6,7539.4400000000005,2.172897403739948,B,2,0.006902065916493233,0.2077194016946961,0.8643864402833568,Medium Risk
FOODS_1_075,1355,0.37123287671232874,0.80250011026872,13,4781.46,2.161716164192493,B,2,0.00796618340447047,0.20665052454246388,0.8643850123840804,Medium Risk
FOODS_3_594,8792,2.4087671232876713,4.102620310206181,36,8482.52,1.7032033817393721,B,2,0.05168906604583348,0.1628187261903631,0.8643523376708591,Medium Risk
FOODS_1_022,1204,0.32986301369863014,0.7144986631785829,11,6403.71,2.166046611795538,B,2,0.007078438980798852,0.2070644962208443,0.8642428805604929,Medium Risk
FOODS_1_158,1086,0.29753424657534244,0.6464435259003327,6,5070.74,2.1726693089652067,B,2,0.006384704927863416,0.20769759684092926,0.8642246905306379,Medium Risk
FOODS_3_451,4216,1.155068493150685,2.2859581389454386,22,6239.679999999999,1.979067174371644,B,2,0.024786294637083026,0.18919008723860115,0.8641929145627052,Medium Risk
HOBBIES_1_381,10827,2.9663013698630136,4.663428177276732,61,7578.9,1.5721356651944278,B,2,0.06365303890789799,0.15028923095724894,0.8641826809595441,Medium Risk
FOODS_1_062,1903,0.5213698630136986,1.105658624974633,25,8124.039999999999,2.1206799690790388,B,2,0.011187931379119779,0.20272764540324534,0.8641746730347095,Medium Risk
HOUSEHOLD_2_390,967,0.26493150684931505,0.5769889125693228,8,5782.660000000001,2.177879556233742,B,2,0.0056850917727844594,0.2081956734843266,0.8641642295771333,Medium Risk
HOUSEHOLD_1_508,1401,0.3838356164383562,0.8252732843114833,11,6830.82,2.1500695843946565,B,2,0.00823662210307242,0.20553716291607863,0.8641321355057453,Medium Risk
HOBBIES_1_404,15400,4.219178082191781,5.4303597686377385,52,7392.0,1.2870657893199835,B,2,0.09053817301021788,0.12303780898219298,0.8640727945977233,Medium Risk
HOUSEHOLD_2_491,995,0.2726027397260274,0.5922122419686816,5,6929.889999999999,2.1724368675233046,B,2,0.005849706632803038,0.20767537646496587,0.8640575249293307,Medium Risk
FOODS_3_015,4262,1.1676712328767123,2.301916058537631,54,7586.36,1.9713734429052918,B,2,0.02505673333568497,0.18845460046677306,0.8640534001407375,Medium Risk
HOBBIES_1_063,891,0.2441095890410959,0.531676345028704,6,4873.7699999999995,2.1780231867056896,B,2,0.0052382800098768915,0.20820940392353035,0.8640343051800222,Medium Risk
HOUSEHOLD_2_499,4839,1.3257534246575342,2.5638291353063702,36,9532.83,1.9338657457880248,B,2,0.028448975272496384,0.1848690301629314,0.8639954016306284,Medium Risk
FOODS_3_128,1660,0.4547945205479452,0.9676942696310026,9,4932.88,2.127761496477807,B,2,0.009759309558244266,0.2034046081681807,0.8639491753179275,Medium Risk
HOUSEHOLD_1_094,2420,0.663013698630137,1.3774509135608728,18,8421.6,2.0775602621889195,B,2,0.014227427187319954,0.19860559173377618,0.8638499056763289,Medium Risk
HOBBIES_1_016,11569,3.1695890410958905,4.789513769061424,42,8098.299999999999,1.5110835212269165,B,2,0.0680153326983903,0.14445291544815844,0.8637404744439647,Medium Risk
HOUSEHOLD_2_447,2773,0.7597260273972603,1.557369148371414,27,5462.81,2.0499089042753917,B,2,0.016302750243982738,0.19596224395676753,0.8636794982602252,Medium Risk
FOODS_2_111,1155,0.31643835616438354,0.6796404387325505,5,6880.3,2.1477814730509173,B,2,0.00679036297576634,0.2053184295702178,0.8636326377637953,Medium Risk
HOUSEHOLD_2_488,1136,0.31123287671232874,0.6676241199095552,8,5670.23,2.145095103582638,B,2,0.006678660035039448,0.20506162450536686,0.8635220853621219,Medium Risk
HOBBIES_1_283,899,0.2463013698630137,0.5311804432869713,5,9552.48,2.156628051165123,B,2,0.005285312827025056,0.2061641233934813,0.8634348308661519,Medium Risk
FOODS_3_685,3040,0.8328767123287671,1.6862780875578733,32,7508.08,2.0246430985481045,B,2,0.017872470516302752,0.19354694444010676,0.863425824486923,Medium Risk
HOUSEHOLD_2_505,1053,0.28849315068493153,0.6192350925484236,6,5233.41,2.146446427162152,B,2,0.006190694557127236,0.20519080507548926,0.863414449889785,Medium Risk
FOODS_1_021,6345,1.7383561643835617,3.164578991115161,45,6191.98,1.8204433912640408,B,2,0.03730290310063847,0.17402635366105212,0.8633987770285072,Medium Risk
HOUSEHOLD_2_246,958,0.26246575342465756,0.5644433321458767,8,7539.46,2.15054087926143,B,2,0.005632179853492775,0.2055822166252779,0.8633643189436312,Medium Risk
HOUSEHOLD_2_095,1062,0.290958904109589,0.6227181736304915,6,6738.139999999999,2.140227244586906,B,2,0.0062436064764189204,0.20459627866971572,0.8632519655438404,Medium Risk
FOODS_2_229,2845,0.7794520547945205,1.5810486045919314,13,6021.59,2.028410336295448,B,2,0.016726045598316225,0.19390707574201405,0.8631899364020991,Medium Risk
HOBBIES_1_256,13808,3.783013698630137,5.121118582455938,59,6627.84,1.353713993769132,B,2,0.08117864239773301,0.12940908317506314,0.8631763176718389,Medium Risk
HOUSEHOLD_2_071,1072,0.2936986301369863,0.6275739147672896,5,6762.84,2.136795512034148,B,2,0.006302397497854128,0.2042682201836555,0.8631711853044529,Medium Risk
HOBBIES_1_103,13449,3.6846575342465755,5.0642904507717015,62,9414.3,1.3744263622066109,B,2,0.07906804472820911,0.13138909418345593,0.8631371416734995,Medium Risk
HOUSEHOLD_2_114,1121,0.30712328767123287,0.6548331589219636,5,6656.59,2.132150785071514,B,2,0.006590473502886639,0.20382420478557317,0.863124403486538,Medium Risk
HOBBIES_1_355,1266,0.34684931506849315,0.7364169227493464,7,5312.32,2.1231609542141507,B,2,0.007442943313697132,0.20296481663231114,0.8631223279838025,Medium Risk
HOUSEHOLD_1_206,1478,0.40493150684931506,0.853717104626527,8,7271.76,2.1083000215743053,B,2,0.008689312968123508,0.20154417706080593,0.8630700470086788,Medium Risk
HOBBIES_1_295,15058,4.125479452054795,5.246213328854394,63,7227.639999999999,1.2716614856102098,B,2,0.08852752007713383,0.1215652255345759,0.8630278236835129,Medium Risk
HOUSEHOLD_2_361,899,0.2463013698630137,0.5275566280034619,6,6239.06,2.1419151192576598,B,2,0.005285312827025056,0.20475763203878924,0.8630128834597444,Medium Risk
HOUSEHOLD_2_303,1097,0.30054794520547945,0.6397148635404544,5,7613.18,2.128495215973253,B,2,0.006449375051442143,0.20347474851366756,0.8629772370695329,Medium Risk
FOODS_1_192,2262,0.6197260273972602,1.2733088210654437,17,5064.02,2.0546318288633376,B,2,0.01329852904864369,0.19641373470270368,0.8629136791254042,Medium Risk
FOODS_2_067,2670,0.7315068493150685,1.4844472515828644,17,5790.02,2.0293005499166497,B,2,0.01569720272320011,0.19399217623523488,0.8629068136875305,Medium Risk
HOUSEHOLD_2_055,947,0.25945205479452055,0.5538422814371243,4,8494.59,2.134661380407079,B,2,0.005567509729914048,0.20406420661911742,0.8628895149047096,Medium Risk
HOUSEHOLD_1_209,1420,0.38904109589041097,0.8189924301649407,9,4933.820000000001,2.1051565986634038,B,2,0.008348325043799312,0.2012436797040499,0.8628776014243548,Medium Risk
HOUSEHOLD_2_463,1348,0.3693150684931507,0.7789649039859776,8,7370.54,2.1092150590124765,B,2,0.007925029689465825,0.2016316506013689,0.8628670040872505,Medium Risk
HOUSEHOLD_2_021,1172,0.32109589041095893,0.6788661933133626,7,5232.929999999999,2.114216387025404,B,2,0.0068903077122061925,0.2021097554859972,0.862700018959461,Medium Risk
HOUSEHOLD_2_500,970,0.26575342465753427,0.5648465010670235,5,5664.8,2.1254533287573563,B,2,0.005702729079215023,0.20318395752122528,0.8626660059801322,Medium Risk
HOBBIES_1_386,1116,0.30575342465753425,0.6468464255033066,6,6539.76,2.1155819472106354,B,2,0.0065610779921690355,0.20224029701279278,0.8626404125014886,Medium Risk
FOODS_2_231,2754,0.7545205479452055,1.5195853391282899,12,6864.67,2.0139747595563753,B,2,0.016191047303255848,0.19252709831731052,0.8626154436861699,Medium Risk
HOBBIES_1_310,1258,0.34465753424657536,0.7258339854891344,7,6624.9800000000005,2.1059571121107634,B,2,0.007395910496548967,0.20132020525654398,0.8626148347259279,Medium Risk
HOUSEHOLD_1_375,1116,0.30575342465753425,0.6464226193581187,7,8894.52,2.114195842882736,B,2,0.0065610779921690355,0.2021077915566299,0.8626006608646397,Medium Risk
HOUSEHOLD_2_058,903,0.2473972602739726,0.5260024877772694,4,9002.91,2.126145161004467,B,2,0.005308829235599139,0.203250093630641,0.8625676768598721,Medium Risk
FOODS_2_161,993,0.2720547945205479,0.5765228714260722,5,7417.71,2.1191424780515242,B,2,0.005837948428515997,0.20258066804674585,0.8625255849425786,Medium Risk
FOODS_3_405,1692,0.46356164383561643,0.9623857178052938,10,5932.68,2.07606848108116,B,2,0.009947440826836925,0.19846298404386414,0.8625231274612104,Medium Risk
HOUSEHOLD_2_188,1292,0.353972602739726,0.7430443693669837,7,9354.08,2.0991578546358287,B,2,0.007595799969428669,0.20067022625052613,0.8624798078659865,Medium Risk
HOUSEHOLD_2_222,1692,0.46356164383561643,0.9603903384850612,15,8932.359999999999,2.0717640280558354,B,2,0.009947440826836925,0.19805149733238644,0.8623996814477671,Medium Risk
HOBBIES_1_319,8729,2.3915068493150686,3.9194247062602137,40,8417.65,1.6388933644002497,B,2,0.05131868261079168,0.15667097236560096,0.8623968964929178,Medium Risk
HOBBIES_2_053,1179,0.323013698630137,0.6777533795934234,6,5859.63,2.098218690005085,B,2,0.006931461427210837,0.20058044625683888,0.8622535723052149,Medium Risk
HOUSEHOLD_2_498,1853,0.5076712328767123,1.0436204565347214,9,5517.5199999999995,2.0557013849712535,B,2,0.010893976271943748,0.19651597954612465,0.8622229867454205,Medium Risk
FOODS_2_053,1129,0.30931506849315066,0.6495952927058715,6,8118.58,2.100108785098699,B,2,0.006637506320034804,0.20076113100583612,0.8622195911977614,Medium Risk
HOBBIES_1_233,12371,3.3893150684931506,4.768806312296195,44,8659.699999999999,1.4070118050182776,B,2,0.07273037261749385,0.13450411870009724,0.8621703473952774,Medium Risk
HOUSEHOLD_2_081,1938,0.530958904109589,1.0874356110736825,15,4980.66,2.04805984541741,B,2,0.011393699954143003,0.1957854820907829,0.8621537546134779,Medium Risk
HOUSEHOLD_2_066,875,0.23972602739726026,0.5062610800569534,3,6072.5,2.1118319339518625,B,2,0.005144214375580561,0.20188181229597238,0.8621078080014659,Medium Risk
FOODS_1_019,9526,2.60986301369863,4.118698045552453,35,8978.48,1.5781280565049813,B,2,0.05600432701917763,0.15086207711906324,0.8620599212414722,Medium Risk
HOUSEHOLD_2_088,1077,0.29506849315068495,0.6179047759214413,5,7506.69,2.094106250801542,B,2,0.0063317930085717315,0.2001873152192687,0.8619557324683521,Medium Risk
HOUSEHOLD_2_001,1025,0.2808219178082192,0.5888238213007883,4,6938.45,2.0967872660954896,B,2,0.006026079697108657,0.20044360844868422,0.8619409064437379,Medium Risk
HOUSEHOLD_2_035,1552,0.4252054794520548,0.8772389193641265,9,9218.880000000001,2.0630941080406324,B,2,0.009124366526744036,0.19722269124370542,0.8619041173311349,Medium Risk
FOODS_3_810,3150,0.863013698630137,1.695310286084656,18,7862.34,1.9644071568917443,B,2,0.01851917175209002,0.18778865426964586,0.8618923478065208,Medium Risk
FOODS_2_200,1626,0.4454794520547945,0.915691055914526,8,7404.92,2.0555180529446617,B,2,0.009559420085364562,0.19649845381352007,0.8618173621696655,Medium Risk
HOUSEHOLD_2_296,1009,0.27643835616438356,0.5787110394229076,5,4823.02,2.0934542060392594,B,2,0.005932014062812327,0.2001249826178001,0.8618170990041838,Medium Risk
FOODS_2_207,1019,0.2791780821917808,0.5840009831561689,4,7937.3,2.0918582811776414,B,2,0.0059908050842475335,0.19997241924465858,0.8617889672986719,Medium Risk
HOUSEHOLD_2_028,936,0.25643835616438354,0.5374374860573128,4,5559.84,2.0957765214841793,B,2,0.00550283960633532,0.2003469857247737,0.8617549475993328,Medium Risk
HOUSEHOLD_2_268,1082,0.2964383561643836,0.6170265464392316,6,5918.54,2.081466630779293,B,2,0.006361188519289334,0.1989790233302219,0.8616020635548535,Medium Risk
FOODS_2_377,2357,0.6457534246575343,1.2924045220590112,10,6038.32,2.0013901168924018,B,2,0.013857043752278152,0.19132406202107177,0.861554331732005,Medium Risk
HOUSEHOLD_2_443,1223,0.33506849315068493,0.6939450044424694,6,5699.18,2.0710541833319813,B,2,0.007190141921525744,0.19798363930969226,0.8615521343693655,Medium Risk
HOUSEHOLD_2_305,947,0.25945205479452055,0.541330664652045,5,5180.09,2.0864381478141123,B,2,0.005567509729914048,0.19945427841691407,0.8615065364440485,Medium Risk
HOUSEHOLD_1_432,1823,0.49945205479452054,1.0143528628475953,12,7191.83,2.0309314039460906,B,2,0.01071760320763813,0.19414807868266004,0.8614597045670894,Medium Risk
FOODS_3_334,2647,0.7252054794520548,1.4360756466083868,13,7876.0599999999995,1.9802327578846286,B,2,0.015561983373899139,0.18930151187812885,0.8614590485756085,Medium Risk
FOODS_2_390,1216,0.33315068493150685,0.6887278551111047,15,8532.32,2.0673163414107996,B,2,0.0071489882065211,0.19762631811902728,0.8614325918976646,Medium Risk
HOUSEHOLD_2_349,1891,0.5180821917808219,1.048992597073684,13,9398.27,2.024760962093573,B,2,0.011117382153397533,0.19355821167486167,0.8614026781484778,Medium Risk
HOUSEHOLD_2_256,1390,0.38082191780821917,0.7825616413147718,6,8256.6,2.054928050934473,B,2,0.008171951979493691,0.19644205222532535,0.8613842012614457,Medium Risk
FOODS_2_234,2044,0.56,1.1280523282887345,10,5294.8,2.014379157658454,B,2,0.012016884781356192,0.1925657569910545,0.8613747925317232,Medium Risk
HOBBIES_1_187,1144,0.3134246575342466,0.6486789475769558,9,7906.72,2.0696487400838186,B,2,0.006725692852187614,0.19784928513810474,0.8613724933970877,Medium Risk
HOUSEHOLD_2_226,1108,0.30356164383561646,0.6281192261818582,7,7718.719999999999,2.069165320905941,B,2,0.0065140451750208715,0.19780307239827463,0.8612951352719886,Medium Risk
FOODS_3_214,5602,1.5347945205479452,2.7497268653262767,22,5371.08,1.7915928344235827,B,2,0.03293473020800263,0.1712683677593045,0.8612609293901922,Medium Risk
HOBBIES_1_244,14391,3.9427397260273973,4.920442216298224,43,6907.38,1.2479754075108414,B,2,0.08460615894740556,0.11930094100700163,0.8611721299863222,Medium Risk
FOODS_3_177,3341,0.9153424657534247,1.7613773620500195,16,9677.16,1.9242823620121434,B,2,0.019642080261502465,0.18395290097031033,0.8610784943695439,Medium Risk
HOBBIES_1_007,937,0.2567123287671233,0.5319242636808981,4,7383.5599999999995,2.0720635671667855,B,2,0.005508718708478841,0.19808013194937463,0.8610766551973561,Medium Risk
FOODS_3_754,1368,0.3747945205479452,0.7663949511358019,14,8528.84,2.0448403301503486,B,2,0.008042611732336237,0.1954777106406123,0.8610560967118845,Medium Risk
FOODS_1_111,1230,0.336986301369863,0.6912336903036997,6,7355.400000000001,2.051221926510979,B,2,0.007231295636530389,0.19608776308745385,0.8609957176171953,Medium Risk
FOODS_3_583,4173,1.1432876712328768,2.1373795849722828,76,6215.55,1.869502872070173,B,2,0.02453349324491164,0.17871622350164484,0.860974915023967,Medium Risk
FOODS_3_696,1395,0.3821917808219178,0.779611821277374,6,6292.22,2.0398445502956384,B,2,0.008201347490211295,0.19500013613542272,0.8609604450876902,Medium Risk
FOODS_3_341,1337,0.3663013698630137,0.7479312966978996,7,5320.26,2.041846845884318,B,2,0.007860359565887098,0.19519154675655037,0.8609155718967313,Medium Risk
FOODS_3_692,11313,3.0994520547945204,4.425470602455209,56,9044.400000000001,1.4278235391992853,B,2,0.06651028254964901,0.13649362863501974,0.8609011733554006,Medium Risk
FOODS_3_771,2271,0.6221917808219178,1.2332742288650729,15,5698.35,1.982144841636951,B,2,0.013351440967935377,0.18948429864585148,0.8608507218841361,Medium Risk
FOODS_1_209,2246,0.6153424657534247,1.220310984484643,15,5031.040000000001,1.9831411813753101,B,2,0.01320446341434736,0.18957954432748395,0.8608352023225494,Medium Risk
FOODS_3_148,8527,2.336164383561644,3.7277347158346443,38,8167.179999999999,1.5956645611348015,B,2,0.05013110397780051,0.15253848956414823,0.8608008780625847,Medium Risk
HOUSEHOLD_2_257,1341,0.3673972602739726,0.7462926134112361,7,7683.93,2.0312960767718207,B,2,0.00788387597446118,0.19418293979531293,0.8606200447309322,Medium Risk
HOBBIES_1_084,1467,0.4019178082191781,0.8098777985599382,7,6169.82,2.0150333774667857,B,2,0.008624642844544781,0.1926282975173258,0.8603758821085612,Medium Risk
HOUSEHOLD_1_360,1273,0.34876712328767123,0.7068198209332585,11,5040.09,2.026623995605965,B,2,0.0074840970287017765,0.19373630945613068,0.8603661219454498,Medium Risk
HOUSEHOLD_2_284,1549,0.4243835616438356,0.852129642838025,13,9201.060000000001,2.0079233030076122,B,2,0.009106729220313473,0.19194860577940837,0.8603166004999167,Medium Risk
HOBBIES_1_209,9338,2.5583561643835617,3.910343183649974,52,6511.849999999999,1.5284592654018425,B,2,0.05489905581619575,0.14611395990327333,0.8603039047158408,Medium Risk
FOODS_3_796,2067,0.5663013698630137,1.118181669600234,14,6097.2,1.9745346366912695,B,2,0.012152104130657166,0.18875679664075445,0.8602726702314235,Medium Risk
HOUSEHOLD_2_082,1608,0.44054794520547946,0.8818375182737079,9,9039.65,2.001683421454623,B,2,0.00945359624678119,0.1913521006427177,0.8602417090668497,Medium Risk
HOUSEHOLD_1_115,1418,0.3884931506849315,0.780889289403052,9,7002.97,2.0100464783646967,B,2,0.008336566839512269,0.1921515719728915,0.8601464416437212,Medium Risk
HOUSEHOLD_2_323,1357,0.3717808219178082,0.7481581338322695,7,5387.29,2.0123634403005037,B,2,0.00797794160875751,0.19237306330802167,0.8601053014750337,Medium Risk
FOODS_2_257,8417,2.306027397260274,3.639148282014257,31,8417.0,1.5781027954558677,B,2,0.04948440274201323,0.15085966227425784,0.8601032195048813,Medium Risk
FOODS_2_260,2082,0.5704109589041096,1.1216013959077342,13,5310.84,1.9663040802417049,B,2,0.012240290662809976,0.1879699917698133,0.8600630847297871,Medium Risk
HOUSEHOLD_2_146,1167,0.31972602739726025,0.646655863217563,5,7547.5599999999995,2.0225311917258826,B,2,0.006860912201488588,0.1933450554688227,0.8600617903010934,Medium Risk
FOODS_1_167,1694,0.4641095890410959,0.9216792073681079,11,8229.12,1.9859085636916138,B,2,0.009959199031123966,0.18984409386305506,0.8599409878682538,Medium Risk
HOBBIES_1_298,1500,0.410958904109589,0.82099766922875,8,6317.44,1.9977609951232917,B,2,0.008818653215280962,0.19097713399710742,0.8599387361637165,Medium Risk
FOODS_3_483,2370,0.6493150684931507,1.2619528042486619,17,6989.54,1.9435138124504707,B,2,0.01393347208014392,0.18579134275402956,0.8599174444502521,Medium Risk
HOUSEHOLD_1_520,1622,0.44438356164383563,0.8833296494891782,8,8886.01,1.9877640077900742,B,2,0.009535903676790481,0.19002146612984813,0.8598672109419917,Medium Risk
HOUSEHOLD_2_329,1820,0.4986301369863014,0.9850197709766209,12,4950.400000000001,1.9754517384970693,B,2,0.010699965901207567,0.18884446752575157,0.8598633300280878,Medium Risk
HOUSEHOLD_2_444,1238,0.3391780821917808,0.6817709304467594,7,7822.36,2.0100677674722713,B,2,0.007278328453678554,0.19215360711761598,0.8598295806713884,Medium Risk
FOODS_2_332,1794,0.4915068493150685,0.9704085292856145,12,6326.16,1.9743540311552357,B,2,0.01054710924547603,0.1887395315486138,0.8597859922382269,Medium Risk
HOBBIES_1_252,7252,1.9868493150684932,3.2555944541612196,61,4930.58,1.6385713951583634,B,2,0.04263524874481169,0.15664019352709085,0.8597826326815707,Medium Risk
HOUSEHOLD_2_193,1247,0.34164383561643835,0.6847535351807482,5,6160.18,2.0042906202163038,B,2,0.00733124037297024,0.19160133733743848,0.8596797733131226,Medium Risk
FOODS_2_124,1791,0.49068493150684933,0.9664392053545162,13,5051.099999999999,1.9695718032071379,B,2,0.010529471939045468,0.18828237166318307,0.8596435530806686,Medium Risk
HOBBIES_1_159,1960,0.536986301369863,1.0516279318369923,11,6350.400000000001,1.958388750614807,B,2,0.011523040201300457,0.18721332119186257,0.8596209084179489,Medium Risk
FOODS_2_335,1384,0.37917808219178084,0.7559424822801779,7,4926.82,1.993634436649313,B,2,0.008136677366632568,0.19058265321959916,0.8596157991758695,Medium Risk
HOUSEHOLD_2_139,1242,0.3402739726027397,0.6808220745428398,6,7253.28,2.0008056135920818,B,2,0.0073018448622526365,0.1912681860852719,0.8595710092842574,Medium Risk
FOODS_3_106,7974,2.1846575342465755,3.4635296296884386,44,7974.0,1.5853879042341108,B,2,0.0468799604924336,0.15155608652056274,0.859530814103899,Medium Risk
HOUSEHOLD_2_476,1309,0.35863013698630136,0.7150178465453184,7,5193.780000000001,1.9937472420858764,B,2,0.007695744705868519,0.19059343692146677,0.8594867544882007,Medium Risk
HOUSEHOLD_2_191,1785,0.48904109589041095,0.9604485403676414,15,9694.2,1.9639423934688465,B,2,0.010494197326184345,0.1877442249376545,0.8594715266791517,Medium Risk
FOODS_2_159,1275,0.3493150684931507,0.696784944895523,6,5061.75,1.9947176853871835,B,2,0.0074958552329888175,0.19068620701801123,0.8594546186753,Medium Risk
FOODS_3_179,1302,0.3567123287671233,0.7107907561482607,11,6481.960000000001,1.9926161750700089,B,2,0.007654590990863875,0.1904853119067246,0.8594419708692767,Medium Risk
FOODS_2_190,2089,0.5723287671232876,1.1119083368189038,12,5386.15,1.9427790470986113,B,2,0.012281444377814619,0.1857211024292855,0.8594007640421301,Medium Risk
FOODS_3_187,2898,0.793972602739726,1.5029948541907365,13,7244.48,1.893005941268526,B,2,0.017037638011922818,0.1809630131859935,0.8594001953593748,Medium Risk
FOODS_3_352,1932,0.5293150684931507,1.0332063145771575,23,7475.16,1.9519684514527045,B,2,0.01135842534128188,0.18659956892801546,0.8593873982807892,Medium Risk
FOODS_2_258,1981,0.5427397260273973,1.0576468089438436,16,5993.03,1.9487182496946132,B,2,0.01164650134631439,0.18628886398473754,0.8593806095993156,Medium Risk
FOODS_2_011,1930,0.5287671232876713,1.0313633964235238,8,4943.74,1.9505059051532962,B,2,0.011346667136994839,0.18645975595675368,0.8593419269281246,Medium Risk
HOUSEHOLD_1_116,1797,0.49232876712328766,0.9641825060831823,10,5337.09,1.9584118793564917,B,2,0.010564746551906591,0.1872155321974887,0.8593340836248187,Medium Risk
HOUSEHOLD_2_426,1358,0.37205479452054796,0.7386205486527238,7,5934.46,1.985246688205038,B,2,0.007983820710901032,0.189780821487732,0.85932939265959,Medium Risk
HOUSEHOLD_2_513,1975,0.541095890410959,1.0530379411843038,12,5490.5,1.9461207520621309,B,2,0.011611226733453267,0.1860405546751521,0.8592955344225817,Medium Risk
FOODS_3_466,1527,0.41835616438356166,0.8240975593552263,7,5763.5199999999995,1.9698468183671094,B,2,0.00897738897315602,0.18830866189869438,0.8591858152615551,Medium Risk
FOODS_3_317,6721,1.8413698630136985,3.036687751399967,35,6447.139999999999,1.6491460039592143,B,2,0.03951344550660223,0.15765107945731818,0.8591493574891762,Medium Risk
HOBBIES_1_286,9158,2.509041095890411,3.7602222651924615,60,6409.91,1.4986690617986989,B,2,0.05384081743036204,0.14326614791815268,0.8591320896045544,Medium Risk
HOBBIES_1_264,1537,0.4210958904109589,0.8283440768692648,7,6870.389999999999,1.9671150816999456,B,2,0.009036179994591225,0.18804751992985866,0.8591251099773349,Medium Risk
FOODS_1_078,1720,0.4712328767123288,0.9216317954378307,11,5983.2,1.95578840310935,B,2,0.010112055686855503,0.1869647394469987,0.8591230385401563,Medium Risk
HOBBIES_1_351,1229,0.3367123287671233,0.6685964790774821,6,7079.04,1.9856608206939053,B,2,0.007225416534386869,0.18982041072589015,0.8591137481780832,Medium Risk
HOUSEHOLD_1_172,3357,0.9197260273972603,1.704658049113875,30,6579.72,1.8534411317443085,B,2,0.019736145895798793,0.17718079201513207,0.8590750813732794,Medium Risk
FOODS_2_280,1787,0.4895890410958904,0.9541567027004567,20,7094.39,1.948893097289685,B,2,0.010505955530471386,0.1863055786431349,0.8590434602520819,Medium Risk
HOUSEHOLD_2_143,1341,0.3673972602739726,0.7254373330556564,12,8662.86,1.9745311451552168,B,2,0.00788387597446118,0.18875646286531772,0.8589921016519337,Medium Risk
HOUSEHOLD_2_486,1258,0.34465753424657536,0.6802262979079307,6,7510.259999999999,1.9736295607026604,B,2,0.007395910496548967,0.1886702753708047,0.8588198557602061,Medium Risk
HOBBIES_1_292,1234,0.33808219178082194,0.6676994644088359,6,8119.72,1.9749619490212729,B,2,0.007254812045104472,0.18879764581355582,0.8588157373575981,Medium Risk
FOODS_2_290,2647,0.7252054794520548,1.3684561612445334,13,6772.06,1.88699092880338,B,2,0.015561983373899139,0.18038800454163884,0.8587849963746614,Medium Risk
HOBBIES_1_043,9471,2.594794520547945,3.806850105667216,30,6629.7,1.4671104303331581,B,2,0.05568097640128399,0.14024928203435963,0.8587790775306932,Medium Risk
HOUSEHOLD_1_253,1663,0.4556164383561644,0.8870602115179294,11,5753.13,1.9469451425378486,B,2,0.009776946864674826,0.18611936276617572,0.8587688928892552,Medium Risk
HOUSEHOLD_2_180,2148,0.5884931506849315,1.1281199497757994,12,6100.32,1.9169636018071081,B,2,0.012628311404282336,0.183253259796125,0.8587644713601222,Medium Risk
HOUSEHOLD_2_221,2235,0.6123287671232877,1.1699214259557074,14,6190.95,1.910609935005965,B,2,0.013139793290768633,0.18264587729190307,0.8587357011748016,Medium Risk
FOODS_3_410,2702,0.7402739726027397,1.3931063615602837,12,7241.360000000001,1.8818794299389472,B,2,0.015885333991792774,0.17989936780984672,0.8587354105404919,Medium Risk
HOBBIES_1_378,2333,0.6391780821917808,1.2171467849191704,13,7558.920000000001,1.904237361746666,B,2,0.013715945300833657,0.18203668741372525,0.8587257898143676,Medium Risk
FOODS_1_003,1843,0.5049315068493151,0.9757839682355833,11,5952.89,1.932507587661356,B,2,0.010835185250508543,0.18473919624026536,0.8586723144472321,Medium Risk
FOODS_3_158,1332,0.3649315068493151,0.7166177739549342,7,8311.43,1.963704861062695,B,2,0.007830964055169495,0.1877215178879779,0.8586657445829443,Medium Risk
HOUSEHOLD_1_001,1467,0.4019178082191781,0.7851364098432295,6,8747.17,1.9534750483488668,B,2,0.008624642844544781,0.1867435929419092,0.8586104707359362,Medium Risk
HOUSEHOLD_2_343,1733,0.4747945205479452,0.9196525336507015,10,4817.74,1.9369484984564689,B,2,0.01018848401472127,0.18516372771227718,0.8586056635180995,Medium Risk
FOODS_2_174,1964,0.538082191780822,1.0323894883838804,10,5549.82,1.9186464524445843,B,2,0.011546556609874541,0.18341413288979083,0.8584882068498997,Medium Risk
HOUSEHOLD_2_244,1303,0.35698630136986303,0.6991845952217595,7,5172.91,1.9585754202297943,B,2,0.007660470093007396,0.18723116598318726,0.8584674908228584,Medium Risk
HOUSEHOLD_1_403,1362,0.3731506849315068,0.7294773704992564,9,5352.66,1.954913658092721,B,2,0.008007337119475114,0.18688111768410423,0.8584665364410738,Medium Risk
FOODS_3_014,2837,0.7772602739726028,1.4433594649322532,16,5617.26,1.856983449771845,B,2,0.01667901278116806,0.1775194219845111,0.8582595304297038,Medium Risk
HOUSEHOLD_1_325,2365,0.647945205479452,1.2219569716301428,12,8980.0,1.885895537611003,B,2,0.013904076569426316,0.18028328997816678,0.858256209964278,Medium Risk
FOODS_3_573,9400,2.5753424657534247,3.726383782984052,41,9399.28,1.4469468944565733,B,2,0.05526356014909403,0.1383217369965107,0.8580755891436814,Medium Risk
FOODS_2_336,1966,0.5386301369863014,1.0243745159830924,8,4903.0,1.901814335370441,B,2,0.01155831481416158,0.18180505678620754,0.8580090114801108,Medium Risk
HOBBIES_1_075,1220,0.33424657534246577,0.6509514460919031,5,8462.6,1.947518670684792,B,2,0.007172504615095183,0.1861741895257517,0.8580040082422541,Medium Risk
HOUSEHOLD_2_047,1609,0.44082191780821917,0.8479526605358856,8,5905.03,1.9235719148265895,B,2,0.009459475348924712,0.1838849853549366,0.8580033382111585,Medium Risk
FOODS_2_003,2191,0.6002739726027397,1.132711955115003,11,4792.4,1.88699161851655,B,2,0.012881112796453726,0.18038807047517386,0.8579807549814883,Medium Risk
FOODS_3_386,3036,0.8317808219178082,1.5261234332555806,12,7635.39,1.8347663146847395,B,2,0.017848954107728666,0.17539556192571557,0.8579733548100333,Medium Risk
FOODS_1_050,1632,0.4471232876712329,0.857046429122624,9,9759.36,1.9168011435646921,B,2,0.009594694698225686,0.18323772950516098,0.857849727261016,Medium Risk
HOUSEHOLD_1_444,1734,0.47506849315068495,0.90675598797339,15,8461.92,1.9086847497709765,B,2,0.010194363116864792,0.18246183808026104,0.8577968603591378,Medium Risk
FOODS_1_016,2150,0.589041095890411,1.1082245217137676,10,4858.999999999999,1.881404420583838,B,2,0.01264006960856938,0.17985395901195647,0.8577482085861577,Medium Risk
FOODS_3_360,2382,0.6526027397260274,1.2184635426474313,15,4813.63,1.8670830943170125,B,2,0.01400402130586617,0.17848490342815423,0.8577466774202062,Medium Risk
FOODS_3_660,4477,1.2265753424657535,2.130802312737211,20,6789.34,1.7371964354457938,B,2,0.026320740296541915,0.16606831209603926,0.8577167157177744,Medium Risk
HOUSEHOLD_2_416,1620,0.4438356164383562,0.8484807084256709,16,5239.72,1.9117003615763573,B,2,0.009524145472503439,0.18275011725942478,0.8576822788195785,Medium Risk
HOUSEHOLD_1_379,7691,2.1071232876712327,3.240650053480085,24,7460.2699999999995,1.5379499018596166,B,2,0.04521617458581725,0.1470212228616245,0.8576712192342326,Medium Risk
FOODS_1_142,5158,1.4131506849315068,2.3922644569273963,29,7737.0,1.6928587180661103,B,2,0.030324408856279465,0.16182982199946835,0.8576462692567244,Medium Risk
HOUSEHOLD_1_114,7810,2.1397260273972605,3.2716902624606283,45,7575.7,1.5290229779745572,B,2,0.04591578774089621,0.14616784833727417,0.8576250908234512,Medium Risk
HOUSEHOLD_2_025,1617,0.443013698630137,0.8455138249630446,20,8542.99,1.908550068716829,B,2,0.009506508166072878,0.18244896316590065,0.8575866413995921,Medium Risk
HOUSEHOLD_2_142,4880,1.336986301369863,2.2818349753742226,34,9613.6,1.706700340187687,B,2,0.02869001846038073,0.16315301998416348,0.8575529115333633,Medium Risk
FOODS_3_643,3271,0.8961643835616439,1.6168852704825696,18,5691.54,1.804228443063705,B,2,0.019230543111456017,0.17247627617792427,0.8575120457868141,Medium Risk
FOODS_1_119,1646,0.45095890410958905,0.8585522627638071,9,5825.26,1.9038370346828044,B,2,0.009677002128234975,0.1819984179132673,0.8575026260124508,Medium Risk
FOODS_3_531,1985,0.5438356164383562,1.0238972908454078,11,4918.96,1.882733053695586,B,2,0.011670017754888474,0.17998097047350503,0.8574952964685181,Medium Risk
HOUSEHOLD_1_526,1627,0.44575342465753426,0.8489283909802902,9,8037.380000000001,1.9044797953768033,B,2,0.009565299187508083,0.18205986299878332,0.8574875486558874,Medium Risk
FOODS_1_186,1496,0.40986301369863015,0.7836442843205537,6,8946.08,1.9119663354077678,B,2,0.00879513680670688,0.18277554318382966,0.857471203997161,Medium Risk
HOUSEHOLD_2_301,2770,0.7589041095890411,1.3913402865367215,20,5456.9,1.8333545291909867,B,2,0.016285112937552176,0.17526060146344116,0.8574637143202981,Medium Risk
HOUSEHOLD_2_383,1545,0.4232876712328767,0.8077828714624488,10,5994.599999999999,1.9083543565294099,B,2,0.009083212811739391,0.18243025394456092,0.8574540400268902,Medium Risk
FOODS_3_207,3750,1.0273972602739727,1.8210772512879017,18,7425.0,1.7725151912535575,B,2,0.022046633038202406,0.16944462927160514,0.8574473786929423,Medium Risk
HOBBIES_1_076,2152,0.5895890410958904,1.102974923303545,10,7381.360000000001,1.8707520771644701,B,2,0.01265182781285642,0.17883564199528137,0.8574462409424415,Medium Risk
HOUSEHOLD_2_084,1175,0.3219178082191781,0.6204575295673661,5,5016.95,1.9273787088688394,B,2,0.006907945018636754,0.1842488980640549,0.8573470529248075,Medium Risk
HOUSEHOLD_1_305,2278,0.6241095890410959,1.1593127820631832,20,6765.660000000001,1.857546819372528,B,2,0.013392594682940021,0.17757327763189942,0.8572897616944519,Medium Risk
HOUSEHOLD_1_274,1634,0.44767123287671234,0.8487259656240241,12,8048.360000000001,1.8958688950597846,B,2,0.00960645290251273,0.18123669893276473,0.8572529455505833,Medium Risk
FOODS_2_118,2532,0.6936986301369863,1.2751772528435688,10,7745.13,1.8382294521639124,B,2,0.014885886627394264,0.17572662258413513,0.8571837527634588,Medium Risk
FOODS_3_519,8057,2.2073972602739724,3.3060728841914226,45,8053.94,1.497724466587898,B,2,0.0473679259703458,0.14317584878497983,0.8571631324265978,Medium Risk
FOODS_3_045,1291,0.3536986301369863,0.6765814211372525,5,5138.18,1.9128754354383977,B,2,0.007589920867285148,0.18286244913443644,0.8571357110005166,Medium Risk
FOODS_2_308,1738,0.4761643835616438,0.8976731135199496,9,4902.58,1.8852168379446583,B,2,0.010217879525438874,0.18021840928551153,0.8571308866432852,Medium Risk
FOODS_3_600,1926,0.5276712328767124,0.9874111975126019,8,4832.14,1.8712621344345777,B,2,0.011323150728420757,0.17888440121916116,0.8570622655842746,Medium Risk
FOODS_2_168,1386,0.37972602739726025,0.7230495780041356,6,5425.94,1.9041348915693328,B,2,0.00814843557091961,0.18202689171702527,0.8570525981863836,Medium Risk
FOODS_2_158,4657,1.2758904109589042,2.1701516842697712,16,5958.4400000000005,1.7008919148775314,B,2,0.02737897868237563,0.1625977601600516,0.8569930216527282,Medium Risk
HOUSEHOLD_2_400,1367,0.3745205479452055,0.7126139860087868,6,5303.96,1.9027366853928833,B,2,0.008036732630192717,0.18189322937755265,0.8569789886023236,Medium Risk
HOUSEHOLD_2_178,1408,0.38575342465753426,0.7326805727037412,6,9807.39,1.8993494960004653,B,2,0.008277775818077064,0.18156942902102927,0.856954161451732,Medium Risk
HOBBIES_1_266,1945,0.5328767123287671,0.9941669828197081,8,9339.800000000001,1.8656604047773442,B,2,0.011434853669147647,0.17834890058721545,0.856935126276909,Medium Risk
HOUSEHOLD_1_064,1280,0.3506849315068493,0.6681747259667393,8,7398.400000000001,1.90534199201453,B,2,0.007525250743706421,0.18214228519203712,0.856900260780723,Medium Risk
FOODS_3_806,1978,0.5419178082191781,1.0086073219458787,9,4943.89,1.8611813574835474,B,2,0.01162886403988383,0.17792072343424523,0.8568648762422388,Medium Risk
FOODS_2_350,1465,0.40136986301369865,0.7595185964849016,7,7246.9800000000005,1.8923159571125534,B,2,0.00861288464025774,0.180897053745934,0.8568529815158575,Medium Risk
FOODS_2_037,1128,0.30904109589041096,0.5912028983706226,4,8795.77,1.9130235629900465,B,2,0.006631627217891283,0.18287660947461176,0.856852471007751,Medium Risk
FOODS_3_114,2798,0.7665753424657534,1.3875224209220813,10,7482.320000000001,1.8100274611742662,B,2,0.016449727797570753,0.17303063671527372,0.8568441093538534,Medium Risk
HOBBIES_1_350,2236,0.6126027397260274,1.1298559549906544,11,6649.5599999999995,1.8443534148997711,B,2,0.013145672392912155,0.17631204639351689,0.8568373156359287,Medium Risk
FOODS_3_494,2087,0.5717808219178082,1.0589235609244594,10,6215.29,1.8519746034376028,B,2,0.012269686173527578,0.1770405983815473,0.8567930853665225,Medium Risk
HOBBIES_1_328,1091,0.2989041095890411,0.5717606853335184,5,7331.5199999999995,1.912856554965483,B,2,0.00641410043858102,0.18286064424455495,0.8567824234049408,Medium Risk
FOODS_3_003,2123,0.5816438356164384,1.0756746481856565,11,8320.38,1.8493699792169789,B,2,0.012481333850694323,0.1767916078015888,0.856781882495685,Medium Risk
HOBBIES_1_277,3003,0.8227397260273973,1.4764352166471113,19,5173.35,1.79453497860871,B,2,0.017654943736992487,0.17154962375822203,0.8567613702485644,Medium Risk
FOODS_1_115,2515,0.689041095890411,1.2570504528487692,17,8563.9,1.8243475757049732,B,2,0.014785941890954413,0.17439957646245102,0.8567556555060216,Medium Risk
FOODS_3_603,8920,2.4438356164383563,3.49548455157606,49,8920.0,1.4303271987951367,B,2,0.05244159112020413,0.1367329674424583,0.8567523675687987,Medium Risk
FOODS_3_082,2434,0.6668493150684931,1.2197435775344352,16,4816.38,1.829114239112855,B,2,0.01430973461732924,0.17485524844653136,0.8567494949191582,Medium Risk
FOODS_3_626,1256,0.3441095890410959,0.654222609549546,6,4998.88,1.901204239534907,B,2,0.007384152292261925,0.1817467343169941,0.8567392659827768,Medium Risk
HOUSEHOLD_2_403,1570,0.4301369863013699,0.8094205763157649,8,8540.800000000001,1.8817739513073515,B,2,0.009230190365327406,0.17988928451819708,0.8567358424650573,Medium Risk
FOODS_3_700,2947,0.8073972602739726,1.450338057375635,21,7882.320000000001,1.7963128298001587,B,2,0.017325714016955332,0.1717195784855618,0.8567135877507552,Medium Risk
FOODS_3_563,1803,0.49397260273972604,0.9211689936988309,8,6812.46,1.8648179850253648,B,2,0.010600021164767716,0.17826836897695358,0.8566605170425164,Medium Risk
FOODS_3_446,7786,2.1331506849315067,3.1895145750964824,32,9179.92,1.495212971885713,B,2,0.04577468928945171,0.1429357609759561,0.8566131350796223,Medium Risk
HOUSEHOLD_2_272,1201,0.329041095890411,0.6246559247659427,5,6569.469999999999,1.898413093585088,B,2,0.007060801674368291,0.18147991308293995,0.8565622144271925,Medium Risk
HOBBIES_1_395,1277,0.34986301369863015,0.6613937904884629,6,9546.11,1.8904364410985823,B,2,0.007507613437275859,0.18071738031025972,0.8564674981242607,Medium Risk
HOUSEHOLD_2_062,2017,0.5526027397260274,1.0170376859745216,9,5929.98,1.8404499523088766,B,2,0.011858149023481132,0.17593889259779572,0.8563391124863831,Medium Risk
HOUSEHOLD_2_275,1280,0.3506849315068493,0.6603360147814434,7,6637.299999999999,1.8829894171502097,B,2,0.007525250743706421,0.18000547768830458,0.8562592185296033,Medium Risk
FOODS_2_246,2893,0.7926027397260273,1.4120803893642253,20,5821.52,1.7815739444104468,B,2,0.017008242501205216,0.1703106060925127,0.8561956545781154,Medium Risk
HOBBIES_1_022,1246,0.34136986301369865,0.6425689122452838,5,8944.09,1.8823246626767942,B,2,0.007325361270826719,0.17994193009454607,0.8561801874096119,Medium Risk
FOODS_3_279,2939,0.8052054794520548,1.4314041399874666,10,8517.22,1.7776880268643258,B,2,0.017278681199807164,0.16993912952563667,0.8561653432176332,Medium Risk
FOODS_3_637,1830,0.5013698630136987,0.9253432403963708,12,5453.4,1.845629960353417,B,2,0.010758756922642774,0.17643407850484022,0.8561578506282449,Medium Risk
HOUSEHOLD_2_119,1466,0.40164383561643835,0.750114659543909,5,8561.44,1.8676115329708511,B,2,0.00861876374240126,0.17853541983119234,0.8561462550720782,Medium Risk
FOODS_3_686,1685,0.46164383561643835,0.855259570615032,7,6005.75,1.8526394259613452,B,2,0.009906287111832281,0.1771041524806167,0.8561031318777348,Medium Risk
HOUSEHOLD_2_217,2778,0.7610958904109589,1.3586376650384593,13,7972.860000000001,1.785107083293872,B,2,0.016332145754700343,0.17064835857622693,0.8560941512992781,Medium Risk
HOUSEHOLD_1_134,1943,0.5323287671232877,0.9769451446715435,14,8217.630000000001,1.8352289130474182,B,2,0.011423095464860606,0.17543978428750548,0.8560588639257098,Medium Risk
HOBBIES_1_296,1329,0.3641095890410959,0.6819720482037435,8,9808.02,1.8729856854354128,B,2,0.007813326748738933,0.17904916508793267,0.8560587475510015,Medium Risk
FOODS_2_046,1550,0.4246575342465753,0.7886876302494341,6,6075.08,1.857232161555119,B,2,0.009112608322456993,0.17754319773330035,0.8559967418167272,Medium Risk
FOODS_2_219,2572,0.7046575342465753,1.2635259775087149,10,6628.36,1.7931064610835186,B,2,0.015121050713135088,0.17141306378758905,0.8559602343502173,Medium Risk
FOODS_2_043,2437,0.6676712328767124,1.2012924899190176,12,6253.82,1.7992275700469487,B,2,0.014327371923759803,0.1719982147889218,0.8558976760138045,Medium Risk
HOUSEHOLD_2_030,1270,0.34794520547945207,0.6505072306881833,5,5041.900000000001,1.869568025206196,B,2,0.007466459722271215,0.17872245185389465,0.8558566734728498,Medium Risk
FOODS_1_063,2568,0.7035616438356165,1.2591407304906925,13,5981.4800000000005,1.7896665367176898,B,2,0.015097534304561008,0.17108422220035394,0.8558545269514746,Medium Risk
HOUSEHOLD_2_350,2524,0.6915068493150685,1.2382234190553243,10,7420.5599999999995,1.7906162755752513,B,2,0.014838853810246098,0.17117501304345556,0.8558041600561106,Medium Risk
HOUSEHOLD_1_394,1871,0.5126027397260274,0.9379078941241507,11,9130.48,1.8296973883234364,B,2,0.010999800110527121,0.1749109949373285,0.8557732385143567,Medium Risk
FOODS_3_550,2081,0.5701369863013699,1.0354824374115092,9,6200.4,1.8161993736434447,B,2,0.012234411560666455,0.17362064430753427,0.8557565167604603,Medium Risk
FOODS_2_393,1549,0.4243835616438356,0.7834317951433061,8,6070.5199999999995,1.8460465153473642,B,2,0.009106729220313473,0.17647389932379226,0.8556741885632319,Medium Risk
HOUSEHOLD_2_068,1660,0.4547945205479452,0.8357983067145003,6,4780.8,1.8377492888601963,B,2,0.009759309558244266,0.17568072109150504,0.8556320091949248,Medium Risk
FOODS_3_383,4447,1.2183561643835616,2.0294468368032903,20,6153.889999999999,1.6657254226067033,B,2,0.02614436723223629,0.15923599870660018,0.855614109781651,Medium Risk
HOUSEHOLD_2_229,1290,0.35342465753424657,0.6572074823975917,5,6166.200000000001,1.85954055096993,B,2,0.007584041765141627,0.17776386957325818,0.85560437340152,Medium Risk
FOODS_3_490,1708,0.46794520547945206,0.8567993473902937,7,5943.44,1.8309822119289063,B,2,0.010041506461133255,0.17503381840343052,0.8555225974593692,Medium Risk
HOUSEHOLD_2_251,1999,0.5476712328767124,0.9924634066050544,11,7928.6900000000005,1.8121517929506994,B,2,0.011752325184897763,0.17323371345734273,0.8554958115926722,Medium Risk
FOODS_3_724,1373,0.37616438356164383,0.6957818926504731,5,8897.04,1.8496750969950668,B,2,0.00807200724305384,0.17682077571453386,0.8554678348872764,Medium Risk
HOUSEHOLD_1_446,1595,0.436986301369863,0.8021632251408983,6,6268.35,1.835671330259736,B,2,0.009377167918915423,0.1754820774203906,0.8554577736017919,Medium Risk
FOODS_3_275,2890,0.7917808219178082,1.389952733330425,13,7218.9,1.7554766355211249,B,2,0.016990605194774654,0.16781581854340832,0.855441927121455,Medium Risk
FOODS_1_064,2172,0.5950684931506849,1.070226786650121,13,5788.620000000001,1.7984934490206914,B,2,0.012769409855726832,0.17192803605886156,0.8554092337743766,Medium Risk
FOODS_3_355,6462,1.7704109589041095,2.712475587030945,24,6192.679999999999,1.5321163560295497,B,2,0.03799075805143038,0.14646356162667873,0.8553362959034329,Medium Risk
FOODS_2_040,2425,0.6643835616438356,1.1822045196053466,10,6059.5,1.7794006171379444,B,2,0.014256822698037555,0.17010284559726155,0.8553079004885898,Medium Risk
FOODS_2_163,1931,0.5290410958904109,0.9569267807691727,8,4971.0199999999995,1.8087947953430765,B,2,0.011352546239138358,0.17291279930219405,0.8552796036623997,Medium Risk
FOODS_2_176,2363,0.6473972602739726,1.1537350160453976,11,6671.0599999999995,1.7821129109461284,B,2,0.013892318365139275,0.17036212891459004,0.8552763341839188,Medium Risk
FOODS_2_228,1439,0.39424657534246577,0.7249382994283924,6,7094.2699999999995,1.838794157688417,B,2,0.008460027984526204,0.17578060593994468,0.8552721901773414,Medium Risk
FOODS_3_722,1914,0.5243835616438356,0.9487164979205378,11,4805.1,1.8092033528787685,B,2,0.011252601502698507,0.17295185559943374,0.8552613371306397,Medium Risk
FOODS_2_172,3050,0.8356164383561644,1.451638386328555,9,7602.31,1.737206593475156,B,2,0.017931261537737955,0.1660692831588137,0.8552001634089655,Medium Risk
FOODS_1_112,3698,1.0131506849315068,1.7184192905333342,16,7317.73,1.6961142267297646,B,2,0.021740919726739333,0.16214103425949603,0.8551645861958707,Medium Risk
FOODS_2_179,1544,0.423013698630137,0.7734401109223841,6,7673.679999999999,1.8284044072970866,B,2,0.00907733370959587,0.1747873916577932,0.8551594176102167,Medium Risk
HOUSEHOLD_2_295,1588,0.4350684931506849,0.7937670371785656,6,9479.41,1.8244645375955695,B,2,0.009336014203910777,0.17441075750297963,0.8551240315120672,Medium Risk
FOODS_3_323,1996,0.5468493150684931,0.9839056694803325,14,4950.08,1.7992262994004078,B,2,0.011734687878467199,0.1719980933207205,0.8551198343597564,Medium Risk
FOODS_1_025,2134,0.5846575342465753,1.046512277953973,11,9112.179999999998,1.7899577387685108,B,2,0.012546003974273048,0.17111205983118946,0.8550974191416388,Medium Risk
HOUSEHOLD_1_144,1833,0.5021917808219178,0.9080020115550739,8,5429.77,1.8080782008598033,B,2,0.010776394229073337,0.17284429603228954,0.8550862070784089,Medium Risk
HOUSEHOLD_2_297,1255,0.34383561643835614,0.6337295379414521,4,8087.43,1.843117779670359,B,2,0.007378273190118405,0.17619392511907264,0.8550716594927573,Medium Risk
HOUSEHOLD_2_219,1709,0.46821917808219177,0.8487757250749118,6,5947.32,1.8127743689429072,B,2,0.010047385563276777,0.17329322897445287,0.855002184361319,Medium Risk
HOUSEHOLD_1_178,1307,0.3580821917808219,0.6578127503391523,5,5842.29,1.8370440235179082,B,2,0.007683986501581478,0.17561330083747742,0.8549891862017177,Medium Risk
FOODS_2_331,2200,0.6027397260273972,1.0736093572607006,14,5662.8,1.7812155245461625,B,2,0.01293402471574541,0.1702763427353765,0.8549631102353366,Medium Risk
HOUSEHOLD_1_261,1327,0.36356164383561645,0.6668261270805393,6,7920.19,1.8341487293473764,B,2,0.007801568544451892,0.17533652349318227,0.8549414276112902,Medium Risk
HOUSEHOLD_2_380,1586,0.4345205479452055,0.7895679117375031,10,8147.32,1.817101436218087,B,2,0.009324255999623738,0.17370687750840852,0.8549093400524098,Medium Risk
FOODS_3_130,2868,0.7857534246575343,1.3657578028391228,22,7672.64,1.7381506207680608,B,2,0.0168612649476172,0.1661595280015422,0.8549062378847478,Medium Risk
FOODS_2_278,2637,0.7224657534246576,1.2655021531802302,11,6572.7,1.7516431016715357,B,2,0.015503192352463932,0.1674493496267248,0.8548857625937567,Medium Risk
HOUSEHOLD_1_097,1395,0.3821917808219178,0.6983993887120101,5,5538.150000000001,1.8273532392823204,B,2,0.008201347490211295,0.17468690463492134,0.8548664756375398,Medium Risk
FOODS_1_017,2416,0.6619178082191781,1.166914707976828,11,5411.84,1.7629299189219463,B,2,0.01420391077874587,0.16852831954139144,0.8548196690960412,Medium Risk
FOODS_3_095,1660,0.4547945205479452,0.8222450361020543,6,8266.800000000001,1.807948422754517,B,2,0.009759309558244266,0.17283188981820105,0.8547773598129336,Medium Risk
FOODS_3_143,1972,0.5402739726027397,0.9662118221648631,10,4944.2,1.7883738087737073,B,2,0.011593589427022703,0.17096064311437598,0.8547662697624197,Low Risk
FOODS_3_641,2886,0.7906849315068493,1.369527355010685,14,6146.64,1.7320772161431048,B,2,0.01696708878620057,0.16557893732442405,0.8547638078331874,Low Risk
HOUSEHOLD_2_171,1818,0.4980821917808219,0.8946242691729731,8,7035.66,1.7961378341481584,B,2,0.010688207696920526,0.1717028496735755,0.8547173172111489,Low Risk
FOODS_3_102,2744,0.7517808219178083,1.3055012954448577,16,5433.12,1.7365450905152078,B,2,0.01613225628182064,0.1660060463953921,0.8546414908031639,Low Risk
HOUSEHOLD_1_475,1942,0.5320547945205479,0.9493546276864329,11,5185.139999999999,1.7843174001315552,B,2,0.011417216362717085,0.17057286835118338,0.8545970254141703,Low Risk
FOODS_3_595,2526,0.692054794520548,1.2092488183115413,8,5001.48,1.7473310320020292,B,2,0.014850612014533141,0.16703713479767945,0.8545663240436638,Low Risk
HOUSEHOLD_2_232,1628,0.44602739726027396,0.803163687775752,10,7781.84,1.8007048282441613,B,2,0.009571178289651604,0.1721394341526826,0.8545131837327004,Low Risk
HOUSEHOLD_1_295,2705,0.7410958904109589,1.2831876176789305,11,8060.9,1.7314731255187048,B,2,0.015902971298223337,0.16552118892689097,0.8544272480675343,Low Risk
HOUSEHOLD_2_136,1893,0.5186301369863013,0.9236743666585471,13,9218.91,1.7809886097748002,B,2,0.011129140357684574,0.17025465068472473,0.8544151373127228,Low Risk
FOODS_1_120,3194,0.8750684931506849,1.4879649863936801,15,6260.24,1.7003983094354829,B,2,0.01877785224640493,0.16255057365832393,0.8543985277714187,Low Risk
FOODS_2_324,2174,0.5956164383561644,1.0500140106614222,13,5431.46,1.7629030077802166,B,2,0.012781168060013875,0.16852574695501465,0.8543920745045086,Low Risk
FOODS_3_273,4352,1.1923287671232876,1.9367205788574318,19,9173.44,1.624317581072984,B,2,0.02558585252860183,0.15527759180986925,0.8542590333015414,Low Risk
HOBBIES_1_208,2127,0.5827397260273972,1.0260397813821946,9,6891.4800000000005,1.7607170672520032,B,2,0.012504850259268403,0.16831678068818626,0.8542464892842364,Low Risk
FOODS_1_101,3006,0.8235616438356165,1.404722655253736,16,6005.0,1.7056678947691737,B,2,0.01767258104342305,0.16305432275886103,0.8542180711406853,Low Risk
HOUSEHOLD_1_320,1919,0.5257534246575343,0.9314808999945139,7,8559.2,1.7717067665346407,B,2,0.011281997013416112,0.1693673474364667,0.8541948033349649,Low Risk
HOUSEHOLD_2_064,1613,0.4419178082191781,0.7904934223242234,6,6240.31,1.7887792879624398,B,2,0.009482991757498794,0.17099940513523262,0.8541447190678194,Low Risk
FOODS_3_720,1854,0.5079452054794521,0.9003926534591181,12,8348.960000000001,1.7726176834551137,B,2,0.01089985537408727,0.16945442707372363,0.8541062847343434,Low Risk
FOODS_1_006,3821,1.0468493150684932,1.7287240725216022,27,8853.04,1.6513590328981542,B,2,0.022464049290392373,0.1578626352566571,0.8540980053641148,Low Risk
FOODS_2_330,1797,0.49232876712328766,0.8738277910165269,7,7431.7,1.7748867207625616,B,2,0.010564746551906591,0.16967133702589846,0.8540708250733415,Low Risk
HOUSEHOLD_1_145,3566,0.976986301369863,1.6277319594097912,15,7987.840000000001,1.6660744957503473,B,2,0.020964878243794605,0.159269368558495,0.8540702740406869,Low Risk
FOODS_3_365,1700,0.4657534246575342,0.8294092794462296,7,8635.87,1.780790511752199,B,2,0.00999447364398509,0.1702357133880715,0.854069056109617,Low Risk
FOODS_3_497,2809,0.7695890410958904,1.3178397729564788,13,6997.68,1.712394151403043,B,2,0.016514397921149483,0.16369732320666291,0.8540635163383438,Low Risk
HOBBIES_2_033,2950,0.8082191780821918,1.375484510630834,19,8496.0,1.7018706656957776,B,2,0.01734335132338589,0.1626913244185501,0.8540104027225809,Low Risk
FOODS_3_645,3220,0.8821917808219178,1.4861507795969915,24,7641.08,1.6846119085493847,B,2,0.018930708902136467,0.16104146340703965,0.8539916516927529,Low Risk
HOUSEHOLD_2_012,1606,0.44,0.7847826474775415,7,7676.68,1.7835969260853215,B,2,0.00944183804249415,0.17050399421218235,0.853983749676403,Low Risk
FOODS_3_721,3608,0.9884931506849315,1.6405986441840787,31,7143.84,1.659696521971144,B,2,0.021211800533822475,0.15865966241444956,0.8539614388844816,Low Risk
FOODS_3_274,6169,1.6901369863013698,2.537552704371174,18,9237.14,1.501388777914538,B,2,0.03626818112337883,0.1435261407753346,0.8539382965696141,Low Risk
FOODS_3_328,1649,0.4517808219178082,0.8038707101075364,7,6386.23,1.7793378361992165,B,2,0.009694639434665538,0.1700968440166034,0.8539374450353807,Low Risk
HOUSEHOLD_2_250,1404,0.38465753424657534,0.6901294499526285,6,9771.84,1.7941399517999246,B,2,0.00825425940950298,0.17151186093875662,0.8539298361044779,Low Risk
FOODS_3_428,2825,0.773972602739726,1.320675582747111,12,5593.5,1.706359602487418,B,2,0.01660846355544581,0.16312044696386674,0.8539186731557937,Low Risk
FOODS_3_206,2943,0.8063013698630137,1.3697246212617895,11,7590.54,1.6987750144769052,B,2,0.017302197608381246,0.16239539382471124,0.8539092774299278,Low Risk
FOODS_2_133,2092,0.5731506849315069,1.0030057276790585,7,5379.48,1.7499860927478792,B,2,0.012299081684245183,0.16729094688684748,0.8538770085713279,Low Risk
FOODS_2_283,3970,1.0876712328767124,1.7777240727971024,17,5764.64,1.634431452319754,B,2,0.02334003550977695,0.1562444332633959,0.8538753406319518,Low Risk
HOUSEHOLD_1_265,1510,0.4136986301369863,0.7387254450920216,11,6836.68,1.7856608440966086,B,2,0.00887744423671617,0.1707012956649401,0.8538736219704969,Low Risk
HOUSEHOLD_2_089,1539,0.42164383561643837,0.7521031327028974,8,5355.72,1.7837403732070016,B,2,0.009047938198878268,0.17051770712390976,0.8538696935968365,Low Risk
FOODS_3_470,3125,0.8561643835616438,1.4435088546575983,17,5437.5,1.6860183422400747,B,2,0.018372194198502004,0.1611759122605615,0.8538644319377191,Low Risk
HOUSEHOLD_2_183,1347,0.36904109589041095,0.6617410711355519,5,6694.59,1.7931365327726536,B,2,0.007919150587322303,0.1714159385083487,0.8538005267287013,Low Risk
FOODS_3_409,1970,0.5397260273972603,0.94675162944472,12,5469.549999999999,1.7541337296818416,B,2,0.011581831222735664,0.16768744267210023,0.8537807821684508,Low Risk
FOODS_3_542,2955,0.8095890410958904,1.3699856257796554,13,7409.04,1.6921988271051582,B,2,0.017372746834103493,0.1617667393360362,0.853741845851042,Low Risk
FOODS_3_589,6416,1.7578082191780822,2.6003510980849183,23,7497.4,1.479314449502798,B,2,0.037720319352828435,0.1414159324044254,0.8537408755271763,Low Risk
FOODS_3_591,2476,0.6783561643835616,1.1671006413733482,10,8609.1,1.720483578761196,B,2,0.014556656907357107,0.16447063675933968,0.853708188100009,Low Risk
HOUSEHOLD_1_242,1947,0.5334246575342466,0.934761851071659,11,9480.63,1.7523784059638188,B,2,0.01144661187343469,0.16751964147179474,0.8536898760035688,Low Risk
FOODS_1_071,4165,1.141095890410959,1.8413608894051907,24,8330.0,1.6136776101630121,B,2,0.024486460427763472,0.15426045755048623,0.853624075393475,Low Risk
HOUSEHOLD_2_423,2390,0.6547945205479452,1.1277706172162374,20,9249.3,1.7223275116482286,B,2,0.014051054123014332,0.1646469086051251,0.8536093888184418,Low Risk
FOODS_3_264,2289,0.6271232876712329,1.0837137101002197,9,9110.22,1.7280712284254265,B,2,0.01345726480651875,0.16519598257907794,0.853595974215679,Low Risk
HOUSEHOLD_2_512,2171,0.5947945205479452,1.03192411891541,10,8614.970000000001,1.7349253956891968,B,2,0.012763530753583312,0.1658512107185636,0.8535844224416441,Low Risk
FOODS_3_504,4733,1.2967123287671234,2.0452312404862436,17,6981.11,1.5772436145731648,B,2,0.0278257904452832,0.15077752837387423,0.8535809956457473,Low Risk
HOUSEHOLD_1_012,2234,0.6120547945205479,1.0593086041557185,11,8754.289999999999,1.7307414526268454,B,2,0.013133914188625112,0.16545124422767432,0.8535755475248898,Low Risk
HOUSEHOLD_2_109,1796,0.49205479452054796,0.864365586801227,8,6950.52,1.7566449843120704,B,2,0.010558867449763072,0.1679275075313045,0.8535459124943202,Low Risk
FOODS_2_057,1557,0.4265753424657534,0.7555081723317606,6,6101.599999999999,1.771101367380171,B,2,0.009153762037461639,0.16930947394923418,0.8535389707960087,Low Risk
HOUSEHOLD_2_265,1376,0.376986301369863,0.6710689046118393,6,6833.969999999999,1.780088300750882,B,2,0.008089644549484402,0.17016858511556038,0.8534774688995135,Low Risk
FOODS_3_387,3016,0.8263013698630137,1.3873992566353976,11,8052.630000000001,1.6790475088591517,B,2,0.017731372064858256,0.16050953135518303,0.8534722710260124,Low Risk
FOODS_2_288,2948,0.8076712328767123,1.3591730520586536,10,7578.68,1.6828295929491472,B,2,0.017331593119098848,0.1608710819019234,0.8534608025063066,Low Risk
FOODS_3_016,2272,0.6224657534246575,1.0733266477117684,12,6768.5599999999995,1.7243143768256846,B,2,0.013357320070078896,0.164836844147042,0.8534582492651362,Low Risk
FOODS_3_608,2893,0.7926027397260273,1.3360938180354913,13,5033.82,1.6857042640268038,B,2,0.017008242501205216,0.1611458877695599,0.8534462390812296,Low Risk
HOUSEHOLD_1_485,2216,0.6071232876712329,1.0486409263492016,22,6581.52,1.7272289626239103,B,2,0.013028090350041743,0.16511546568580093,0.8534430668107528,Low Risk
FOODS_2_218,2094,0.5736986301369863,0.9950101691130078,10,8243.08,1.7343778019400566,B,2,0.012310839888532222,0.1657988631729559,0.8534329109184465,Low Risk
FOODS_1_141,1885,0.5164383561643836,0.9014944047861989,13,6672.900000000001,1.7455992453419764,B,2,0.01108210754053641,0.1668715836362349,0.8533861073530314,Low Risk
FOODS_3_773,1938,0.530958904109589,0.9248260772602004,11,9651.240000000002,1.7418034994838656,B,2,0.011393699954143003,0.16650872708475906,0.8533707281116707,Low Risk
FOODS_3_199,1981,0.5427397260273973,0.943720879886597,8,4973.86,1.7388092940868647,B,2,0.01164650134631439,0.16622249426375904,0.8533606986830221,Low Risk
HOUSEHOLD_2_411,1659,0.45452054794520547,0.7992443695983013,6,9688.56,1.7584339656623265,B,2,0.009753430456100744,0.1680985262527032,0.8533555870126412,Low Risk
HOUSEHOLD_1_333,1749,0.4791780821917808,0.8397035739757195,7,5194.530000000001,1.7523831017789457,B,2,0.010282549649017602,0.16752009037099586,0.8533407920060041,Low Risk
HOUSEHOLD_1_149,6497,1.78,2.5992146293647975,30,6302.09,1.4602329378453918,B,2,0.038196526626453606,0.13959182410640603,0.8533365052198579,Low Risk
FOODS_3_527,1746,0.47835616438356166,0.8380493436429984,9,8695.08,1.751935913113943,B,2,0.01026491234258704,0.1674773411082929,0.853322676035264,Low Risk
HOUSEHOLD_1_492,1371,0.3756164383561644,0.666718477184782,4,5429.16,1.7749981340076255,B,2,0.008060249038766799,0.16968198764040318,0.853322671003751,Low Risk
FOODS_3_647,5049,1.3832876712328768,2.1415246569638184,18,5917.3,1.5481412156700212,B,2,0.02968358672263572,0.14799546748244116,0.8533037162615231,Low Risk
HOUSEHOLD_2_368,1718,0.4706849315068493,0.8249605798186084,7,9414.640000000001,1.752681092164098,B,2,0.010100297482568462,0.1675485769366331,0.8532946623257606,Low Risk
FOODS_1_020,2461,0.6742465753424658,1.1502235866485258,13,6589.88,1.7059390862523847,B,2,0.014468470375204299,0.16308024746774988,0.8532646153528863,Low Risk
HOUSEHOLD_2_247,1324,0.36273972602739724,0.6436511625540656,5,5256.280000000001,1.7744159692766917,B,2,0.007783931238021328,0.16962633526151533,0.853223079949861,Low Risk
HOUSEHOLD_2_185,2880,0.7890410958904109,1.3245124176005594,10,9668.55,1.678635529250709,B,2,0.016931814173339447,0.16047014792289171,0.8532205886288694,Low Risk
FOODS_3_415,2689,0.7367123287671233,1.2436719018222124,11,6754.1,1.688137761863546,B,2,0.015808905663927005,0.16137851942248718,0.8531562275259242,Low Risk
HOUSEHOLD_1_286,1710,0.4684931506849315,0.818543096852893,8,8417.58,1.747182633633368,B,2,0.010053264665420298,0.167022948568593,0.853122863970204,Low Risk
HOBBIES_1_412,2482,0.68,1.1552826467886326,11,4957.86,1.6989450688068124,B,2,0.014591931520218234,0.16241165026811402,0.8531010745364996,Low Risk
FOODS_2_369,1783,0.4884931506849315,0.850904555098779,10,8654.51,1.7418965934439392,B,2,0.010482439121897303,0.16651762645647103,0.8531000196735105,Low Risk
FOODS_3_803,5983,1.6391780821917807,2.427112180427366,26,5981.98,1.480688527253867,B,2,0.035174668124684,0.1415472881729227,0.8530165868892821,Low Risk
FOODS_3_337,1273,0.34876712328767123,0.6174185449496892,5,5066.54,1.7702888366585747,B,2,0.0074840970287017765,0.16923179959836146,0.853014768988119,Low Risk
HOUSEHOLD_2_054,1852,0.5073972602739726,0.87945713623415,10,9019.24,1.733271353809205,B,2,0.010888097169800227,0.16569309161496557,0.8529743566354299,Low Risk
HOUSEHOLD_1_529,2651,0.7263013698630137,1.2225136476378369,12,7855.71,1.6832043809423254,B,2,0.01558549978247322,0.16090690997994095,0.8529477229287243,Low Risk
HOUSEHOLD_1_074,1482,0.406027397260274,0.7124672560322575,5,7321.080000000001,1.7547270475828203,B,2,0.008712829376697592,0.16774416124481972,0.8529370971864553,Low Risk
FOODS_3_205,6716,1.84,2.6361818308129417,33,7869.86,1.4327075167461638,B,2,0.03948404999588463,0.13696051533302114,0.8529333695986717,Low Risk
FOODS_3_394,2401,0.6578082191780822,1.116605579518549,23,6945.18,1.697463708972388,B,2,0.01411572424659306,0.16227003880593843,0.8529157289157595,Low Risk
FOODS_2_363,2540,0.6958904109589041,1.174596174539653,9,6344.5,1.6879039516022571,B,2,0.01493291944454243,0.1613561681934317,0.8528867262913923,Low Risk
FOODS_2_010,2384,0.6531506849315069,1.1081413223153813,8,5937.150000000001,1.6966089876053447,B,2,0.014015779510153209,0.16218833121556978,0.852861233217717,Low Risk
FOODS_2_214,2689,0.7367123287671233,1.2357137071800621,12,6711.0,1.677335452289783,B,2,0.015808905663927005,0.16034586630332892,0.8528464315901768,Low Risk
FOODS_2_156,3349,0.9175342465753424,1.501271755409327,13,4851.88,1.6362024207954742,B,2,0.01968911307865063,0.15641373003348896,0.8528308529336419,Low Risk
HOBBIES_1_017,2956,0.8098630136986301,1.3430540463505924,16,5852.88,1.6583718772596965,B,2,0.017378625936247016,0.15853303222636692,0.8527734974487842,Low Risk
HOBBIES_1_281,1860,0.5095890410958904,0.879124290787222,6,7886.400000000001,1.7251632588028818,B,2,0.010935129986948393,0.16491799351751357,0.8527559370513386,Low Risk
FOODS_2_235,3013,0.8254794520547946,1.3636865879504387,11,7726.22,1.6519933773710924,B,2,0.017713734758427694,0.15792327578858478,0.8526911031641038,Low Risk
HOUSEHOLD_1_008,1324,0.36273972602739724,0.6368023972628354,5,7242.28,1.755535309674735,B,2,0.007783931238021328,0.16782142753353455,0.8526816076314667,Low Risk
FOODS_3_703,2747,0.7526027397260274,1.2543812256413918,9,5439.0599999999995,1.6667242350167746,B,2,0.016149893588251203,0.15933148076473516,0.8526444123058959,Low Risk
FOODS_1_114,1691,0.46328767123287673,0.8017486622979985,8,5986.14,1.7305633455870457,B,2,0.009941561724693406,0.16543421798074653,0.8526127339116321,Low Risk
FOODS_3_320,3925,1.0753424657534247,1.7124214377818638,13,7771.5,1.5924428657079752,B,2,0.02307547591331852,0.15223050970032628,0.8525917956840935,Low Risk
HOUSEHOLD_2_036,1698,0.4652054794520548,0.8042230779342586,7,6741.06,1.7287480768315924,B,2,0.00998271543969805,0.1652606862994307,0.8525730205217387,Low Risk
HOUSEHOLD_1_034,1541,0.42219178082191783,0.7337165302534596,6,6056.13,1.737874974318707,B,2,0.00905969640316531,0.16613317741755212,0.8525578621462153,Low Risk
FOODS_2_072,2645,0.7246575342465753,1.2092954155232012,9,6812.94,1.6687819533685009,B,2,0.015550225169612096,0.15952818955740117,0.852523524418104,Low Risk
FOODS_3_468,6813,1.8665753424657534,2.6326169522889153,19,8028.36,1.4103995120878527,B,2,0.04005432290380613,0.13482796854427204,0.8524646874344235,Low Risk
FOODS_3_116,5582,1.5293150684931507,2.272439234249111,22,6583.34,1.485919599607534,B,2,0.03281714816513222,0.14204735560254694,0.8524593511303038,Low Risk
FOODS_3_605,3073,0.841917808219178,1.3800626497849473,14,8213.880000000001,1.6391892846453167,B,2,0.01806648088703893,0.1566992610349826,0.8524297225766065,Low Risk
FOODS_3_479,5983,1.6391780821917807,2.3907076396809313,32,5983.0,1.458479506073107,B,2,0.035174668124684,0.13942420376776302,0.8523796615677341,Low Risk
FOODS_3_303,1769,0.4846575342465753,0.8316236668374241,7,5271.62,1.7158995952270197,B,2,0.010400131691888014,0.16403242816492625,0.8523297679570444,Low Risk
HOBBIES_1_152,1667,0.4567123287671233,0.7862305957698649,6,8110.14,1.721500704595085,B,2,0.00980046327324891,0.16456786949996516,0.8523104998319643,Low Risk
FOODS_3_624,3550,0.9726027397260274,1.5614972221142407,29,8795.119999999999,1.6054830593568954,B,2,0.020870812609498277,0.15347709466014745,0.8523043721808938,Low Risk
FOODS_3_452,1612,0.44164383561643833,0.761514360239697,9,8025.760000000001,1.724272589872763,B,2,0.009477112655355273,0.1648328494987698,0.8522929886462376,Low Risk
HOUSEHOLD_1_195,1486,0.4071232876712329,0.704877653238262,6,5765.68,1.7313616650872519,B,2,0.008736345785271674,0.1655105338015757,0.8522740638760543,Low Risk
FOODS_2_091,3140,0.8602739726027397,1.4008512197131537,11,7704.26,1.6283780101761183,B,2,0.018460380730654813,0.15566575091138737,0.8522378394926128,Low Risk
FOODS_2_147,1901,0.5208219178082192,0.8863814705480555,7,7055.719999999999,1.7018897251448724,B,2,0.01117617317483274,0.1626931464177645,0.8521607958777793,Low Risk
FOODS_2_292,2910,0.7972602739726027,1.3072696168429756,10,9096.3,1.6397024403700555,B,2,0.017108187237645064,0.1567483164574501,0.8521569511085286,Low Risk
FOODS_1_124,2968,0.8131506849315069,1.3293665174287104,11,6645.72,1.634834160584499,B,2,0.017449175161969265,0.15628293039614885,0.8521196316674354,Low Risk
HOUSEHOLD_1_278,1566,0.42904109589041095,0.7381328692004108,5,9345.05,1.7204246312780966,B,2,0.009206673956753324,0.16446500164012062,0.8521015026790623,Low Risk
FOODS_3_568,7788,2.1336986301369865,2.852679242797753,26,7781.88,1.336964462790421,B,2,0.04578644749373876,0.12780790193770866,0.8520783048294343,Low Risk
HOUSEHOLD_2_374,2268,0.6213698630136987,1.0413133809409374,9,6758.64,1.6758350266465702,B,2,0.013333803661504816,0.16020243223398029,0.8520608707686456,Low Risk
HOUSEHOLD_2_212,3107,0.8512328767123287,1.3816932760713598,16,8295.69,1.6231671894626531,B,2,0.01826637035991863,0.15516761944918564,0.8520301969427314,Low Risk
HOUSEHOLD_1_483,1643,0.4501369863013699,0.7710550426109518,6,7459.22,1.71293420908702,B,2,0.009659364821804415,0.1637489503377015,0.8520224945478517,Low Risk
HOUSEHOLD_1_454,1629,0.4463013698630137,0.7647293154235847,6,4838.13,1.7134818915261412,B,2,0.009577057391795126,0.16380130636167997,0.8520135091260426,Low Risk
FOODS_2_221,6216,1.703013698630137,2.436930782483868,20,6216.0,1.4309519556090926,B,2,0.036544498924124307,0.1367926914365025,0.8520011571081881,Low Risk
HOUSEHOLD_2_072,2271,0.6221917808219178,1.0412172274857996,11,5859.18,1.6734667020357412,B,2,0.013351440967935377,0.15997603085380765,0.8519982415465229,Low Risk
FOODS_3_538,3702,1.0142465753424657,1.6057975241929925,20,5086.5,1.5832417512977912,B,2,0.02176443613531341,0.15135092377191647,0.851934607972169,Low Risk
FOODS_3_581,2605,0.7136986301369863,1.1775528024220219,12,9007.82,1.649930030265021,B,2,0.01531506108387127,0.15772602891184595,0.8519123269987152,Low Risk
FOODS_2_378,2857,0.7827397260273973,1.2783065285406947,10,9709.22,1.6331182461230436,B,2,0.016796594824038474,0.1561188965468381,0.8518746474112631,Low Risk
FOODS_3_576,1963,0.5378082191780822,0.9078209051166986,10,4907.5,1.6880011735486244,B,2,0.01154067750773102,0.1613654621824145,0.8518718419070437,Low Risk
HOUSEHOLD_1_078,2225,0.6095890410958904,1.0184196139885848,8,6319.0,1.6706658836217234,B,2,0.013081002269333427,0.15970828497486558,0.8518367861732598,Low Risk
FOODS_2_267,3993,1.093972602739726,1.708615298004347,13,7641.66,1.561844687632323,B,2,0.02347525485907792,0.14930545892163663,0.8518342141342143,Low Risk
FOODS_3_747,8430,2.3095890410958906,2.974365880891647,20,8430.0,1.2878333885236668,B,2,0.04956083106987901,0.1231111880782589,0.8518016057444415,Low Risk
FOODS_2_138,3752,1.027945205479452,1.6185372435399727,16,6901.700000000001,1.5745364975801974,B,2,0.022058391242489445,0.1505187399372325,0.8517731393539166,Low Risk
FOODS_3_417,1834,0.5024657534246575,0.8503344832544835,7,8262.3,1.6923232627474727,B,2,0.010782273331216856,0.1617786348342436,0.8517682724496382,Low Risk
FOODS_3_209,1602,0.4389041095890411,0.748960294494351,6,6375.96,1.7064326310264553,B,2,0.009418321633920068,0.1631274281698866,0.851763724941142,Low Risk
HOUSEHOLD_2_404,1783,0.4884931506849315,0.8273908963416698,8,5295.51,1.6937615096169911,B,2,0.010482439121897303,0.16191612488725368,0.8517195692027453,Low Risk
FOODS_2_329,1666,0.45643835616438355,0.7760412251818404,5,6176.28,1.7002103672951485,B,2,0.009794584171105389,0.16253260721919235,0.8516981574170894,Low Risk
HOUSEHOLD_1_125,1713,0.4693150684931507,0.796515996692758,8,9798.359999999999,1.6971882007755787,B,2,0.010070901971850859,0.16224370143828143,0.8516943810230397,Low Risk
HOUSEHOLD_2_266,2797,0.7663013698630137,1.2489134843287644,22,8307.09,1.6297941429388596,B,2,0.016443848695427234,0.15580112695339035,0.8516734926946453,Low Risk
HOBBIES_1_388,1957,0.5361643835616439,0.9015267190434902,7,5557.26,1.6814371612206127,B,2,0.011505402894869897,0.16073797157418585,0.8516730123407168,Low Risk
FOODS_2_328,2117,0.58,0.969123202055265,18,9357.14,1.6709020725090777,B,2,0.012446059237833196,0.15973086359007482,0.8516530768483724,Low Risk
FOODS_3_046,2576,0.7057534246575342,1.157858180168407,14,5099.5,1.6405987413100487,B,2,0.015144567121709172,0.15683399887148092,0.8515935697979571,Low Risk
HOUSEHOLD_1_296,1645,0.4506849315068493,0.7646662809020657,7,8139.889999999999,1.6966759424270759,B,2,0.009671123026091454,0.16219473180102154,0.851559756448134,Low Risk
FOODS_2_024,3700,1.0136986301369864,1.591057762509883,13,9215.17,1.569556981935425,B,2,0.021752677931026376,0.15004272021873075,0.8515386194449271,Low Risk
FOODS_3_384,1796,0.49205479452054796,0.8294176076248108,6,5348.15,1.6856204163867257,B,2,0.010558867449763072,0.16113787230523077,0.8515090219264981,Low Risk
FOODS_3_290,8194,2.244931506849315,2.8984375655556485,28,8194.0,1.2911028941027722,B,2,0.04817336296400814,0.12342373838162818,0.8514791304036909,Low Risk
HOUSEHOLD_1_135,3890,1.0657534246575342,1.6544631564362426,19,5757.2,1.5523883087383767,B,2,0.022869707338295294,0.1484014708351913,0.851381353452046,Low Risk
FOODS_2_121,3765,1.0315068493150685,1.6088765071711193,13,6552.1,1.5597341968591196,B,2,0.022134819570355214,0.14910370531838898,0.8513715574666233,Low Risk
FOODS_3_111,1745,0.4780821917808219,0.8039956696501801,6,8690.1,1.6817101399559642,B,2,0.010259033240443518,0.16076406713649125,0.8513069301130805,Low Risk
FOODS_2_008,2811,0.7701369863013698,1.2445711027461892,9,7024.5,1.6160386072655961,B,2,0.016526156125436522,0.15448615845321065,0.8513036943735942,Low Risk
FOODS_1_109,2290,0.6273972602739726,1.0339880772631445,11,5129.6,1.6480595991312128,B,2,0.013463143908662269,0.15754722395061904,0.8513031103577844,Low Risk
FOODS_3_013,3688,1.0104109589041095,1.578111826558232,14,9510.94,1.5618514552433695,B,2,0.021682128705304123,0.14930610587538376,0.8512964703742064,Low Risk
FOODS_3_018,2123,0.5816438356164384,0.960464018582184,7,9573.36,1.6512923541332885,B,2,0.012481333850694323,0.15785626106102327,0.8511012784735152,Low Risk
HOUSEHOLD_1_192,1468,0.4021917808219178,0.6796543028860086,6,5314.16,1.689876161807855,B,2,0.008630521946688301,0.16154470278471886,0.8510525674194221,Low Risk
FOODS_2_296,2212,0.606027397260274,0.9962202336715048,9,7375.900000000001,1.6438534597201593,B,2,0.01300457394146766,0.1571451355867576,0.8510449128584676,Low Risk
FOODS_2_192,3518,0.9638356164383561,1.5064696780985598,13,6781.13,1.5629944073506945,B,2,0.020682681340905614,0.1494153670524143,0.851029414517996,Low Risk
FOODS_3_777,2595,0.7109589041095891,1.151459764811439,10,7729.139999999999,1.6195869524322746,B,2,0.015256270062436066,0.1548253645904908,0.851024490395878,Low Risk
FOODS_2_167,3206,0.8783561643835617,1.389187204765393,16,8008.66,1.581576200060413,B,2,0.01884840147212718,0.15119170442454893,0.8510120317690029,Low Risk
FOODS_3_742,4482,1.227945205479452,1.8447818157354412,19,5982.009999999999,1.5023323577497458,B,2,0.026350135807259513,0.1436163428430821,0.8509899435951026,Low Risk
HOBBIES_1_238,1339,0.36684931506849316,0.6215700660248659,4,7948.780000000001,1.6943470806503065,B,2,0.00787211777017414,0.16197210289361544,0.8509532661991369,Low Risk
HOUSEHOLD_2_059,1977,0.5416438356164384,0.8964119789505892,7,6879.96,1.6549841796508096,B,2,0.011622984937740308,0.15820918328659214,0.8509496504672998,Low Risk
FOODS_1_175,2629,0.7202739726027397,1.162985324928131,15,7834.22,1.6146429958112127,B,2,0.015456159535315766,0.1543527441577157,0.8509426711079094,Low Risk
FOODS_3_009,2252,0.616986301369863,1.0100273975205536,9,5132.969999999999,1.6370337482016077,B,2,0.013239738027208485,0.15649320126444413,0.8509198817874958,Low Risk
HOUSEHOLD_2_002,2073,0.567945205479452,0.9355278052163886,7,5534.91,1.6472149006463186,B,2,0.012187378743518289,0.15746647450354775,0.8508961559741198,Low Risk
FOODS_1_163,6779,1.8572602739726027,2.520001250763091,30,6584.58,1.3568379650811744,B,2,0.03985443343092643,0.12970772104481804,0.8508686463427234,Low Risk
FOODS_1_044,3575,0.9794520547945206,1.5218747457011903,12,9552.52,1.5538021879186978,B,2,0.021017790163086292,0.14853663144466114,0.8508663264823243,Low Risk
HOUSEHOLD_1_353,1900,0.5205479452054794,0.8616170347243348,8,6536.0,1.6552116719704328,B,2,0.011170294072689218,0.15823093054830867,0.8508203673862994,Low Risk
FOODS_2_178,2590,0.7095890410958904,1.1443097852005784,8,6469.0,1.612637342078035,B,2,0.01522687455171846,0.15416101251279526,0.8508163661193542,Low Risk
FOODS_3_118,5614,1.5380821917808218,2.191766061772455,13,6619.84,1.4249993098449343,B,2,0.03300527943372488,0.13622364477350624,0.8507686772621693,Low Risk
HOUSEHOLD_1_105,1705,0.4671232876712329,0.7765674121460195,9,6717.7,1.6624463661776958,B,2,0.010023869154702695,0.15892253538413303,0.8506839213616508,Low Risk
FOODS_2_225,3491,0.9564383561643836,1.4838191576407018,11,8685.09,1.5514007233997598,B,2,0.02052394558303056,0.1483070620355366,0.8506493022855701,Low Risk
FOODS_3_285,7192,1.9704109589041097,2.603347781630189,19,9577.13,1.321220717874053,B,2,0.04228250261620045,0.1263028694088681,0.8505756116075206,Low Risk
FOODS_2_137,3933,1.0775342465753424,1.6395577383790234,20,9830.0,1.5215829506950003,B,2,0.02312250873046668,0.14545661456597794,0.8505737369889333,Low Risk
FOODS_3_707,4879,1.3367123287671232,1.9560238237858072,32,5763.38,1.4633094807989746,B,2,0.028684139358237208,0.13988592803441768,0.8505710202177965,Low Risk
FOODS_3_251,2202,0.6032876712328767,0.982103567811309,13,6527.24,1.6279191746191088,B,2,0.012945782920032452,0.15562188825721227,0.8505703013531734,Low Risk
FOODS_3_061,1897,0.5197260273972603,0.8555718634285803,8,5639.03,1.6461978394909427,B,2,0.011152656766258656,0.15736924794590265,0.8505565714136484,Low Risk
FOODS_2_005,2288,0.6268493150684932,1.0166830854962343,8,9013.66,1.6218939082435555,B,2,0.013451385704375228,0.15504589938427837,0.8505491855265962,Low Risk
HOUSEHOLD_2_061,2298,0.6295890410958904,1.0168765528296024,10,6825.06,1.6151433497946253,B,2,0.013510176725810435,0.15440057579021296,0.8503732257548071,Low Risk
FOODS_3_401,2442,0.6690410958904109,1.0746591095105669,8,4835.16,1.6062677107754173,B,2,0.014356767434477407,0.15355210387269183,0.8503726613921507,Low Risk
FOODS_3_190,7615,2.0863013698630137,2.683435535379701,48,7615.0,1.2862166387571776,B,2,0.044769362822909685,0.12295663393612262,0.8503177990277097,Low Risk
FOODS_3_518,2381,0.6523287671232877,1.0485351336090587,9,6854.76,1.6073722123784393,B,2,0.013998142203722648,0.15365768935121266,0.8502967494664807,Low Risk
FOODS_2_042,3010,0.8246575342465754,1.293127566922472,10,6089.1,1.5680782788262533,B,2,0.01769609745199713,0.1499013627277638,0.8502792380539284,Low Risk
FOODS_2_237,2753,0.7542465753424658,1.1919800488491983,10,6871.09,1.5803585827459403,B,2,0.016185168201112324,0.15107530558325066,0.850178142135309,Low Risk
HOUSEHOLD_2_264,1655,0.4534246575342466,0.7470747175070109,6,5759.4,1.64762702048374,B,2,0.009729914047526662,0.1575058713411105,0.8501707356165912,Low Risk
FOODS_2_120,2578,0.7063013698630137,1.1229140179070982,15,6978.160000000001,1.5898511114666052,B,2,0.015156325325996214,0.15198274943358267,0.8501417224278738,Low Risk
FOODS_1_214,2727,0.7471232876712329,1.180780916207647,10,8562.78,1.580436503174885,B,2,0.01603231154538079,0.15108275443235525,0.8501345197933209,Low Risk
FOODS_3_475,6624,1.8147945205479452,2.4322444062450193,25,6624.0,1.3402312926923792,B,2,0.03894317259868073,0.1281201964581518,0.8501190107170498,Low Risk
HOUSEHOLD_2_145,1979,0.5421917808219178,0.8809674895609438,7,7856.63,1.6248263450719784,B,2,0.011634743142027348,0.1553262274027385,0.8500882911634298,Low Risk
HOBBIES_1_383,2264,0.6202739726027398,0.996802193955411,6,6746.72,1.6070353391948984,B,2,0.013310287252930732,0.15362548576165908,0.850080731904377,Low Risk
FOODS_3_584,4815,1.319178082191781,1.9105193741619346,16,4815.0,1.4482649461455994,B,2,0.02830787682105189,0.13844773692074824,0.8500266841225401,Low Risk
FOODS_3_775,2472,0.6772602739726027,1.0774110798099115,12,9226.64,1.590837557162693,B,2,0.014533140498783025,0.15207704928844143,0.8499830569361674,Low Risk
FOODS_2_064,2386,0.6536986301369863,1.0428310472815496,10,5546.52,1.5952780061096632,B,2,0.01402753771444025,0.1525015366098092,0.8499587222972749,Low Risk
FOODS_3_044,2746,0.7523287671232877,1.1831586549180293,14,7907.28,1.5726617226696311,B,2,0.01614401448610768,0.15033951973011883,0.8499450602648679,Low Risk
HOUSEHOLD_1_231,1964,0.538082191780822,0.8714601222554079,6,5812.02,1.619566927816822,B,2,0.011546556609874541,0.15482345032563236,0.8499110020806521,Low Risk
FOODS_3_766,2203,0.6035616438356164,0.9683047341982771,9,6363.21,1.604317875544127,B,2,0.012951662022175972,0.15336570823019635,0.8498952110757118,Low Risk
FOODS_2_262,4380,1.2,1.7634889059484085,16,8809.51,1.4695740882903405,B,2,0.02575046738862041,0.14048479686168902,0.8498705792750929,Low Risk
FOODS_1_195,2903,0.7953424657534247,1.2410403284004543,9,6502.72,1.560384842804567,B,2,0.017067033522640423,0.14916590419914183,0.8498698813165347,Low Risk
FOODS_3_528,1810,0.4958904109589041,0.8070052220286927,7,9013.800000000001,1.627386221218082,B,2,0.01064117487977236,0.15557094026426888,0.8498636345432123,Low Risk
FOODS_3_648,5384,1.475068493150685,2.075330521928282,20,5384.0,1.40693841103979,B,2,0.031653085940715135,0.1344971025596788,0.8498450565501183,Low Risk
FOODS_2_238,3663,1.0035616438356165,1.518042913909501,12,6349.24,1.5126553742204965,B,2,0.02153515115171611,0.14460317765695693,0.849841498642602,Low Risk
FOODS_2_275,4091,1.1208219178082193,1.665647425699057,21,9604.72,1.4860946232709746,B,2,0.024051406869142946,0.14206408709230328,0.8498346481884339,Low Risk
FOODS_3_612,2097,0.5745205479452055,0.9235256017686782,8,9425.1,1.6074718390346567,B,2,0.012328477194962785,0.15366721321984386,0.849798707124442,Low Risk
HOUSEHOLD_1_480,2535,0.6945205479452055,1.0961441689748452,11,6920.55,1.5782746417192053,B,2,0.014903523933824825,0.15087609001858784,0.8497338841857238,Low Risk
FOODS_3_278,6362,1.743013698630137,2.3374503451428676,37,6358.25,1.3410395724255686,B,2,0.03740284783707832,0.12819746443329463,0.849680093681112,Low Risk
FOODS_3_698,6047,1.6567123287671233,2.252665699480534,21,6047.0,1.359720490012229,B,2,0.03555093066186932,0.12998327770617635,0.8496602625104137,Low Risk
FOODS_3_189,2795,0.7657534246575343,1.1922283253859622,14,6997.9,1.5569350224181617,B,2,0.016432090491140194,0.14883611659601576,0.8495804621261468,Low Risk
FOODS_2_044,3902,1.0690410958904109,1.5891004506364925,12,9746.54,1.4864727434195792,B,2,0.02294025656401754,0.14210023370967312,0.8495121470821073,Low Risk
FOODS_3_726,2804,0.7682191780821918,1.1930548799057197,10,7037.06,1.5530136632153626,B,2,0.016485002410431878,0.14846125196318338,0.8494838763120847,Low Risk
FOODS_3_658,2340,0.6410958904109589,1.0131819068866204,8,6642.48,1.580390581254771,B,2,0.013757099015838301,0.15107836449946915,0.8494506390545923,Low Risk
FOODS_2_220,3733,1.0227397260273972,1.5286711426991628,19,7485.02,1.494682472770411,B,2,0.02194668830176255,0.142885047601896,0.8494495207710977,Low Risk
FOODS_3_122,2397,0.6567123287671233,1.0349947736121912,10,5992.5,1.5760245822630363,B,2,0.014092207838018976,0.15066099426523635,0.8494259606309766,Low Risk
FOODS_3_743,2496,0.6838356164383562,1.0732485782204413,10,7437.12,1.5694540506829369,B,2,0.014674238950227523,0.15003288044528093,0.8494121358186526,Low Risk
FOODS_3_297,2391,0.6550684931506849,1.031795327807969,8,6886.08,1.5750953352150092,B,2,0.014056933225157853,0.15057216234868542,0.8493887286721531,Low Risk
FOODS_3_791,3236,0.8865753424657534,1.3502780477324738,14,8078.0,1.52302684617538,B,2,0.019024774536432795,0.14559464460125615,0.8493858257413067,Low Risk
FOODS_2_199,8062,2.208767123287671,2.7031299140875302,19,7784.56,1.2238184304663218,B,2,0.04739732148106341,0.11699164061858777,0.8493166886298954,Low Risk
FOODS_3_456,1600,0.4383561643835616,0.7106113720291035,6,6366.99,1.6210821924413925,B,2,0.009406563429633025,0.15496830293610683,0.8493124599097219,Low Risk
FOODS_3_162,2618,0.7172602739726027,1.1176616698780226,15,5183.64,1.5582372402806657,B,2,0.015391489411737038,0.14896060287632054,0.8493056276864174,Low Risk
FOODS_2_041,2409,0.66,1.0360797374008779,10,9563.73,1.569817783940724,B,2,0.014162757063741226,0.15006765173938524,0.8492691226409379,Low Risk
FOODS_1_036,4796,1.313972602739726,1.8655982810771425,13,8536.88,1.4198152055737219,B,2,0.028196173880324995,0.13572806728527062,0.8491772723496787,Low Risk
FOODS_2_020,3275,0.8972602739726028,1.3573054370816124,9,8186.5,1.5127220901825604,B,2,0.019254059520030103,0.14460955540847872,0.8491590844785527,Low Risk
FOODS_3_191,5266,1.4427397260273973,2.0057831298593642,20,5266.0,1.3902598602329432,B,2,0.0309593518877797,0.13290270671348292,0.8491586175803788,Low Risk
FOODS_3_735,2939,0.8052054794520548,1.233996052717709,10,5878.0,1.5325231685674168,B,2,0.017278681199807164,0.1465024511098279,0.8491343396928905,Low Risk
FOODS_2_105,2838,0.7775342465753424,1.1952860054206715,12,9473.52,1.537277632059708,B,2,0.01668489188331158,0.14695695683582222,0.8490925546157402,Low Risk
FOODS_2_215,4019,1.101095890410959,1.61128654975464,14,7406.860000000001,1.4633480733029203,B,2,0.02362811151480946,0.13988961730746652,0.8490553186466829,Low Risk
FOODS_3_047,6605,1.8095890410958904,2.359256353355861,20,6605.0,1.3037525646856762,B,2,0.03883146965795384,0.12463299105991538,0.8490393382153608,Low Risk
FOODS_3_716,3900,1.0684931506849316,1.5702143894767726,11,5391.2,1.4695596209205692,B,2,0.0229284983597305,0.14048341384499075,0.8490235736614163,Low Risk
FOODS_1_206,3387,0.927945205479452,1.3923458293395845,15,6948.26,1.5004612568909015,B,2,0.019912518960104413,0.14343747385909758,0.8490049978457606,Low Risk
FOODS_3_464,2252,0.616986301369863,0.9679074582395957,7,7849.88,1.5687665286743004,B,2,0.013239738027208485,0.14996715637564004,0.8489620683208545,Low Risk
HOUSEHOLD_1_070,1884,0.5161643835616438,0.8213288401611283,7,7404.120000000001,1.5912156404395532,B,2,0.011076228438392888,0.15211319238103524,0.8489568262458285,Low Risk
FOODS_1_153,3732,1.0224657534246575,1.5101880928206364,13,7389.36,1.4770060393342237,B,2,0.02194080919961903,0.1411952585804994,0.8489408203340356,Low Risk
FOODS_2_355,2895,0.7931506849315069,1.2122997999306255,11,7083.22,1.5284608876500114,B,2,0.01702000070549226,0.14611411498303847,0.8489402347065592,Low Risk
FOODS_3_733,3476,0.9523287671232876,1.4213369554339612,16,6658.58,1.4924855832376176,B,2,0.020435759050877748,0.14267503465855327,0.8489332381128294,Low Risk
HOUSEHOLD_1_155,1683,0.4610958904109589,0.738662478522402,5,5839.67,1.6019715071935634,B,2,0.009894528907545238,0.15314140577160093,0.8489107804037439,Low Risk
HOUSEHOLD_2_451,2008,0.5501369863013699,0.8686439555979388,7,6867.36,1.5789593814404765,B,2,0.011805237104189448,0.15094154811383625,0.8488240355654078,Low Risk
FOODS_3_166,5415,1.4835616438356165,2.029888595792005,18,5415.0,1.3682536241257284,B,2,0.031835338107164275,0.13079900766636032,0.8487903037320574,Low Risk
HOUSEHOLD_2_322,2239,0.6134246575342466,0.9586607699546533,8,4970.580000000001,1.562801165848363,B,2,0.013163309699342715,0.14939689401766457,0.8487680611151022,Low Risk
FOODS_1_190,7475,2.047945205479452,2.540146794095816,37,7236.82,1.2403392372507998,B,2,0.0439462885228168,0.1185709568324499,0.84875517360658,Low Risk
FOODS_2_327,4641,1.2715068493150685,1.7982617526004538,14,9257.58,1.4142761036396587,B,2,0.0272849130480793,0.13519855358725194,0.8487450399905995,Low Risk
FOODS_1_182,4357,1.1936986301369863,1.7061505191501958,21,9125.84,1.4292975430108366,B,2,0.025615248039319433,0.13663453689387456,0.8486749354799582,Low Risk
FOODS_2_001,4183,1.146027397260274,1.648900527849616,14,8035.34,1.4387967790224956,B,2,0.024592284266346843,0.13754262193162292,0.848640471859391,Low Risk
FOODS_3_529,2009,0.5504109589041096,0.8638827097102809,7,7995.82,1.569523091310366,B,2,0.01181111620633297,0.15003948042455167,0.8485551789892654,Low Risk
FOODS_1_146,2744,0.7517808219178083,1.1458593016736351,11,6145.52,1.5241933130862857,B,2,0.01613225628182064,0.1457061536897262,0.8485515229914641,Low Risk
FOODS_3_354,2853,0.7816438356164384,1.1846476300552555,14,8498.48,1.5155849455666606,B,2,0.01677307841546439,0.14488323174795992,0.8484968930490273,Low Risk
FOODS_3_025,2815,0.7712328767123288,1.1703352917006071,9,7969.0199999999995,1.517486257444837,B,2,0.016549672534010604,0.14506498877205598,0.84848439839182,Low Risk
FOODS_2_107,4507,1.2347945205479451,1.7433097340088946,14,9050.91,1.4118217282299679,B,2,0.026497113360847528,0.13496392613049413,0.8484383118474026,Low Risk
HOUSEHOLD_2_167,2673,0.7323287671232876,1.1161002170809857,12,7698.24,1.5240425710234187,B,2,0.015714840029630674,0.1456917434138176,0.8484219750330345,Low Risk
HOBBIES_1_199,2263,0.62,0.9604311857092486,11,9006.74,1.5490825575955622,B,2,0.013304408150787211,0.14808545561590156,0.8484169591300067,Low Risk
HOUSEHOLD_1_422,1895,0.5191780821917809,0.8159074684380881,11,6859.900000000001,1.5715368125588505,B,2,0.011140898561971617,0.1502319832883294,0.8484118645550904,Low Risk
FOODS_3_057,2124,0.581917808219178,0.9055122712444055,7,5983.32,1.5560827636732957,B,2,0.012487212952837841,0.14875464442145844,0.8483725572122889,Low Risk
FOODS_2_039,1772,0.48547945205479454,0.7650437722157558,6,8824.560000000001,1.5758520138755692,B,2,0.010417768998318576,0.15064449748902667,0.8483186799462037,Low Risk
FOODS_3_536,3169,0.8682191780821917,1.2924738849963333,10,9387.94,1.4886493153160671,B,2,0.01863087469281691,0.1423083043766571,0.8482817537208422,Low Risk
HOUSEHOLD_1_452,2123,0.5816438356164384,0.9031126918138097,7,6305.31,1.5526902143760741,B,2,0.012481333850694323,0.14843033168169184,0.8482734996597159,Low Risk
FOODS_2_025,2479,0.6791780821917808,1.0395465543727709,11,9744.94,1.5305949671079524,B,2,0.01457429421378767,0.14631812356043813,0.8482677253322678,Low Risk
FOODS_3_613,2319,0.6353424657534247,0.9784805450351468,7,6678.04,1.5400836521682992,B,2,0.013633637870824368,0.14722519997380779,0.8482576513533897,Low Risk
FOODS_3_663,3559,0.9750684931506849,1.426823952572693,12,6192.66,1.4633063857517081,B,2,0.02092372452878996,0.13988563216155905,0.8482428070071047,Low Risk
FOODS_3_656,2384,0.6531506849315069,1.0008065762141558,8,8308.119999999999,1.5322751691198275,B,2,0.014015779510153209,0.14647874345718626,0.848148356890202,Low Risk
HOUSEHOLD_1_374,2227,0.6101369863013698,0.9399954128251502,8,8841.19,1.5406301108270313,B,2,0.013092760473620468,0.1472774390097822,0.8481110598450209,Low Risk
HOUSEHOLD_1_522,3613,0.9898630136986302,1.4394345258879013,19,6380.7300000000005,1.45417548283721,B,2,0.021241196044540077,0.13901275814225772,0.8480761862560394,Low Risk
FOODS_3_610,4095,1.121917808219178,1.5971976842835907,19,8005.36,1.4236316355641285,B,2,0.024074923277717028,0.13609290114850434,0.8480503473278664,Low Risk
FOODS_3_141,1959,0.5367123287671233,0.8342458679851303,6,5656.92,1.5543631537242093,B,2,0.011517161099156936,0.14859025729984024,0.8480322255196991,Low Risk
FOODS_2_134,2805,0.7684931506849315,1.1542309259889854,7,8358.9,1.5019404206273785,B,2,0.016490881512575398,0.1435788753840019,0.8480209270689731,Low Risk
HOUSEHOLD_1_076,1789,0.49013698630136987,0.7654761048987516,5,8864.720000000001,1.5617595208946022,B,2,0.010517713734758427,0.1492973173573947,0.8479445093276461,Low Risk
FOODS_1_181,6196,1.6975342465753425,2.189193282044643,34,8550.48,1.289631291068907,B,2,0.03642691688125389,0.12328305962652429,0.8479129929523336,Low Risk
FOODS_3_805,5480,1.5013698630136987,2.001403532646316,20,5480.0,1.333051623021725,B,2,0.03221747974649312,0.12743385172517596,0.8478953994415008,Low Risk
HOUSEHOLD_2_049,2371,0.6495890410958904,0.9900608261376446,12,8108.82,1.524134127120372,B,2,0.013939351182287441,0.14570049577260266,0.8478919540864671,Low Risk
FOODS_3_218,2522,0.690958904109589,1.0461273693777704,9,5035.39,1.5140225607568842,B,2,0.014827095605959057,0.14473387465574514,0.8478682910785112,Low Risk
FOODS_2_157,2177,0.5964383561643836,0.9146284886783469,8,8551.16,1.533483685657311,B,2,0.012798805366444437,0.14659427230437072,0.8478179233012446,Low Risk
FOODS_3_089,5972,1.6361643835616437,2.1261159306991657,18,5972.0,1.2994512972290615,B,2,0.035109998001105265,0.12422180887474682,0.8477995420627557,Low Risk
FOODS_2_376,4050,1.1095890410958904,1.5703267533349285,12,7843.7,1.4152327530055528,B,2,0.0238103636812586,0.13529000504445055,0.8477301106177128,Low Risk
FOODS_1_041,3078,0.8432876712328767,1.2434934025291489,12,6893.68,1.4745779464689386,B,2,0.018095876397756536,0.1409631436189885,0.8477177060050235,Low Risk
HOUSEHOLD_2_342,7177,1.9663013698630136,2.4033441958623953,23,6961.69,1.222266450452521,B,2,0.04219431608404764,0.1168432781789466,0.8477112782788984,Low Risk
FOODS_3_029,4029,1.1038356164383563,1.5622329359154963,17,6052.38,1.4152767972428792,B,2,0.023686902536244666,0.1352942154791493,0.8476943354046182,Low Risk
HOUSEHOLD_1_317,4317,1.1827397260273973,1.6528799784852912,16,8461.32,1.39750102419998,B,2,0.02538008395357861,0.1335949300297873,0.8476925041950099,Low Risk
FOODS_3_269,2779,0.7613698630136986,1.1360160720453938,10,8277.5,1.4920686084799164,B,2,0.016338024856843863,0.142635173712039,0.8476919595706649,Low Risk
HOUSEHOLD_1_398,2311,0.6331506849315068,0.9626896594500081,12,6620.0,1.5204747974870314,B,2,0.013586605053676202,0.14535068001014056,0.8476811855191451,Low Risk
FOODS_3_212,2438,0.667945205479452,1.0101634235320593,9,7265.24,1.512344748109933,B,2,0.014333251025903323,0.1445734831717383,0.8476720202592926,Low Risk
FOODS_2_211,3496,0.9578082191780822,1.3859790470329303,11,8239.41,1.447031899791246,B,2,0.020553341093748165,0.13832986313133358,0.8476649612675246,Low Risk
FOODS_3_021,3928,1.076164383561644,1.525594763044119,15,9617.01,1.4176224249264342,B,2,0.023093113219749082,0.13551844713324762,0.847583468105899,Low Risk
HOUSEHOLD_2_298,2188,0.5994520547945206,0.9128057181079521,7,7482.96,1.5227334877029364,B,2,0.012863475490023164,0.14556660082603087,0.8475290228948162,Low Risk
FOODS_1_127,3683,1.009041095890411,1.4430546036645573,20,7807.96,1.4301247090349263,B,2,0.021652733194586524,0.13671361031507262,0.8475099030528979,Low Risk
FOODS_3_677,2141,0.5865753424657534,0.8938053295064933,6,8521.18,1.5237690110689868,B,2,0.012587157689277692,0.1456655922895333,0.8474758249936434,Low Risk
FOODS_3_049,1887,0.516986301369863,0.7955492197607601,6,8848.59,1.5388206953507018,B,2,0.01109386574482345,0.14710446687611708,0.8474594997862822,Low Risk
HOUSEHOLD_1_043,2796,0.766027397260274,1.135175566751694,16,8080.3,1.481899434421918,B,2,0.016437969593283714,0.14166304555383838,0.8474303045441367,Low Risk
FOODS_1_054,4116,1.1276712328767122,1.575931015460946,18,8149.679999999999,1.3975092824179915,B,2,0.024198384422730958,0.1335957194789815,0.8473382311705138,Low Risk
HOUSEHOLD_1_158,2376,0.650958904109589,0.9787158946122065,8,9429.26,1.5034987438276743,B,2,0.013968746693005043,0.1437278442042763,0.8473089772691844,Low Risk
FOODS_2_323,2320,0.6356164383561644,0.9577781368587911,6,9210.4,1.5068492239373221,B,2,0.01363951697296789,0.1440481353153836,0.8473062956865055,Low Risk
FOODS_3_170,3522,0.9649315068493151,1.3806309233361762,22,6973.5599999999995,1.4308071749508924,B,2,0.0207061977494797,0.13677885104456933,0.8472455146382147,Low Risk
FOODS_3_508,5359,1.4682191780821918,1.9304723070314334,22,5359.0,1.3148393208928404,B,2,0.03150610838712712,0.12569283602181894,0.8471596833226839,Low Risk
FOODS_3_650,2844,0.7791780821917809,1.1423746661416756,10,8472.14,1.4661278239863276,B,2,0.016720166496172705,0.14015534920434483,0.8470626547101553,Low Risk
HOUSEHOLD_1_460,2094,0.5736986301369863,0.866962370175229,7,8100.16,1.5111808267142244,B,2,0.012310839888532222,0.1444622174232864,0.8470319171935456,Low Risk
FOODS_3_385,2841,0.7783561643835616,1.1401742397826462,8,8455.98,1.4648489881051245,B,2,0.01670252918974214,0.14003309813825585,0.8470206881983995,Low Risk
HOUSEHOLD_1_025,3178,0.8706849315068493,1.2569307216564958,11,9470.44,1.4436114329912553,B,2,0.018683786612108597,0.13800288160151641,0.8470060004640875,Low Risk
FOODS_3_055,2187,0.5991780821917808,0.9013551404041982,7,6504.16,1.5043192786809891,B,2,0.012857596387879642,0.14380628371481502,0.8469991640308084,Low Risk
FOODS_3_060,2909,0.796986301369863,1.1631228281795791,13,8666.65,1.4594012797715585,B,2,0.017102308135501548,0.1395123212650782,0.8469843888201739,Low Risk
FOODS_3_312,2684,0.7353424657534247,1.0828062591619003,14,7729.92,1.4725196892477408,B,2,0.0157795101532094,0.14076638331277935,0.8469637680397967,Low Risk
FOODS_3_280,2160,0.5917808219178082,0.8902125193376651,8,9201.7,1.5042943035104062,B,2,0.012698860630004586,0.14380389619873543,0.846950827048622,Low Risk
HOUSEHOLD_1_059,2969,0.8134246575342465,1.1826764301547699,10,9263.28,1.4539471101599564,B,2,0.017455054264112785,0.1389909267222372,0.846933794295905,Low Risk
HOUSEHOLD_1_211,2200,0.6027397260273972,0.9042957380120256,6,8514.0,1.5003088380654062,B,2,0.01293402471574541,0.14342290329208213,0.8469070784023482,Low Risk
FOODS_3_438,5679,1.555890410958904,1.9993900382667746,16,5679.0,1.2850455431719894,B,2,0.03338742107305372,0.12284468236681985,0.8468696310319621,Low Risk
HOUSEHOLD_1_047,2003,0.5487671232876712,0.8290127342030141,7,8472.69,1.5106822165956075,B,2,0.011775841593471843,0.14441455249656704,0.8468571182270117,Low Risk
HOBBIES_1_242,2680,0.7342465753424657,1.0782255524861366,14,7269.24,1.4684788308113428,B,2,0.015755993744635318,0.14038009508062588,0.8468408266475784,Low Risk
FOODS_3_509,4094,1.1216438356164384,1.5492278451337145,21,8106.12,1.3812119283678694,B,2,0.02406904417557351,0.13203776436031306,0.846832042560766,Low Risk
FOODS_2_084,2459,0.6736986301369863,0.9977193874125904,6,7302.21,1.4809580171028691,B,2,0.014456712170917256,0.14157305021309136,0.8468089287152026,Low Risk
FOODS_1_139,8774,2.4038356164383563,2.6259840735322473,21,8598.52,1.0924141632542401,B,2,0.05158324220725011,0.10442997262706476,0.8468039644502945,Low Risk
HOBBIES_1_206,2531,0.6934246575342465,1.0228871963406354,11,7246.4400000000005,1.475123771885942,B,2,0.014880007525250743,0.1410153221198485,0.8467685988935298,Low Risk
FOODS_1_074,4025,1.1027397260273972,1.525203678201678,12,9013.230000000001,1.3831039566300931,B,2,0.02366338612767058,0.1322186339116974,0.8467646060118105,Low Risk
FOODS_3_426,2288,0.6268493150684932,0.9334925105378609,8,6816.95,1.4891816710940524,B,2,0.013451385704375228,0.14235919523947532,0.8467431742831553,Low Risk
HOUSEHOLD_1_021,4678,1.2816438356164384,1.7193042670744942,20,8938.86,1.341483662852053,B,2,0.02750243982738956,0.12823991751806932,0.8467227072036377,Low Risk
FOODS_3_104,3004,0.823013698630137,1.1865773058442552,14,8951.92,1.4417467264752104,B,2,0.017660822839136007,0.13782462388848202,0.8466456340182855,Low Risk
FOODS_3_625,3227,0.8841095890410959,1.2622627717952086,11,9560.0,1.4277220691207038,B,2,0.01897186261714111,0.13648392854334648,0.8466367373481464,Low Risk
HOBBIES_1_097,1755,0.4808219178082192,0.7297381876294212,4,7433.76,1.5176891081751496,B,2,0.010317824261878727,0.14508438040659027,0.8466206614005408,Low Risk
FOODS_3_480,2949,0.807945205479452,1.1661586060664744,11,8638.619999999999,1.4433634832630151,B,2,0.01733747222124237,0.13797917870182508,0.8465949952769203,Low Risk
FOODS_1_040,4638,1.2706849315068494,1.7016880442562663,12,8255.64,1.339189599296113,B,2,0.027267275741648736,0.12802061516699223,0.8465863672725924,Low Risk
FOODS_2_180,4067,1.1142465753424657,1.5312009571193095,12,9547.119999999999,1.37420297356417,B,2,0.023910308417698447,0.13136773921516645,0.8465834142898595,Low Risk
FOODS_2_109,2804,0.7682191780821918,1.1151702406215718,10,8168.88,1.4516303060872815,B,2,0.016485002410431878,0.13876945047812575,0.8465763358665673,Low Risk
FOODS_3_708,3369,0.9230136986301369,1.3069964615211862,14,9363.119999999999,1.4160098202886109,B,2,0.01980669512152104,0.13536428924711724,0.8465512953105916,Low Risk
FOODS_1_185,3620,0.9917808219178083,1.388769249616783,12,7789.799999999999,1.4002783870445463,B,2,0.02128234975954472,0.13386043365981118,0.8465428350258067,Low Risk
FOODS_3_687,2525,0.6917808219178082,1.013508841197722,12,7528.94,1.465072186285816,B,2,0.01484473291238962,0.1400544348992427,0.8464697503434897,Low Risk
FOODS_3_084,2822,0.7731506849315068,1.117411070240833,11,5431.26,1.4452694565482072,B,2,0.01659082624901525,0.13816138133585867,0.8464256622754622,Low Risk
FOODS_3_560,3443,0.9432876712328767,1.3259288432365897,15,9768.01,1.4056463194346651,B,2,0.02024174868014157,0.13437358430488716,0.8463845998955087,Low Risk
HOBBIES_1_010,1861,0.5098630136986302,0.765834030674767,5,5527.17,1.5020388027742606,B,2,0.010941009089091914,0.14358828028303333,0.8463587868116377,Low Risk
FOODS_1_097,7229,1.9805479452054795,2.321018082537373,31,7084.42,1.1719070412590138,B,2,0.042500029395510716,0.11202914092176683,0.8463587510951833,Low Risk
FOODS_2_185,3534,0.9682191780821918,1.353042654318781,19,6960.36,1.3974549202783109,B,2,0.02077674697520195,0.13359052269835583,0.8463101809020673,Low Risk
FOODS_3_357,2525,0.6917808219178082,1.009173248401107,7,9708.14,1.4588048937283327,B,2,0.01484473291238962,0.13945530939150114,0.8462900126911672,Low Risk
FOODS_2_202,2100,0.5753424657534246,0.8537603732806573,7,6258.0,1.4839168392735236,B,2,0.012346114501393347,0.14185590055381683,0.846260604516563,Low Risk
HOUSEHOLD_1_499,1974,0.5408219178082192,0.8066620276265821,6,7797.360000000001,1.491548328691502,B,2,0.011605347631309746,0.14258543726052625,0.8462572354675508,Low Risk
FOODS_3_075,2859,0.7832876712328767,1.1254036817767918,10,8232.72,1.436769303422627,B,2,0.016808353028325514,0.13734880421255785,0.846247147172265,Low Risk
FOODS_2_321,3113,0.8528767123287672,1.2119794392986594,15,9040.91,1.4210488125409915,B,2,0.01830164497277976,0.1358459946668058,0.8462442918918758,Low Risk
FOODS_3_065,1990,0.5452054794520548,0.8121847316569316,5,7277.2,1.489685563089347,B,2,0.011699413265606076,0.1424073650902935,0.8462320335067699,Low Risk
HOBBIES_1_270,1921,0.5263013698630137,0.7859367964307774,7,9374.48,1.4933208261178228,B,2,0.011293755217703151,0.1427548801915487,0.8462145906227756,Low Risk
FOODS_2_089,2375,0.6506849315068494,0.952650352044517,7,9300.36,1.4640731726157838,B,2,0.013962867590861525,0.13995893360154374,0.8461765403577217,Low Risk
HOBBIES_1_282,2309,0.6326027397260274,0.9273884858379092,6,9189.82,1.465988728154339,B,2,0.013574846849389161,0.14014205225670748,0.846115069731829,Low Risk
FOODS_3_621,5011,1.372876712328767,1.7838466135347797,19,7516.5,1.2993494590704342,B,2,0.029460180841181932,0.1242120735962457,0.8461016763312283,Low Risk
FOODS_3_786,4856,1.3304109589041095,1.7365167365796916,14,9614.88,1.3052483707816875,B,2,0.028548920008936232,0.12477598352093998,0.8459974710589628,Low Risk
FOODS_3_642,2641,0.7235616438356164,1.042541755931672,7,7870.18,1.4408471825636515,B,2,0.015526708761038012,0.13773863146068238,0.8459796020665162,Low Risk
FOODS_3_544,2596,0.7112328767123288,1.026056721502214,7,7736.08,1.4426452363185982,B,2,0.015262149164579587,0.13791051746392838,0.8459517999885524,Low Risk
HOUSEHOLD_1_176,2202,0.6032876712328767,0.8846240758279463,7,8665.49,1.466338726962763,B,2,0.012945782920032452,0.14017551059806982,0.8459363880554307,Low Risk
HOBBIES_1_240,2547,0.6978082191780822,1.00800882627513,10,7226.05,1.44453561676648,B,2,0.014974073159547074,0.13809122949153424,0.8459195907953244,Low Risk
HOUSEHOLD_1_141,5214,1.4284931506849314,1.8283295393466283,13,9228.78,1.279900809093823,B,2,0.030653638576316623,0.12235286849527872,0.8459019521214787,Low Risk
FOODS_3_246,2972,0.8142465753424658,1.1535994853340348,8,5829.54,1.4167692198752444,B,2,0.017472691570543347,0.1354368844959823,0.8458728728199577,Low Risk
HOUSEHOLD_2_376,2068,0.5665753424657535,0.833710515280213,6,7899.759999999999,1.4714909965052114,B,2,0.012157983232800687,0.1406680448267385,0.8458478084178618,Low Risk
FOODS_2_130,4153,1.1378082191780823,1.5274668456566498,14,6545.780000000001,1.3424642395007877,B,2,0.024415911202041226,0.12833365631790422,0.8458248702559836,Low Risk
HOUSEHOLD_1_208,6704,1.8367123287671232,2.177054697250839,29,6234.72,1.1852997680437891,B,2,0.039413500770162375,0.11330942649346748,0.845816878179089,Low Risk
HOUSEHOLD_2_325,1934,0.5298630136986301,0.7833644669331126,6,7385.5599999999995,1.4784282855769706,B,2,0.011370183545568919,0.141331219044209,0.8458104207769335,Low Risk
FOODS_1_122,3786,1.0372602739726027,1.415272431182125,16,7496.28,1.3644332735907967,B,2,0.022258280715369148,0.1304337990163734,0.8458076239195228,Low Risk
HOUSEHOLD_1_313,2061,0.5646575342465754,0.8299083246524478,6,8167.900000000001,1.4697551601074401,B,2,0.012116829517796043,0.1405021065282416,0.8457856808138113,Low Risk
FOODS_2_146,3573,0.9789041095890411,1.3474675674327703,11,6903.82,1.3765061911921668,B,2,0.02100603195879925,0.13158791665513056,0.845778184584179,Low Risk
FOODS_3_289,2758,0.7556164383561644,1.0771817851457801,7,7978.95,1.4255669020239656,B,2,0.01621456371182993,0.13627790408074827,0.8457477403377734,Low Risk
FOODS_1_092,4211,1.1536986301369863,1.5359735909692194,16,8253.56,1.3313473300968062,B,2,0.02475689912636542,0.12727092884346633,0.8456083483909496,Low Risk
FOODS_3_748,2338,0.6405479452054794,0.9256253993166581,9,9305.24,1.4450524839631318,B,2,0.013745340811551258,0.13814063971433596,0.8455657941577662,Low Risk
FOODS_3_701,3412,0.9347945205479452,1.287041587170426,17,6755.76,1.3768176416096292,B,2,0.02005949651369243,0.13161768994045067,0.8455031559362429,Low Risk
HOUSEHOLD_1_181,2112,0.5786301369863014,0.8421502758182893,6,8321.28,1.4554206944776304,B,2,0.012416663727115595,0.13913179487932878,0.8454645375819334,Low Risk
FOODS_3_310,5470,1.4986301369863013,1.862827669263231,16,5470.0,1.243020291190273,B,2,0.03215868872505791,0.11882725375620713,0.8452957827443796,Low Risk
FOODS_3_200,4504,1.233972602739726,1.606900319631618,22,8938.0,1.3022171773213602,B,2,0.02647947605441697,0.12448621480433314,0.8452897072576251,Low Risk
HOUSEHOLD_2_096,2006,0.5495890410958905,0.7993427664007575,6,6960.820000000001,1.454437236970471,B,2,0.011793478899902407,0.13903778068214317,0.8452493778746136,Low Risk
HOUSEHOLD_1_530,2713,0.7432876712328768,1.048620771059644,13,5286.38,1.4107872518863622,B,2,0.0159500041153715,0.13486503475771636,0.8452445116619264,Low Risk
HOUSEHOLD_1_154,2381,0.6523287671232877,0.933497859171303,7,7047.76,1.4310235976376546,B,2,0.013998142203722648,0.13679954009824025,0.8452393046905889,Low Risk
FOODS_3_239,3020,0.8273972602739726,1.1501736823547208,11,5979.599999999999,1.3901105763558712,B,2,0.01775488847343234,0.1328884358337006,0.8451929972921399,Low Risk
HOBBIES_1_139,3228,0.8843835616438356,1.2173057715574884,12,8124.43,1.3764454975789446,B,2,0.01897774171928463,0.13158211461357835,0.8451679568998589,Low Risk
HOUSEHOLD_1_028,3294,0.9024657534246575,1.23807303135665,12,9494.61,1.371878131284691,B,2,0.019365762460756993,0.1311454945539612,0.8451533771044154,Low Risk
FOODS_3_108,9359,2.564109589041096,2.560396693761135,26,9359.0,0.9985519748080075,B,2,0.05502251696120969,0.09545716167324411,0.8451439035903361,Low Risk
FOODS_2_116,3889,1.0654794520547946,1.4191802074475917,11,7516.2,1.3319639385918511,B,2,0.022863828236151774,0.12732987389418532,0.8450581106391012,Low Risk
FOODS_3_062,3382,0.9265753424657535,1.262951233627163,13,9769.26,1.363031343210865,B,2,0.01988312344938681,0.13029978065948464,0.8450548712326614,Low Risk
HOBBIES_1_379,2896,0.7934246575342466,1.1050895227647488,12,6487.040000000001,1.3928096540370625,B,2,0.01702587980763578,0.13314645574761813,0.8450517006665762,Low Risk
FOODS_1_130,4392,1.2032876712328766,1.563768360331968,15,7817.76,1.2995798076529335,B,2,0.025821016614342655,0.12423409390408703,0.845016533155529,Low Risk
FOODS_1_145,4906,1.344109589041096,1.7038796634201994,13,4807.88,1.2676642420472335,B,2,0.028842875116112266,0.1211831066918269,0.8450077945423817,Low Risk
FOODS_3_433,5022,1.375890410958904,1.7335752619554514,17,5021.64,1.2599660904295893,B,2,0.029524850964760662,0.12044719737304367,0.8449916145013413,Low Risk
FOODS_3_761,3554,0.9736986301369863,1.3145344578646243,13,7108.0,1.3500424229616992,B,2,0.02089432901807236,0.12905809721038436,0.844985727868537,Low Risk
HOUSEHOLD_1_101,3527,0.9663013698630137,1.305684083485828,9,8358.62,1.3512182888356314,B,2,0.0207355932601973,0.12917050479823736,0.8449718294175304,Low Risk
FOODS_3_416,2291,0.6276712328767123,0.8956221292973435,5,6139.700000000001,1.4268968886666538,B,2,0.01346902301080579,0.1364050449338809,0.8449622203834061,Low Risk
FOODS_3_431,5491,1.5043835616438357,1.8462727047352445,17,5490.76,1.2272619508802844,B,2,0.032282149870071844,0.11732082597215332,0.8448808927526675,Low Risk
FOODS_3_671,3474,0.9517808219178082,1.2845940253601922,21,7920.719999999999,1.3496742062650264,B,2,0.02042400084659071,0.12902289731931027,0.8448340694497702,Low Risk
FOODS_3_709,3434,0.9408219178082192,1.2697567253124424,14,8304.01,1.349624940998956,B,2,0.020188836760849885,0.12901818777730664,0.844762107361447,Low Risk
HOUSEHOLD_1_503,5975,1.6369863013698631,1.9532776909140976,15,7173.02,1.1932156605584026,B,2,0.035127635307535834,0.1140661508809995,0.8447581358565607,Low Risk
FOODS_3_011,4124,1.12986301369863,1.4762618731036166,14,7988.82,1.3065848294927742,B,2,0.024245417239879125,0.12490374307524695,0.8447447480945378,Low Risk
FOODS_3_553,2804,0.7682191780821918,1.0656593630025168,9,7032.23,1.387181410470466,B,2,0.016485002410431878,0.13260842050295668,0.8447280268740166,Low Risk
HOUSEHOLD_1_363,2195,0.6013698630136987,0.8565184025018484,10,6519.150000000001,1.4242788925429368,B,2,0.012904629205027808,0.13615477605900372,0.8447178215792095,Low Risk
FOODS_3_085,2674,0.7326027397260274,1.0203493071883782,12,7968.5199999999995,1.3927729884957294,B,2,0.015720719131774197,0.1331429506836904,0.8446591009446395,Low Risk
FOODS_1_134,4222,1.1567123287671233,1.4961685375210605,19,8359.56,1.2934664050099174,B,2,0.024821569249944147,0.12364967959297395,0.8445413746528755,Low Risk
HOUSEHOLD_1_167,2312,0.6334246575342466,0.8901769266562213,6,6334.88,1.4053398712349514,B,2,0.013592484155819724,0.1343442892095065,0.8443810320095979,Low Risk
HOBBIES_1_142,6917,1.895068493150685,2.1241806398605116,16,6501.98,1.1208991377028867,B,2,0.04066574952673228,0.10715301046565648,0.8443456279977166,Low Risk
FOODS_3_335,3990,1.093150684931507,1.421397068558535,17,9790.23,1.3002755138442739,B,2,0.023457617552647362,0.12430060034547344,0.8443274653694363,Low Risk
FOODS_3_640,5022,1.375890410958904,1.6998926631086266,15,7533.0,1.2354855078348241,B,2,0.029524850964760662,0.11810696172226244,0.8442895438061069,Low Risk
HOUSEHOLD_2_299,4077,1.116986301369863,1.444416096386315,9,5050.14,1.2931368044665317,B,2,0.023969099439133657,0.12361817123572133,0.8442761812024565,Low Risk
HOUSEHOLD_2_434,3305,0.9054794520547945,1.2129282586063643,9,6213.4,1.3395425548905384,B,2,0.01943043258433572,0.1280543561640465,0.8442454366245147,Low Risk
FOODS_3_005,3168,0.8679452054794521,1.1694416397193754,14,7223.039999999999,1.347368050813043,B,2,0.018624995590673394,0.12880243903633912,0.8442282303881038,Low Risk
FOODS_1_202,5907,1.6183561643835616,1.9068015268383802,15,5724.74,1.1782335488336022,B,2,0.03472785636177643,0.11263392712379762,0.8442085350456722,Low Risk
FOODS_2_125,3777,1.0347945205479452,1.3532722839311138,11,9501.39,1.307769085609893,B,2,0.02220536879607746,0.12501695273331814,0.8441666964588187,Low Risk
HOUSEHOLD_1_365,2298,0.6295890410958904,0.8789746485964263,7,9278.97,1.3961085584756117,B,2,0.013510176725810435,0.1334618164521981,0.8440915979534026,Low Risk
FOODS_3_826,3915,1.0726027397260274,1.3830354803947937,12,5011.2,1.2894200519644947,B,2,0.02301668489188331,0.12326286610044823,0.8438838652976995,Low Risk
HOBBIES_1_056,6930,1.8986301369863015,2.095061540505444,16,6514.2,1.1034595415360562,B,2,0.04074217785459805,0.10548586204192689,0.8438684119689575,Low Risk
FOODS_3_215,7300,2.0,2.1593163966010875,23,7509.66,1.0796581983005438,B,2,0.04291744564770068,0.103210558676061,0.8438384012971285,Low Risk
FOODS_2_108,2802,0.7676712328767124,1.0410833477636676,9,9312.6,1.3561578227471045,B,2,0.01647324420614484,0.12964270243949547,0.8438347839936922,Low Risk
FOODS_3_072,3310,0.9068493150684932,1.1974588018429162,12,8264.44,1.320460612304122,B,2,0.019459828095053325,0.12623020667111567,0.8437070104298507,Low Risk
HOUSEHOLD_2_225,5007,1.3717808219178083,1.6648884349605264,14,4826.59,1.2136694203327185,B,2,0.029436664432607854,0.11602144004256565,0.8436374313425521,Low Risk
FOODS_3_719,2748,0.7528767123287671,1.0179392283167248,14,6884.32,1.3520662967088959,B,2,0.016155772690394723,0.12925157060823084,0.8436222029895877,Low Risk
HOUSEHOLD_2_196,3458,0.9473972602739726,1.238584517507027,9,7849.66,1.3073549707636345,B,2,0.02032993521229438,0.12497736518171555,0.843592190118203,Low Risk
HOBBIES_1_407,3053,0.8364383561643836,1.110175376494382,10,8433.92,1.3272650259431689,B,2,0.017948898844168518,0.12688067858366586,0.8434488732283504,Low Risk
FOODS_3_684,4106,1.124931506849315,1.4135381938622855,14,7705.48,1.2565548971255096,B,2,0.024139593401295754,0.12012110234850694,0.8432782087249407,Low Risk
HOUSEHOLD_2_382,2603,0.7131506849315068,0.9599643684471902,7,9058.44,1.3460891067353995,B,2,0.015303302879584228,0.12868017762714795,0.8431950441520197,Low Risk
FOODS_3_019,3214,0.8805479452054794,1.1464338052184964,9,6260.15,1.3019550059264193,B,2,0.01889543428927534,0.12446115237607266,0.8430069759996044,Low Risk
FOODS_3_545,5353,1.4665753424657535,1.7116323921378436,13,5353.0,1.1670947564549092,B,2,0.031470833774265995,0.11156910773355805,0.8429119824523472,Low Risk
HOUSEHOLD_2_118,2752,0.753972602739726,1.0000092349889105,11,9411.84,1.3263203879758443,B,2,0.016179289098968805,0.12679037536315804,0.842890899338638,Low Risk
HOBBIES_1_352,2921,0.8002739726027397,1.0503101795602379,10,7347.96,1.3124382592930053,B,2,0.017172857361223794,0.12546330512998233,0.8427908487473619,Low Risk
HOBBIES_1_358,3509,0.9613698630136986,1.2267629861303575,11,8830.62,1.2760572526006853,B,2,0.02062976942161393,0.12198544145810697,0.8427845632639164,Low Risk
FOODS_2_123,2658,0.7282191780821918,0.9673192912924518,7,7894.26,1.3283353699087466,B,2,0.015626653497477865,0.12698299874280206,0.8427828956720841,Low Risk
FOODS_3_331,5513,1.5104109589041095,1.7371936292632015,21,8250.34,1.1501463353547408,B,2,0.0324114901172293,0.10994891347839564,0.8427081210786875,Low Risk
FOODS_3_225,3976,1.0893150684931507,1.3531003636261716,12,7873.5,1.2421570239525972,B,2,0.02337531012263807,0.11874472921832328,0.8426360118022885,Low Risk
FOODS_3_340,2810,0.7698630136986301,1.0108597681938012,10,8834.16,1.3130384889350089,B,2,0.016520277023293003,0.1255206844346388,0.8426122884373796,Low Risk
FOODS_3_186,2914,0.7983561643835616,1.035091360021786,7,6642.099999999999,1.2965282992723126,B,2,0.01713170364621915,0.12394238317076021,0.8423222260450939,Low Risk
FOODS_3_058,4401,1.2057534246575343,1.4500431550719075,10,8713.98,1.202603389232552,B,2,0.025873928533634346,0.11496357630942063,0.8422512514529166,Low Risk
FOODS_1_208,4654,1.2750684931506848,1.5132402980845348,13,9121.84,1.1867913811793194,B,2,0.027361341375945064,0.11345201812597576,0.8422440078505763,Low Risk
HOUSEHOLD_1_244,2992,0.8197260273972603,1.0557727004780202,12,8856.32,1.2879580069334136,B,2,0.01759027361341376,0.12312310104822619,0.842214012398492,Low Risk
HOUSEHOLD_1_024,5584,1.5298630136986302,1.7222326236776,14,8208.48,1.1257430294454225,B,2,0.032828906369419264,0.10761606513768177,0.8421334914521303,Low Risk
HOUSEHOLD_1_528,2973,0.8145205479452055,1.04770173653399,10,8823.24,1.2862803021692109,B,2,0.017478570672686867,0.12296271987733394,0.8421323871650063,Low Risk
FOODS_3_559,3068,0.8405479452054795,1.0750412056713743,8,9148.96,1.27897666254906,B,2,0.01803708537632133,0.1222645241643287,0.842090482862195,Low Risk
HOUSEHOLD_1_330,3983,1.0912328767123287,1.3332828056162473,10,9638.86,1.2218132665074826,B,2,0.023416463837642714,0.11679995579393247,0.8420649258894726,Low Risk
FOODS_3_026,4158,1.1391780821917807,1.3718480187831439,13,8232.84,1.2042436913320047,B,2,0.024445306712758824,0.11512038195063977,0.8418697065990196,Low Risk
HOUSEHOLD_1_461,6427,1.7608219178082192,1.8746844100350393,41,6234.19,1.0646643996620342,B,2,0.03778498947640716,0.10177721770148883,0.8418686621533689,Low Risk
HOBBIES_1_154,3317,0.9087671232876713,1.1400455597641013,8,9246.3,1.254496922863723,B,2,0.01950098181005797,0.11992436909196863,0.8418276052706081,Low Risk
FOODS_3_010,3123,0.8556164383561644,1.082372000994851,9,8864.46,1.2650201100324066,B,2,0.018360435994214965,0.12093033934111061,0.8417872326005977,Low Risk
FOODS_3_361,4275,1.1712328767123288,1.3699171182774232,9,8464.5,1.1696368378275075,B,2,0.025133161663550743,0.11181211949327872,0.8410835843470489,Low Risk
FOODS_3_390,4583,1.2556164383561643,1.4417064071742138,11,8157.74,1.1482060628814927,B,2,0.026943925123755097,0.10976343199336369,0.8410122071351357,Low Risk
HOUSEHOLD_1_532,3935,1.0780821917808219,1.2703532431512474,9,9758.8,1.1783454479039526,B,2,0.023134266934753723,0.11264462418105553,0.8407336673347429,Low Risk
HOUSEHOLD_1_170,4283,1.1734246575342466,1.353337195712992,10,8422.3,1.1533226160057017,B,2,0.025180194480698907,0.1102525518900834,0.8406298239112346,Low Risk
HOUSEHOLD_2_213,7871,2.1564383561643834,2.0027162767693976,18,7589.79,0.9287148278755306,B,2,0.04627441297165096,0.08878103865339497,0.8405166354875138,Low Risk
FOODS_3_467,3226,0.8838356164383562,1.0678215622649703,7,6270.28,1.208167607646355,B,2,0.01896598351499759,0.11549549103205062,0.8403384423641145,Low Risk
FOODS_3_248,3430,0.9397260273972603,1.1145343536379373,9,6695.65,1.1860205220928486,B,2,0.0201653203522758,0.11337832739950288,0.8400630943255337,Low Risk
HOUSEHOLD_1_007,5849,1.6024657534246576,1.6531340646605421,14,8656.52,1.0316189666628448,B,2,0.034386868437452235,0.09861822015309134,0.8399015265771631,Low Risk
HOUSEHOLD_1_217,4223,1.156986301369863,1.307172578712743,13,7728.09,1.1298081724606945,B,2,0.024827448352087667,0.10800467486839538,0.8398496369661449,Low Risk
HOUSEHOLD_2_102,3915,1.0726027397260274,1.213308890464903,9,9709.199999999999,1.1311819796160654,B,2,0.02301668489188331,0.1081360047691382,0.8393458068983065,Low Risk
FOODS_3_301,3759,1.0298630136986302,1.1663201978533868,8,7324.469999999999,1.132500325130317,B,2,0.022099544957494093,0.1082620327817705,0.8391084733217794,Low Risk
FOODS_3_253,4527,1.2402739726027396,1.3408316327036773,11,8963.46,1.0810769735737624,B,2,0.026614695403717942,0.10334618733040288,0.8389882648202363,Low Risk
HOUSEHOLD_2_442,4032,1.1046575342465754,1.2200953763128632,8,5967.36,1.1045010227038567,B,2,0.02370453984267523,0.10558542304498184,0.8387869888662972,Low Risk
HOUSEHOLD_1_061,4764,1.305205479452055,1.3649089560031824,9,8884.22,1.0457425880377027,B,2,0.02800804261173234,0.09996837602179383,0.838392925590058,Low Risk
HOUSEHOLD_1_390,4269,1.1695890410958905,1.250269840270122,9,7974.969999999999,1.0689821777901019,B,2,0.02509788705068962,0.1021899782339783,0.8381863595854004,Low Risk
HOUSEHOLD_1_215,4220,1.1561643835616437,1.207561167836573,9,9377.560000000001,1.044454564597984,B,2,0.024809811045657104,0.09984524666566011,0.8373965173133952,Low Risk
HOBBIES_1_112,46,0.012602739726027398,0.13183390770085426,3,123.32000000000001,10.460733980611261,C,1,0.0002704386986019495,1.0,0.7000811316095805,Low Risk
HOUSEHOLD_2_162,95,0.026027397260273973,0.2344228420126679,7,377.15000000000003,9.00677235101303,C,1,0.000558514703634461,0.8610076852835454,0.658469859996154,Low Risk
FOODS_3_522,166,0.04547945205479452,0.3974605643776258,15,390.38,8.73934373480924,C,1,0.0009759309558244264,0.835442689873141,0.6509255862486896,Low Risk
HOBBIES_1_391,118,0.03232876712328767,0.2197342658054198,4,457.84,6.796865001608324,C,1,0.0006937340529354358,0.6497502961270368,0.5951332090539917,Low Risk
FOODS_3_345,171,0.04684931506849315,0.31365592664382463,6,397.68,6.694994925438362,C,1,0.0010053264665420296,0.6400119664497144,0.592305187874877,Low Risk
FOODS_3_732,343,0.09397260273972603,0.5784016582657224,10,698.0600000000001,6.1550030690084165,C,1,0.00201653203522758,0.5883911282340779,0.5771222980807916,Low Risk
HOUSEHOLD_2_242,122,0.033424657534246574,0.2013398473071859,2,1548.43,6.023692153042857,C,1,0.0007172504615095182,0.5758383842097158,0.5729666904013676,Low Risk
HOUSEHOLD_2_175,133,0.03643835616438356,0.20419933586283542,3,794.01,5.603966736085333,C,1,0.0007819205850882453,0.5357144868105967,0.5609489222187055,Low Risk
FOODS_3_630,249,0.06821917808219179,0.38111540466603466,10,579.4200000000001,5.5866314338595435,C,1,0.0014638964337366398,0.5340573084273285,0.5606563614583195,Low Risk
FOODS_3_054,989,0.27095890410958906,1.435277803877733,29,1994.02,5.297031328770197,C,1,0.005814432019941915,0.5063728165335365,0.5536561745660435,Low Risk
FOODS_3_160,346,0.09479452054794521,0.4997124675828261,10,809.0600000000001,5.271533256292819,C,1,0.002034169341658142,0.5039353133406785,0.551790844804701,Low Risk
HOBBIES_2_079,173,0.047397260273972605,0.24374907802320325,3,427.31000000000006,5.14268286002712,C,1,0.001017084670829071,0.4916177841400966,0.5477904606432777,Low Risk
HOUSEHOLD_2_448,450,0.1232876712328767,0.6309198780814352,18,2228.54,5.117461233327197,C,1,0.0026455959645842885,0.48920670794346727,0.5475556911724155,Low Risk
HOBBIES_2_143,581,0.1591780821917808,0.8046380921703191,15,563.5699999999999,5.054955312257599,C,1,0.0034157583453854924,0.48323141775967604,0.5459941528315184,Low Risk
FOODS_1_079,406,0.11123287671232877,0.5625665094640022,10,2148.26,5.057556057989182,C,1,0.0023869154702693806,0.48348003757319996,0.5457600859130408,Low Risk
HOBBIES_2_055,212,0.05808219178082192,0.2941312206078685,5,530.0,5.06405167556,C,1,0.001246369654426376,0.4841009899445018,0.5456042078796784,Low Risk
HOUSEHOLD_2_278,219,0.06,0.303383676634082,6,2404.62,5.0563946105680335,C,1,0.0012875233694310203,0.48336900832579716,0.5453969595085685,Low Risk
FOODS_3_824,285,0.07808219178082192,0.38281334963450564,8,667.8000000000001,4.902697284792792,C,1,0.0016755441109033828,0.4686762223262567,0.541105529931148,Low Risk
FOODS_3_123,377,0.10328767123287672,0.49443617122653666,12,881.26,4.7869814986123576,C,1,0.002216421508107282,0.45761430388010266,0.537949217616463,Low Risk
HOBBIES_1_192,191,0.05232876712328767,0.24831865720567545,4,676.14,4.745356538223641,C,1,0.0011229085094124425,0.45363514137909006,0.5364274149665508,Low Risk
HOUSEHOLD_2_314,511,0.14,0.6414605491101345,29,1006.67,4.581861065072389,C,1,0.003004221195339048,0.4380056957346174,0.5323029750789869,Low Risk
HOUSEHOLD_2_245,230,0.06301369863013699,0.28744956749749917,8,453.09999999999997,4.561699658112486,C,1,0.0013521934930097476,0.4360783542118073,0.5312291643114452,Low Risk
HOUSEHOLD_2_108,282,0.07726027397260274,0.34811972042359335,5,2504.1600000000003,4.505804892007503,C,1,0.0016579068044728208,0.43073506126423944,0.5297178904206137,Low Risk
FOODS_3_666,490,0.13424657534246576,0.6024111546570093,12,1155.2,4.487348396934865,C,1,0.0028807600503251143,0.42897070179320745,0.5295554385530599,Low Risk
HOUSEHOLD_2_042,195,0.05342465753424658,0.23908464326079387,2,832.6,4.475174091804603,C,1,0.0011464249179865252,0.427806891954163,0.5286859950616449,Low Risk
HOUSEHOLD_2_283,304,0.08328767123287671,0.37189586643865624,6,1794.56,4.465197080595709,C,1,0.001787247051630275,0.4268531337162242,0.5285921142303563,Low Risk
HOBBIES_2_057,403,0.11041095890410958,0.48898650886717593,6,793.91,4.428785998424795,C,1,0.002369278163838818,0.42337239496133366,0.5277225019375518,Low Risk
FOODS_3_762,399,0.10931506849315069,0.47904378803546377,8,1310.88,4.3822301411765485,C,1,0.002345761755264736,0.41892186048310903,0.5263802866715122,Low Risk
HOBBIES_1_212,217,0.05945205479452055,0.26075070498058706,3,1620.99,4.3858989547425935,C,1,0.0012757651651439793,0.41927258286768027,0.5261645044098473,Low Risk
FOODS_3_659,624,0.17095890410958905,0.7331409514239874,12,1859.52,4.288404603681977,C,1,0.0036685597375568806,0.4099525531985079,0.5240863338808195,Low Risk
HOUSEHOLD_2_202,235,0.06438356164383562,0.2769434741304468,4,2082.1,4.301462470536727,C,1,0.0013815890037273508,0.4112008276388055,0.5237747249927599,Low Risk
FOODS_3_336,496,0.1358904109589041,0.5811976644612586,14,1159.97,4.276958619523375,C,1,0.002916034663186238,0.4088583676299028,0.5235323206879268,Low Risk
HOBBIES_2_119,211,0.05780821917808219,0.24820675890071367,4,626.6700000000001,4.293624028377274,C,1,0.0012404905522828552,0.410451507163399,0.5235075993147046,Low Risk
HOBBIES_2_030,248,0.06794520547945206,0.2891808054503522,5,240.09,4.256088467313651,C,1,0.001458017331593119,0.40686327318926346,0.522496387156257,Low Risk
HOBBIES_2_066,251,0.06876712328767123,0.2922866314761131,4,1247.47,4.250383286405629,C,1,0.001475654638023681,0.4063178830743254,0.5223380613137047,Low Risk
HOBBIES_2_110,349,0.09561643835616439,0.4040185449420412,5,2083.5299999999997,4.2254088511130385,C,1,0.002051806648088704,0.4039304372852556,0.5217946731800033,Low Risk
HOBBIES_1_314,262,0.07178082191780821,0.30217691250392814,5,1040.14,4.209716529157778,C,1,0.001540324761602408,0.40243032056454114,0.521191193597843,Low Risk
HOUSEHOLD_2_018,216,0.05917808219178082,0.24733024148853164,2,1715.0400000000002,4.179423062190465,C,1,0.0012698860630004586,0.39953439882296343,0.5202412854657892,Low Risk
HOUSEHOLD_2_161,257,0.07041095890410959,0.29283224160168886,5,2819.29,4.15890148578274,C,1,0.0015109292508848047,0.3975726266905527,0.5197250667824314,Low Risk
HOBBIES_2_099,407,0.11150684931506849,0.46103792025798046,10,394.79,4.134615255384837,C,1,0.002392794572412901,0.3952509702520162,0.5192931294473287,Low Risk
HOUSEHOLD_2_412,252,0.06904109589041096,0.2851017250944905,4,1496.88,4.129449589662263,C,1,0.0014815337401672018,0.39475715540765177,0.5188716067443457,Low Risk
HOBBIES_2_056,308,0.08438356164383562,0.34803991063578876,4,749.04,4.124498940976068,C,1,0.0018107634602043577,0.39428389524298535,0.5188283976109569,Low Risk
HOUSEHOLD_1_199,503,0.1378082191780822,0.5656860222190545,11,890.3100000000001,4.1048786900587455,C,1,0.0029571883781908826,0.39240828584944876,0.518609642268292,Low Risk
HOUSEHOLD_1_297,322,0.08821917808219178,0.36253478099555897,5,2552.2400000000002,4.109478107558355,C,1,0.0018930708902136465,0.39284796986283965,0.5184223122259161,Low Risk
HOBBIES_2_097,692,0.18958904109589042,0.7730746349609218,23,1360.27,4.077633551455729,C,1,0.004068338683316284,0.38980377084567225,0.5181616328586965,Low Risk
FOODS_3_790,446,0.12219178082191781,0.49924647680499357,7,999.6800000000001,4.085761525422033,C,1,0.002622079556010206,0.3905807692839624,0.5179608546519918,Low Risk
HOUSEHOLD_2_065,234,0.06410958904109589,0.26226993397875403,4,1279.98,4.090962645395095,C,1,0.00137570990158383,0.39107797339819594,0.5177361049899339,Low Risk
HOBBIES_2_034,311,0.0852054794520548,0.3466557512727773,6,777.5,4.068467820403978,C,1,0.0018284007666349196,0.3889275674101638,0.5172267904530397,Low Risk
HOUSEHOLD_2_230,232,0.06356164383561644,0.2571284065164557,3,575.02,4.045339154245962,C,1,0.0013639516972967889,0.3867165690040401,0.516424156210401,Low Risk
HOUSEHOLD_2_147,246,0.06739726027397261,0.2717241288234694,3,976.62,4.031679147177493,C,1,0.0014462591273060779,0.3854107326168624,0.5160570975232506,Low Risk
HOUSEHOLD_2_087,248,0.06794520547945206,0.27359826816595184,4,1969.1200000000001,4.026748704861791,C,1,0.001458017331593119,0.3849394040920341,0.5159192264270882,Low Risk
HOUSEHOLD_2_474,309,0.08465753424657534,0.3404093830564076,7,2385.37,4.0210169843232615,C,1,0.0018166425623478782,0.3843914769055525,0.5158624358403701,Low Risk
FOODS_3_220,318,0.08712328767123288,0.34972282589529624,4,947.64,4.014114196596953,C,1,0.001869554481639564,0.38373160086443503,0.5156803466038224,Low Risk
HOUSEHOLD_2_086,247,0.06767123287671233,0.27115113736218527,2,980.59,4.006889276809621,C,1,0.0014521382294495984,0.3830409304200165,0.5153479205948399,Low Risk
HOUSEHOLD_2_101,283,0.07753424657534247,0.3101718546175169,4,1270.67,4.0004497150315785,C,1,0.0016637859066163416,0.3824253367351013,0.5152267367925153,Low Risk
HOBBIES_2_016,243,0.06657534246575343,0.26426015886818377,2,1207.71,3.96933983485132,C,1,0.001428621820875516,0.3794513694936133,0.5142639973943467,Low Risk
HOBBIES_1_336,309,0.08465753424657534,0.3322613344746916,7,580.92,3.92476980851982,C,1,0.0018166425623478782,0.37519067168654646,0.5131021942746683,Low Risk
HOBBIES_2_118,404,0.11068493150684931,0.43335931751121093,6,1598.88,3.9152512596928712,C,1,0.002375157265982339,0.3742807404288937,0.5129967693084628,Low Risk
HOBBIES_2_049,355,0.09726027397260274,0.379840226446163,8,887.5,3.905399511347873,C,1,0.002087081260949828,0.3733389567678945,0.5126278114086533,Low Risk
HOUSEHOLD_1_092,428,0.11726027397260275,0.45571568868314716,6,757.5600000000001,3.88636042919039,C,1,0.0025162557174268347,0.37151890454280484,0.5122105480780695,Low Risk
FOODS_3_314,628,0.17205479452054795,0.6658793720983592,10,1440.14,3.8701587709538394,C,1,0.0036920761461309627,0.3699700975215595,0.5120986521003071,Low Risk
HOBBIES_1_062,420,0.11506849315068493,0.4422442184125152,6,407.4,3.8433128504897156,C,1,0.0024692229002786694,0.3674037460099082,0.5109618906730561,Low Risk
HOUSEHOLD_1_057,497,0.13616438356164384,0.5201677484581294,10,879.42,3.8201454363625196,C,1,0.0029219137653297587,0.3651890434689454,0.5104332871702826,Low Risk
HOBBIES_1_145,1168,0.32,1.2061139580044116,19,1498.29,3.769106118763786,C,1,0.00686679130363211,0.360309909969008,0.5101530103817921,Low Risk
HOUSEHOLD_2_379,395,0.10821917808219178,0.41228511336782897,14,1753.8000000000002,3.8097231994748753,C,1,0.0023222453466906533,0.3641927236211257,0.5099544906903449,Low Risk
HOUSEHOLD_2_392,269,0.0736986301369863,0.2805346012676506,3,1336.9299999999998,3.8065103889476757,C,1,0.0015814784766070525,0.3638855931144945,0.5096401214773305,Low Risk
HOUSEHOLD_2_372,560,0.15342465753424658,0.5787130503783536,6,4744.64,3.7719689890731978,C,1,0.003292297200371559,0.3605835877352831,0.5091627654806965,Low Risk
HOUSEHOLD_2_078,405,0.11095890410958904,0.41816182983616657,7,2367.7599999999998,3.7686189602518714,C,1,0.0023810363681258597,0.3602633397653476,0.508793312840042,Low Risk
HOUSEHOLD_1_174,528,0.14465753424657535,0.5439371160028262,7,2796.7799999999997,3.760171351155901,C,1,0.0031041659317788987,0.35945578561937386,0.5087679854653459,Low Risk
HOBBIES_1_302,267,0.07315068493150685,0.27575292037419913,2,768.9599999999999,3.769656027587366,C,1,0.0015697202723200113,0.36036247882551453,0.5085796597293504,Low Risk
HOBBIES_2_061,439,0.12027397260273973,0.45160404290962686,7,864.83,3.7547944342144373,C,1,0.0025809258410055616,0.3589417760908427,0.5084568105795545,Low Risk
HOUSEHOLD_2_134,278,0.07616438356164383,0.28616892895188456,2,1651.3200000000002,3.757253923289132,C,1,0.0016343903958987382,0.3591768923914057,0.5082433848361914,Low Risk
HOUSEHOLD_2_005,277,0.07589041095890411,0.284802006855468,3,1515.1899999999998,3.7528062275178997,C,1,0.0016285112937552179,0.3587517123056224,0.5081140670798133,Low Risk
HOBBIES_2_112,457,0.1252054794520548,0.46757893654948124,11,1128.7900000000002,3.734492600449905,C,1,0.002686749679588933,0.35700101038528503,0.5079063280194622,Low Risk
HOUSEHOLD_2_125,357,0.09780821917808219,0.3657292297393376,4,3170.1600000000003,3.739248427306953,C,1,0.002098839465236869,0.3574556464429329,0.5078663457724509,Low Risk
HOBBIES_1_052,285,0.07808219178082192,0.291820800108298,3,1675.8,3.737354106650132,C,1,0.0016755441109033828,0.3572745577487426,0.5076850305578938,Low Risk
HOBBIES_2_077,393,0.10767123287671233,0.3996042182407554,10,3911.21,3.711336886968848,C,1,0.0023104871424036123,0.3547874263744522,0.5071293740550568,Low Risk
HOUSEHOLD_2_189,284,0.07780821917808219,0.2885892704032756,3,4112.32,3.7089818203237885,C,1,0.001669665008759862,0.354562292397293,0.5068695872218159,Low Risk
HOUSEHOLD_2_149,316,0.08657534246575342,0.3204213243489141,4,1256.76,3.7010690945365083,C,1,0.0018577962773525226,0.35380587073491765,0.506699100103681,Low Risk
HOUSEHOLD_2_141,269,0.0736986301369863,0.2726075926302249,2,1339.6200000000001,3.6989506063208952,C,1,0.0015814784766070525,0.3536033526114724,0.5065554493264238,Low Risk
HOBBIES_2_031,486,0.13315068493150686,0.49032535636041275,8,3386.73,3.6824846722541285,C,1,0.002857243641751032,0.3520292819872422,0.506465957688698,Low Risk
HOUSEHOLD_2_138,325,0.08904109589041095,0.3277858837638559,5,1940.25,3.681287617655613,C,1,0.0019107081966442084,0.35191484885083574,0.506147667114244,Low Risk
HOUSEHOLD_2_309,298,0.08164383561643836,0.2978272175561036,3,738.22,3.6478837049656985,C,1,0.001751972438769151,0.34872158222615834,0.5051420663994782,Low Risk
HOBBIES_2_082,483,0.13232876712328767,0.48067197570355813,5,425.04,3.632407269809497,C,1,0.00283960633532047,0.34724210333061556,0.5050245128997808,Low Risk
HOUSEHOLD_2_502,341,0.09342465753424657,0.33972495112565054,4,3021.2599999999998,3.636352116154324,C,1,0.0020047738309405387,0.3476192132305651,0.5048871961184517,Low Risk
HOUSEHOLD_2_307,352,0.09643835616438357,0.35041129911908586,4,2104.96,3.633526255070066,C,1,0.002069443954519266,0.3473490733828742,0.5048255552012181,Low Risk
HOUSEHOLD_2_274,364,0.09972602739726028,0.36181832970035077,4,2265.52,3.6281233610062644,C,1,0.0021399931802415133,0.3468325805560978,0.5046917721209018,Low Risk
HOBBIES_2_027,442,0.1210958904109589,0.43813664602666225,7,870.74,3.6180967375504913,C,1,0.0025985631474361236,0.3458740796063215,0.5045417928261273,Low Risk
HOUSEHOLD_2_428,310,0.08493150684931507,0.307783041927224,4,2461.4,3.623897106562476,C,1,0.0018225216644913989,0.34642856928388477,0.5044753272845128,Low Risk
HOUSEHOLD_2_331,326,0.08931506849315068,0.32307922089443536,4,1294.22,3.617298025351807,C,1,0.0019165872987877291,0.3457977262452509,0.5043142940632116,Low Risk
HOBBIES_2_132,952,0.2608219178082192,0.9314247572644896,15,2739.88,3.571113827747255,C,1,0.00559690524063165,0.34138272078864024,0.5040938878087816,Low Risk
HOUSEHOLD_2_034,324,0.08876712328767124,0.3198208991356301,5,3814.5,3.602920622978549,C,1,0.001904829094500688,0.3444233100331662,0.5038984417383001,Low Risk
FOODS_1_039,806,0.22082191780821916,0.7887287547528707,24,1998.8799999999999,3.5717865444764,C,1,0.004738556327677636,0.34144702953890493,0.5038556757599748,Low Risk
HOBBIES_2_106,435,0.11917808219178082,0.42823016321857776,6,421.95,3.5931956224087562,C,1,0.0025574094324314787,0.3434936429000742,0.5038153156997518,Low Risk
HOUSEHOLD_2_456,298,0.08164383561643836,0.2931903386440965,3,2640.2799999999997,3.591089718291786,C,1,0.001751972438769151,0.34329232776091917,0.5035132900599065,Low Risk
HOUSEHOLD_2_393,385,0.10547945205479452,0.37763975830636115,7,2263.8,3.5802210852421252,C,1,0.002263454325255447,0.3422533344101844,0.503355036620632,Low Risk
FOODS_1_105,599,0.16410958904109588,0.5831042028814645,8,1180.1,3.5531391327501596,C,1,0.003521582183968864,0.33966441927840096,0.5029558004387109,Low Risk
HOUSEHOLD_2_006,341,0.09342465753424657,0.33238559550615115,4,1173.04,3.557793031077571,C,1,0.0020047738309405387,0.34010931141847806,0.5026342255748256,Low Risk
HOBBIES_2_014,532,0.14575342465753424,0.5162365599479123,13,516.04,3.54184857859,C,1,0.003127682340352981,0.33858509213165516,0.5025138323416024,Low Risk
HOUSEHOLD_2_439,730,0.2,0.7042913520537452,8,4262.7,3.5214567602687254,C,1,0.0042917445647700685,0.33663572429962063,0.5022782406593173,Low Risk
HOUSEHOLD_2_116,464,0.12712328767123288,0.44819750891079957,6,2615.96,3.5256916110440053,C,1,0.0027279033945935777,0.3370405573431842,0.5019305382213334,Low Risk
HOUSEHOLD_2_094,396,0.10849315068493151,0.3822008328863515,5,2352.2400000000002,3.5228107071595525,C,1,0.0023281244488341742,0.33676515564672654,0.5017279840286683,Low Risk
HOUSEHOLD_2_254,342,0.0936986301369863,0.33024031397579084,3,1518.0100000000002,3.5244945789813933,C,1,0.002010652933084059,0.33692612636111063,0.5016810337882585,Low Risk
HOBBIES_2_052,373,0.10219178082191781,0.35769827869117715,4,921.3100000000001,3.500264657433771,C,1,0.002192905099533199,0.3346098528001414,0.5010408273699024,Low Risk
HOUSEHOLD_1_124,585,0.16027397260273973,0.5587539787572287,6,2328.3,3.4862427734425374,C,1,0.0034392747539595753,0.3332694225762945,0.5010126091990763,Low Risk
HOUSEHOLD_2_111,601,0.16465753424657534,0.5729924196182098,8,3869.94,3.4799040459342194,C,1,0.0035333403882559056,0.33266346820253195,0.5008590425772363,Low Risk
HOBBIES_1_065,334,0.09150684931506849,0.3199054020256753,3,1629.92,3.4959722077656137,C,1,0.0019636201159358943,0.33419951355663197,0.5008489401017704,Low Risk
HOUSEHOLD_2_092,340,0.09315068493150686,0.32453722227024134,4,2018.46,3.4840025331952376,C,1,0.001998894728797018,0.33305526549597375,0.5005162480674312,Low Risk
HOBBIES_2_006,379,0.10383561643835616,0.3610398418940437,6,1504.63,3.4770327781352495,C,1,0.002228179712394323,0.3323889876733175,0.5003851502157135,Low Risk
HOUSEHOLD_2_027,331,0.09068493150684931,0.31539614681355543,3,1645.07,3.4779333409954,C,1,0.001945982809505332,0.33247507750810534,0.5003263180952833,Low Risk
HOBBIES_1_174,355,0.09726027397260274,0.3370241192932643,4,1732.3999999999999,3.4651775645645486,C,1,0.002087081260949828,0.3312556815790535,0.5000028288520011,Low Risk
HOUSEHOLD_2_249,394,0.10794520547945205,0.37365620708947295,5,3404.1600000000003,3.461535928620752,C,1,0.002316366244547133,0.33090755725522053,0.4999671770499303,Low Risk
HOBBIES_2_111,390,0.10684931506849316,0.3695481628269176,4,1548.3000000000002,3.458591780303203,C,1,0.0022928498359730503,0.33062610967008876,0.4998756878518186,Low Risk
HOBBIES_2_015,500,0.136986301369863,0.472744924439377,7,1235.0,3.451037948407452,C,1,0.0029395510717603207,0.3299039966797621,0.4998530643254568,Low Risk
HOUSEHOLD_2_270,485,0.13287671232876713,0.45833673900874505,5,2866.96,3.4493383451173596,C,1,0.0028513645396075113,0.32974152210644414,0.4997778659938155,Low Risk
FOODS_3_580,22637,6.201917808219178,12.941148769770088,349,4658.46,2.0866366130521192,C,1,0.13308523522287674,0.19947325081773937,0.49976754581218485,Low Risk
FOODS_3_296,1102,0.3019178082191781,1.0294760465818233,24,2191.24,3.4097890835060394,C,1,0.006478770562159747,0.3259607872474348,0.4997318673428784,Low Risk
HOBBIES_2_039,517,0.14164383561643837,0.4870957823412675,8,2569.49,3.4388773801656214,C,1,0.003039495808200172,0.32874150002662383,0.4995342987504472,Low Risk
HOBBIES_2_040,505,0.13835616438356163,0.475526027978299,6,444.4,3.43697030122929,C,1,0.0029689465824779236,0.3285591916972211,0.4994584414839097,Low Risk
HOBBIES_2_047,429,0.11753424657534246,0.4043399149793231,6,214.5,3.4401880878194158,C,1,0.0025221348195703553,0.32886679789350615,0.49941667981392296,Low Risk
HOBBIES_2_021,436,0.11945205479452055,0.4108420005136047,6,422.92,3.4393883070519657,C,1,0.0025632885345749997,0.3287903423819778,0.4994060892749659,Low Risk
HOUSEHOLD_2_144,353,0.09671232876712328,0.3330932236290998,3,1567.3200000000002,3.444165060187576,C,1,0.0020753230566627865,0.3292469788994979,0.4993966905868482,Low Risk
HOBBIES_2_102,478,0.13095890410958905,0.44953666467820186,5,2853.66,3.432654447856562,C,1,0.0028102108246028665,0.32814661516284716,0.499287047796235,Low Risk
FOODS_3_815,1266,0.34684931506849315,1.1723133768909728,21,3136.2999999999997,3.3798924373238948,C,1,0.007442943313697132,0.323102799821547,0.4991637229405732,Low Risk
HOUSEHOLD_2_276,383,0.10493150684931507,0.35996225285369127,4,2095.0099999999998,3.4304496681879195,C,1,0.0022516961209684055,0.3279358479573405,0.4990562632234927,Low Risk
HOUSEHOLD_2_063,455,0.12465753424657534,0.4260240903997502,8,2261.35,3.4175558900199743,C,1,0.002674991475301892,0.32670325967129443,0.4988134753439789,Low Risk
HOUSEHOLD_1_260,457,0.1252054794520548,0.4277895077560053,8,1357.2900000000002,3.4166995696048565,C,1,0.002686749679588933,0.32662139921898725,0.49879244466957284,Low Risk
HOUSEHOLD_2_396,393,0.10767123287671233,0.3681946971612481,3,3318.9,3.419619960912355,C,1,0.0023104871424036123,0.32690057573881,0.4987633188643641,Low Risk
HOBBIES_2_084,419,0.1147945205479452,0.3920633194376324,5,2498.73,3.415348725411356,C,1,0.0024633437981351485,0.326492264476052,0.49868668248225617,Low Risk
HOBBIES_1_066,1472,0.40328767123287673,1.3502088739426774,25,1840.0,3.348004340958405,C,1,0.008654038355262385,0.3200544385474152,0.4986125430708033,Low Risk
HOUSEHOLD_2_340,437,0.11972602739726028,0.4070762565652698,5,2176.26,3.4000648431652967,C,1,0.0025691676367185206,0.32503119278888476,0.498280108127681,Low Risk
HOBBIES_2_050,412,0.11287671232876713,0.383795783926927,6,811.64,3.400132551779814,C,1,0.0024221900831305045,0.3250376654336,0.49823795665501913,Low Risk
HOUSEHOLD_2_291,460,0.12602739726027398,0.4278683924598497,6,2286.2,3.395042679300981,C,1,0.0027043869860194952,0.324551096088823,0.4981766449224528,Low Risk
HOUSEHOLD_2_210,364,0.09972602739726028,0.33914265142845446,3,3225.04,3.4007436200930186,C,1,0.0021399931802415133,0.3250960808673867,0.4981708222142885,Low Risk
HOBBIES_2_013,346,0.09479452054794521,0.32236498291793014,4,2411.62,3.4006710625735406,C,1,0.002034169341658142,0.3250891446887579,0.49813699420912483,Low Risk
HOUSEHOLD_2_503,368,0.10082191780821918,0.3420384199068901,4,2553.92,3.392500632228665,C,1,0.002163509588815596,0.3243080876080579,0.49794147915906206,Low Risk
HOBBIES_2_086,459,0.12575342465753425,0.42570180575996336,7,445.23,3.3852104379604926,C,1,0.0026985078838759743,0.3236111772113606,0.497892905528571,Low Risk
HOBBIES_2_127,367,0.10054794520547945,0.340915418519252,4,1456.99,3.39057568827049,C,1,0.0021576304866720753,0.32412407146141436,0.49788451058442595,Low Risk
HOUSEHOLD_2_218,358,0.09808219178082192,0.332280202550466,3,3974.26,3.3877730148301697,C,1,0.00210471856738039,0.32385614825014497,0.4977882600452576,Low Risk
HOBBIES_2_080,341,0.09342465753424657,0.3163326921086245,3,1350.05,3.385965765972081,C,1,0.0020047738309405387,0.3236833832356213,0.4977064471199686,Low Risk
HOUSEHOLD_2_384,716,0.19616438356164384,0.6591777394877586,6,4187.2,3.3603334485060317,C,1,0.00420943713476078,0.32123304681433784,0.4976327451847296,Low Risk
HOUSEHOLD_2_397,394,0.10794520547945205,0.3647489776179798,3,2750.1200000000003,3.379019716511742,C,1,0.002316366244547133,0.3230193715636666,0.49760072134246414,Low Risk
HOUSEHOLD_2_504,370,0.10136986301369863,0.342677042829484,5,728.9,3.3804627198043695,C,1,0.002175267793102637,0.3231573163097334,0.49759977523085086,Low Risk
HOBBIES_2_048,791,0.2167123287671233,0.7256753401864185,14,2276.32,3.348565096941122,C,1,0.004650369795524827,0.3201080443444612,0.4974275242419959,Low Risk
HOUSEHOLD_2_085,352,0.09643835616438357,0.32526469547724907,3,2792.33,3.372773120715793,C,1,0.002069443954519266,0.3224222245749823,0.4973475005588505,Low Risk
HOBBIES_1_162,549,0.15041095890410958,0.5022351748788849,9,2185.02,3.3390863175007834,C,1,0.003227627076792832,0.31920191486464583,0.4967288625824316,Low Risk
HOUSEHOLD_2_282,618,0.16931506849315067,0.564638835878763,8,3620.64,3.3348410209668042,C,1,0.0036332851246957563,0.3187960832526531,0.49672881051320467,Low Risk
HOUSEHOLD_2_387,405,0.11095890410958904,0.37092968453270186,4,2415.8199999999997,3.342946539615708,C,1,0.0023810363681258597,0.31957093506170653,0.49658559142894976,Low Risk
HOBBIES_1_214,402,0.11013698630136987,0.3678371571214366,4,3969.86,3.3398149838140387,C,1,0.0023633990616952977,0.3192715721482175,0.49649049136297385,Low Risk
HOUSEHOLD_2_495,654,0.17917808219178083,0.5952257147325872,6,3832.7999999999997,3.3219783773301885,C,1,0.0038449328018624997,0.31756647129038956,0.49642342122767563,Low Risk
FOODS_3_454,19005,5.206849315068493,11.414399909131937,244,3932.03,2.192189406384192,C,1,0.1117323362376098,0.20956363200205325,0.49638879047189893,Low Risk
FOODS_1_084,910,0.2493150684931507,0.8209245046819422,10,4673.26,3.2927191671308673,C,1,0.005349982950603784,0.31476941993113,0.49603582086452014,Low Risk
HOBBIES_2_060,845,0.23150684931506849,0.7628279431851052,14,819.55,3.2950556125747146,C,1,0.004967841311274942,0.31499277380363816,0.4959881845344739,Low Risk
HOBBIES_1_136,361,0.0989041095890411,0.32662755883717287,3,1761.68,3.3024670076334655,C,1,0.0021223558738109514,0.31570127046099394,0.49534708790044146,Low Risk
HOUSEHOLD_2_243,417,0.11424657534246575,0.3765382911514561,7,1128.47,3.2958387594791723,C,1,0.0024515855938481075,0.3150676391912782,0.4952557674355379,Low Risk
HOBBIES_2_135,516,0.14136986301369864,0.4638340198770701,8,258.0,3.2809964584327633,C,1,0.003033616706056651,0.31364878071787483,0.4950047192271795,Low Risk
HOUSEHOLD_2_419,408,0.11178082191780822,0.3673408196627485,3,2231.2599999999998,3.2862597837476275,C,1,0.0023986736745564216,0.31415193138824077,0.49496518151883917,Low Risk
HOBBIES_1_303,505,0.13835616438356163,0.45370196676544794,6,4337.79,3.2792320370175942,C,1,0.0029689465824779236,0.31348010981787494,0.49493471692010593,Low Risk
HOUSEHOLD_2_026,387,0.10602739726027398,0.3480231914024984,4,1536.39,3.2823892729176203,C,1,0.0022752125295424884,0.3137819276354275,0.494817142049491,Low Risk
HOBBIES_2_074,461,0.12630136986301368,0.4137851625265088,6,1830.17,3.276173195708801,C,1,0.0027102660881630153,0.31318769808897884,0.49476938925314257,Low Risk
HOUSEHOLD_2_220,503,0.1378082191780822,0.45023134814767335,8,3519.2599999999998,3.2670863235367946,C,1,0.0029571883781908826,0.3123190332143296,0.4945828664777562,Low Risk
HOBBIES_2_108,453,0.1241095890410959,0.4057609114770034,4,1345.41,3.269375997552014,C,1,0.002663233271014851,0.31253791594468705,0.4945603447647106,Low Risk
HOUSEHOLD_2_441,378,0.10356164383561643,0.33799081466847125,3,1863.3500000000001,3.2636679194177782,C,1,0.002222300610250802,0.31199224886770993,0.49426436484338826,Low Risk
HOBBIES_1_223,2128,0.583013698630137,1.8383082027556594,24,2383.36,3.15311322371154,C,1,0.012510729361411925,0.3014237078923683,0.494180331176134,Low Risk
FOODS_3_549,673,0.18438356164383563,0.5970857019206866,9,1523.24,3.238280552764496,C,1,0.003956635742589392,0.30956532866303427,0.49405658932168717,Low Risk
HOUSEHOLD_2_358,417,0.11424657534246575,0.371408692848054,6,2072.49,3.2509393978306886,C,1,0.0024515855938481075,0.3107754583814322,0.4939681131925841,Low Risk
HOUSEHOLD_2_515,476,0.1304109589041096,0.42332784342688373,6,937.72,3.2461063624120285,C,1,0.002798452620315825,0.31031344152605495,0.49393356824391127,Low Risk
HOUSEHOLD_2_398,460,0.12602739726027398,0.40887234630987845,4,3656.24,3.2443131826762093,C,1,0.0027043869860194952,0.310142021457526,0.4938539225330637,Low Risk
HOUSEHOLD_2_271,423,0.11589041095890411,0.3760354686120141,4,2021.94,3.2447504974795542,C,1,0.0024868602067092314,0.31018382682263285,0.4938012061088026,Low Risk
HOUSEHOLD_2_487,373,0.10219178082191781,0.3314527287789686,4,3676.6800000000003,3.2434382306789153,C,1,0.002192905099533199,0.31005837990819346,0.49367538550231804,Low Risk
HOBBIES_1_315,446,0.12219178082191781,0.39575109261983127,8,2197.62,3.2387701526062425,C,1,0.002622079556010206,0.3096121322470518,0.49367026354091864,Low Risk
HOUSEHOLD_2_433,456,0.12493150684931507,0.4044935436108798,7,2856.52,3.2377224433765597,C,1,0.002680870577445413,0.30951197586876855,0.4936578539338642,Low Risk
HOUSEHOLD_2_060,374,0.10246575342465754,0.33178136351517257,3,2981.79,3.2379732000812296,C,1,0.00219878420167672,0.30953594710301796,0.4935204193914084,Low Risk
HOBBIES_2_001,376,0.10301369863013699,0.33243698080774475,2,2055.72,3.227114308373054,C,1,0.002210542405963761,0.30849788498153563,0.49321252821624983,Low Risk
HOBBIES_1_140,1901,0.5208219178082192,1.6308311306061967,20,2129.1200000000003,3.131264401216527,C,1,0.01117617317483274,0.29933505689182577,0.49315336901999757,Low Risk
HOBBIES_2_073,451,0.12356164383561644,0.397744290110106,4,225.5,3.2189948090950926,C,1,0.0026514750667278094,0.3077216966860479,0.4931119515258327,Low Risk
HOBBIES_1_070,404,0.11068493150684931,0.35631687043954824,3,2375.52,3.2191994482780966,C,1,0.002375157265982339,0.3077412592887661,0.49303492496642454,Low Risk
HOBBIES_1_402,396,0.10849315068493151,0.34922955264536115,5,3936.24,3.218908755443354,C,1,0.0023281244488341742,0.30771347033674024,0.4930124784356723,Low Risk
HOBBIES_1_272,376,0.10301369863013699,0.33078415238850306,3,3173.4399999999996,3.2110695644096707,C,1,0.002210542405963761,0.30696407827226246,0.4927523862034679,Low Risk
FOODS_2_395,636,0.17424657534246576,0.556281348698561,6,2481.2400000000002,3.192495161556207,C,1,0.003739108963279128,0.3051884473377706,0.49267826689031496,Low Risk
HOBBIES_1_267,425,0.11643835616438356,0.3729382708420104,4,1224.0,3.20288162017256,C,1,0.0024986184109962724,0.3061813469407625,0.49260398960552765,Low Risk
HOBBIES_2_026,1449,0.396986301369863,1.2414428227193586,20,333.27000000000004,3.12716791092178,C,1,0.008518819005961409,0.29894345049954585,0.4922386808516522,Low Risk
HOUSEHOLD_1_037,458,0.12547945205479452,0.3995511358460973,4,1937.3400000000001,3.1841957332712996,C,1,0.002692628781732454,0.30439505862333716,0.4921263062215209,Low Risk
HOBBIES_2_023,598,0.16383561643835617,0.5192977269137813,12,580.06,3.169626594038966,C,1,0.0035157030818253436,0.30300231321375715,0.4919554048886748,Low Risk
HOUSEHOLD_2_132,463,0.12684931506849315,0.4028770086659408,5,912.11,3.1760282540619524,C,1,0.0027220242924500568,0.3036142836581688,0.4919008923851857,Low Risk
HOBBIES_1_121,1705,0.4671232876712329,1.4470232714725835,12,1909.6000000000001,3.0977331031524513,C,1,0.010023869154702695,0.29612961278759514,0.4918460445826894,Low Risk
HOBBIES_2_025,468,0.12821917808219177,0.40684517860981606,6,234.0,3.173044662234677,C,1,0.00275141980316766,0.3033290654475914,0.49182414557522774,Low Risk
HOUSEHOLD_2_097,491,0.1345205479452055,0.4262393986096039,5,2690.6800000000003,3.1685820874237356,C,1,0.0028866391524686352,0.30290246299128076,0.49173673064312484,Low Risk
HOBBIES_2_124,2505,0.6863013698630137,2.0883352623207627,48,576.1500000000001,3.042883715557199,C,1,0.014727150869519206,0.2908862534117698,0.4916840212843867,Low Risk
HOUSEHOLD_1_104,464,0.12712328767123288,0.4024502898789659,5,1378.0800000000002,3.165826633746176,C,1,0.0027279033945935777,0.3026390537809264,0.49161008715265603,Low Risk
FOODS_3_713,765,0.2095890410958904,0.6577456336588835,12,2661.24,3.1382634808561107,C,1,0.0044975131397932905,0.3000041380148671,0.49135049534639813,Low Risk
HOUSEHOLD_2_100,487,0.13342465753424657,0.4207622673934176,4,4207.68,3.1535570348787973,C,1,0.0028631227438945524,0.3014661342811934,0.4912987771075264,Low Risk
HOBBIES_2_138,461,0.12630136986301368,0.39826117969170055,4,447.07,3.153260967190254,C,1,0.0027102660881630153,0.30143783151686615,0.4912444292815088,Low Risk
HOBBIES_2_129,3134,0.8586301369863014,2.55329883240585,61,720.82,2.9736888124701184,C,1,0.01842510611779369,0.2842715260689914,0.49080898965603553,Low Risk
HOUSEHOLD_2_420,592,0.16219178082191782,0.5075431193697477,8,3338.2099999999996,3.129277678546586,C,1,0.00348042846896422,0.2991451349729984,0.4907876690325888,Low Risk
HOBBIES_2_059,3229,0.8846575342465753,2.623462282873973,43,742.6700000000001,2.9655117164725926,C,1,0.01898362082142815,0.283489831781317,0.49074203578082354,Low Risk
HOUSEHOLD_2_235,572,0.1567123287671233,0.49006589227744934,7,4272.84,3.1271687182040036,C,1,0.003362846426093807,0.2989435276721635,0.49069191222947717,Low Risk
HOBBIES_2_010,474,0.12986301369863013,0.40632331756368284,4,459.78,3.1288609896781487,C,1,0.0027866944160287836,0.2991053013562359,0.49056759873167943,Low Risk
HOUSEHOLD_2_056,538,0.1473972602739726,0.46017031709781225,6,3211.8599999999997,3.121973340905232,C,1,0.003162956953214105,0.29844687253224683,0.4904829488456383,Low Risk
HOBBIES_1_220,1097,0.30054794520547945,0.9257586201467374,17,3137.55,3.080236065210202,C,1,0.006449375051442143,0.2944569731836553,0.49027190447052926,Low Risk
HOUSEHOLD_1_052,532,0.14575342465753424,0.45349928325511724,5,2250.36,3.111414255415748,C,1,0.003127682340352981,0.29743747056207387,0.49016954587072803,Low Risk
FOODS_2_270,1224,0.33534246575342463,1.0287109992924022,14,4147.72,3.067643094295154,C,1,0.007196021023669265,0.2932531407433706,0.490134748530112,Low Risk
HOUSEHOLD_1_108,467,0.12794520547945207,0.39842440751884234,6,2278.96,3.114023741849624,C,1,0.0027455407010241397,0.2976869259481599,0.4901297399947552,Low Risk
HOUSEHOLD_2_429,391,0.10712328767123287,0.3340192609437852,3,2322.54,3.1180826149483787,C,1,0.002298728938116571,0.29807493630252674,0.49011209957219304,Low Risk
HOUSEHOLD_2_187,761,0.20849315068493152,0.6446305644540354,14,2534.13,3.091854875502272,C,1,0.0044739967312192085,0.29556768016785023,0.4900125030697209,Low Risk
HOBBIES_1_396,475,0.13013698630136986,0.40454560629990205,6,893.0,3.1086136063045107,C,1,0.0027925735181723046,0.29716974086773046,0.48998869431577086,Low Risk
HOBBIES_2_128,689,0.18876712328767123,0.5840999691197359,8,3422.3599999999997,3.0942886607939566,C,1,0.004050701376885722,0.29580033930020133,0.48995531220312616,Low Risk
HOBBIES_2_083,732,0.20054794520547944,0.619673555116581,8,2108.16,3.0899022898572683,C,1,0.0043035027690571095,0.2953810215979427,0.4899053573101,Low Risk
HOUSEHOLD_2_174,446,0.12219178082191781,0.37949009714632237,4,1770.6200000000001,3.105692499067436,C,1,0.002622079556010206,0.2968904959082,0.4898537726392631,Low Risk
HOBBIES_2_078,613,0.16794520547945205,0.5198313250264813,7,3659.6099999999997,3.0952436155736653,C,1,0.003603889613978153,0.2958916287624397,0.4898486555129254,Low Risk
HOUSEHOLD_2_381,420,0.11506849315068493,0.357233989163438,4,2494.8,3.1045334772536877,C,1,0.0024692229002786694,0.29677969853815916,0.4897746764315314,Low Risk
HOBBIES_1_230,406,0.11123287671232877,0.34520536623381487,4,1815.65,3.10344725801336,C,1,0.0023869154702693806,0.29667586077282254,0.4897188328729276,Low Risk
HOBBIES_1_422,484,0.1326027397260274,0.4108091041169575,4,1752.0800000000002,3.0980438636919314,C,1,0.0028454854374639904,0.2961593201236249,0.4897014416683267,Low Risk
HOBBIES_1_181,408,0.11178082191780822,0.345821641124242,3,801.7,3.0937475247634394,C,1,0.0023986736745564216,0.29574860908399275,0.4894441848275648,Low Risk
HOUSEHOLD_2_253,388,0.1063013698630137,0.3289098849002239,2,2316.36,3.0941264945510754,C,1,0.002281091631686009,0.2957848369231041,0.48941977856643704,Low Risk
HOBBIES_1_039,409,0.11205479452054795,0.34612904171972236,3,2404.92,3.0889266559339523,C,1,0.0024045527766999425,0.2952877553008431,0.48930769242326294,Low Risk
HOBBIES_2_012,555,0.15205479452054796,0.46664860205186104,7,1093.35,3.0689502657464733,C,1,0.0032629016896539562,0.29337810056490343,0.48899230067636723,Low Risk
HOUSEHOLD_2_104,457,0.1252054794520548,0.3846111794476345,4,2271.29,3.0718398358509105,C,1,0.002686749679588933,0.2936543307137432,0.4889023241179996,Low Risk
HOUSEHOLD_2_458,456,0.12493150684931507,0.3836302461551518,4,1809.42,3.07072455804014,C,1,0.002680870577445413,0.2935477150773225,0.4888685756964304,Low Risk
FOODS_1_138,1783,0.4884931506849315,1.4596065489372152,37,4759.660000000001,2.9879775118456733,C,1,0.010482439121897303,0.2856374626659873,0.4888359705363654,Low Risk
HOBBIES_1_110,547,0.14986301369863014,0.45907461446497216,5,2007.49,3.0632949594097774,C,1,0.003215868872505791,0.2928374782388623,0.4888160041334104,Low Risk
HOUSEHOLD_2_478,440,0.12054794520547946,0.3697817359343692,4,2172.25,3.0675075821828353,C,1,0.002586804943149082,0.29324018638351695,0.48874809739799985,Low Risk
FOODS_3_816,16300,4.465753424657534,9.342721225389123,146,3338.4300000000003,2.092081746789589,C,1,0.09582936493938646,0.19999378157089326,0.48874694395308393,Low Risk
FOODS_3_256,466,0.12767123287671234,0.3898215841796262,5,1199.84,3.0533235670721792,C,1,0.002739661598880619,0.2918842571402205,0.48838717562173034,Low Risk
HOBBIES_1_011,459,0.12575342465753425,0.38371879622251576,3,1597.32,3.0513586191986546,C,1,0.0026985078838759743,0.29169641679582714,0.48831847740391093,Low Risk
HOBBIES_2_122,1067,0.29232876712328765,0.8808248092608048,13,938.96,3.0131307908171863,C,1,0.006273001987136524,0.2880420051214339,0.48829450213257114,Low Risk
HOUSEHOLD_2_020,519,0.1421917808219178,0.432700882418528,4,4395.93,3.0430794235599756,C,1,0.003051254012487213,0.2909049622330762,0.488186864873669,Low Risk
FOODS_3_421,1184,0.32438356164383564,0.9737483077208284,13,2936.32,3.0018423337677564,C,1,0.00696085693792844,0.28696287844921825,0.48817712061614404,Low Risk
HOUSEHOLD_2_157,425,0.11643835616438356,0.35486429097948086,3,2324.75,3.047658028412012,C,1,0.0024986184109962724,0.2913426566492159,0.4881523825180637,Low Risk
HOUSEHOLD_2_363,580,0.1589041095890411,0.4820242601254712,7,3550.8,3.033428533548224,C,1,0.0034098792432419723,0.28998237974224533,0.48801767769564625,Low Risk
HOUSEHOLD_2_192,408,0.11178082191780822,0.3402292460822631,3,803.76,3.0437175200986775,C,1,0.0023986736745564216,0.2909659614459311,0.4880093905361463,Low Risk
HOUSEHOLD_2_304,424,0.11616438356164384,0.353018655077982,3,2517.96,3.0389577618741375,C,1,0.002492739308852752,0.29051094956690215,0.48790110666272646,Low Risk
HOBBIES_2_096,552,0.15123287671232877,0.45832617294266886,5,1529.04,3.0305987884796037,C,1,0.003245264383223394,0.2897118686027913,0.4878871398958044,Low Risk
HOUSEHOLD_1_258,475,0.13013698630136986,0.39494786037683144,4,1410.75,3.034862506053547,C,1,0.0027925735181723046,0.2901194611849032,0.4878736104109227,Low Risk
HOBBIES_1_227,758,0.20767123287671233,0.6256999819263979,8,1493.26,3.0129352691706495,C,1,0.004456359424788646,0.28802331411496157,0.4877439020619251,Low Risk
FOODS_3_472,748,0.20493150684931508,0.6173501380058021,11,1473.56,3.0124705932101303,C,1,0.00439756840335344,0.2879788931439876,0.4877129384642024,Low Risk
FOODS_1_095,1164,0.3189041095890411,0.9516677917004606,11,4383.01,2.984181649232544,C,1,0.006843274895058027,0.285274594953247,0.48763536095449156,Low Risk
HOBBIES_1_331,946,0.25917808219178085,0.7755544227937037,22,889.2399999999999,2.9923611450285605,C,1,0.005561630627770527,0.28605651865106557,0.48748544478365086,Low Risk
HOBBIES_2_125,550,0.1506849315068493,0.4543035251640646,6,530.21,3.0149233942706104,C,1,0.0032335061789363524,0.28821337009990927,0.48743406288365376,Low Risk
HOBBIES_2_004,554,0.15178082191780823,0.45694705345613706,5,1368.38,3.0105717420846574,C,1,0.0032570225875104357,0.28779737135698946,0.48731631818335,Low Risk
FOODS_1_189,1194,0.3271232876712329,0.9705748628554296,17,2674.5600000000004,2.9670002088964136,C,1,0.007019647959363646,0.28363212508755914,0.4871955319140769,Low Risk
HOUSEHOLD_2_130,461,0.12630136986301368,0.37994932249706337,4,3674.17,3.0082755468856432,C,1,0.0027102660881630153,0.2875778652302425,0.48708643939552165,Low Risk
HOUSEHOLD_2_169,500,0.136986301369863,0.4113712703779551,5,2920.0,3.0030102737590725,C,1,0.0029395510717603207,0.2870745283576741,0.48700422382883035,Low Risk
HOUSEHOLD_2_422,433,0.11863013698630137,0.35645138702010837,3,2148.04,3.0047287820401745,C,1,0.0025456512281444377,0.2872388101646952,0.4869353384178519,Low Risk
HOBBIES_1_082,500,0.136986301369863,0.4107045491880732,4,1905.5,2.9981432090729343,C,1,0.0029395510717603207,0.2866092584545144,0.48686464285788245,Low Risk
FOODS_3_350,871,0.23863013698630137,0.7095544846199388,7,2794.78,2.9734487587402714,C,1,0.005120697967006479,0.2842485779918974,0.4868107827876712,Low Risk
FOODS_3_758,925,0.2534246575342466,0.7525570171535793,12,2250.28,2.9695493109303395,C,1,0.005438169482756594,0.28387580799151696,0.48679419324228207,Low Risk
HOBBIES_2_062,479,0.13123287671232878,0.3931934771282873,6,2816.52,2.9961507129817297,C,1,0.0028160899267463874,0.28641878462209525,0.4867704623646525,Low Risk
HOBBIES_2_051,650,0.1780821917808219,0.5313536376346614,10,1280.5,2.9837550421023296,C,1,0.003821416393288417,0.285233813194433,0.4867165688763164,Low Risk
HOBBIES_2_002,690,0.18904109589041096,0.5632291611096305,6,1014.3,2.979400634855292,C,1,0.004056580479029242,0.2848175510798329,0.48666223946765863,Low Risk
FOODS_1_176,947,0.25945205479452055,0.7681839481990271,13,3256.84,2.9607934645474647,C,1,0.005567509729914048,0.28303878772132335,0.48658188923537127,Low Risk
HOBBIES_2_072,555,0.15205479452054796,0.45354472732894413,6,4423.349999999999,2.982771630181344,C,1,0.0032629016896539562,0.2851398033550844,0.4865208115134215,Low Risk
FOODS_1_197,644,0.17643835616438355,0.5251612910783359,8,3397.08,2.9764576280060964,C,1,0.003786141780427293,0.2845362126140379,0.4864967063183396,Low Risk
HOBBIES_1_304,490,0.13424657534246576,0.40081418169016325,4,1944.26,2.985656659528767,C,1,0.0028807600503251143,0.2854155994275942,0.48648890784337584,Low Risk
HOBBIES_1_284,442,0.1210958904109589,0.36135445107117364,4,2155.7,2.9840356253615017,C,1,0.0025985631474361236,0.285260635715653,0.48635775965892675,Low Risk
HOBBIES_1_299,943,0.2583561643835616,0.7628267620807777,14,1197.61,2.952616841563986,C,1,0.005543993321339965,0.28225713865170415,0.48634033959191325,Low Risk
FOODS_3_745,625,0.17123287671232876,0.50591986125933,6,1361.7800000000002,2.9545719897544873,C,1,0.0036744388397004007,0.2824440421896514,0.48583554430880554,Low Risk
HOUSEHOLD_2_290,455,0.12465753424657534,0.36953038491606466,3,2839.2000000000003,2.9643646262497496,C,1,0.002674991475301892,0.2833801750187065,0.48581654994820256,Low Risk
HOBBIES_1_205,448,0.12273972602739726,0.36382480023648944,3,2634.24,2.9641975912124696,C,1,0.0026338377602972475,0.28336420720635325,0.48579941348999517,Low Risk
HOUSEHOLD_2_462,456,0.12493150684931507,0.36980853662641977,4,3634.3199999999997,2.9600902602772634,C,1,0.002680870577445413,0.2829715644966907,0.48569573052224085,Low Risk
HOUSEHOLD_2_227,504,0.13808219178082193,0.4076571080149569,4,2004.42,2.952278659235303,C,1,0.0029630674803344035,0.2822248099136529,0.4855563632181962,Low Risk
HOUSEHOLD_2_279,501,0.13726027397260274,0.4049003080411639,5,2223.5,2.9498725036931104,C,1,0.002945430173903841,0.2819947920634091,0.4854820666711939,Low Risk
HOBBIES_2_146,679,0.18602739726027398,0.546717802445809,5,1337.6299999999999,2.938910130967898,C,1,0.003991910355450516,0.2809468376134125,0.4854816243906589,Low Risk
FOODS_3_554,608,0.16657534246575342,0.4896075888513059,4,2227.38,2.9392560843869515,C,1,0.00357449410326055,0.2809799092334054,0.4853663210009998,Low Risk
HOUSEHOLD_2_317,452,0.12383561643835617,0.3649580556692506,3,2006.88,2.9471170424618687,C,1,0.00265735416887133,0.2817313821309561,0.4853166208899482,Low Risk
HOUSEHOLD_2_464,465,0.1273972602739726,0.3752263495092249,3,1339.2,2.945325109050905,C,1,0.002733782496737098,0.28156008120558274,0.485288159110696,Low Risk
HOBBIES_2_064,681,0.1865753424657534,0.5470322011031885,13,660.5699999999999,2.931964073460555,C,1,0.004003668559737557,0.28028282517219977,0.48528594811958126,Low Risk
HOUSEHOLD_2_481,518,0.14191780821917807,0.41698870091428103,4,4125.49,2.9382408462106677,C,1,0.003045374910343692,0.28088285694451576,0.4851784695564579,Low Risk
HOBBIES_1_217,533,0.14602739726027397,0.4288727911570844,5,1849.51,2.936933748073842,C,1,0.0031335614424965017,0.280757904131525,0.4851674396722065,Low Risk
HOUSEHOLD_2_415,493,0.13506849315068492,0.3967569384447951,4,1221.8,2.937449949946252,C,1,0.002898397356755676,0.2808072507522656,0.4851116944327064,Low Risk
HOBBIES_2_017,593,0.16246575342465752,0.4759660261495093,5,296.5,2.929639115422781,C,1,0.00348630757110774,0.2800605694450124,0.4850640631048361,Low Risk
HOBBIES_2_065,510,0.13972602739726028,0.4097803106478246,4,255.0,2.932741438950117,C,1,0.0029983420931955274,0.2803571378820921,0.4850066439925863,Low Risk
HOBBIES_1_175,548,0.15013698630136987,0.4397752644591998,5,1079.56,2.929160064372407,C,1,0.003221747974649312,0.2800147742788929,0.4849709566760627,Low Risk
FOODS_2_165,645,0.17671232876712328,0.5147909690661499,5,2518.01,2.913158197041003,C,1,0.0037920208825708134,0.2784850663864006,0.4846831261806914,Low Risk
HOBBIES_1_245,476,0.1304109589041096,0.38108339004425207,4,2361.72,2.9221730539107567,C,1,0.002798452620315825,0.2793468469159946,0.4846435898608932,Low Risk
HOBBIES_2_144,698,0.19123287671232878,0.5561188205049455,9,349.0,2.9080711960502166,C,1,0.004103613296177408,0.2779987715432074,0.48463071545181546,Low Risk
HOUSEHOLD_2_198,529,0.14493150684931508,0.42216320113899014,3,4216.13,2.912846283851255,C,1,0.0031100450339224196,0.2784552488620924,0.4844695881688045,Low Risk
HOBBIES_1_053,1148,0.31452054794520545,0.9041378056151547,8,4557.56,2.8746541729053265,C,1,0.006749209260761696,0.2748042516168975,0.48446603826329776,Low Risk
HOUSEHOLD_2_370,527,0.14438356164383562,0.4203998745709176,6,3304.29,2.911687935832731,C,1,0.003098286829635378,0.2783445159039012,0.484432840820061,Low Risk
HOBBIES_2_090,659,0.18054794520547945,0.5240238165323383,5,1058.43,2.902408088532678,C,1,0.0038743283125801027,0.2774574034587083,0.48439951953138655,Low Risk
HOUSEHOLD_2_004,522,0.143013698630137,0.4146359262122087,4,2959.74,2.8992741966945625,C,1,0.003068891318917775,0.27715781723044514,0.48406801256480886,Low Risk
HOUSEHOLD_2_010,584,0.16,0.4630969183912944,10,4070.48,2.89435573994559,C,1,0.003433395651816055,0.27668763447289785,0.4840363090374142,Low Risk
FOODS_2_068,496,0.1358904109589041,0.3940494479546626,4,3904.96,2.8997590424083035,C,1,0.002916034663186238,0.2772041663408077,0.48403606030119817,Low Risk
HOUSEHOLD_2_014,506,0.13863013698630136,0.4013723890004654,4,3020.8199999999997,2.8952751380468356,C,1,0.0029748256846214446,0.27677552487360485,0.4839251051674679,Low Risk
HOUSEHOLD_2_057,792,0.21698630136986302,0.6242884355689805,9,3936.24,2.8770868558418923,C,1,0.0046562488976683485,0.27503680536896447,0.48390791627998986,Low Risk
FOODS_3_779,1087,0.2978082191780822,0.8504641367780198,12,2682.24,2.8557443415269295,C,1,0.006390584030006937,0.2729965551958389,0.4838161417677538,Low Risk
HOBBIES_2_130,516,0.14136986301369864,0.40854572027992003,4,3594.04,2.889906742290132,C,1,0.003033616706056651,0.2762623299327284,0.48378878399163555,Low Risk
HOBBIES_2_037,621,0.17013698630136986,0.490341051523551,7,602.37,2.882036776265638,C,1,0.0036509224311263183,0.27550999591495484,0.4837482755038244,Low Risk
HOUSEHOLD_2_479,530,0.14520547945205478,0.41913700369690776,3,3148.2000000000003,2.8865095537617234,C,1,0.0031159241360659397,0.27593757370293565,0.48371604935170054,Low Risk
HOBBIES_1_165,523,0.14328767123287672,0.41354848328284644,3,2596.33,2.886141422528469,C,1,0.0030747704210612957,0.2759023819817871,0.48369314572085453,Low Risk
FOODS_3_171,533,0.14602739726027397,0.4211350455278437,4,1321.04,2.8839454337272596,C,1,0.0031335614424965017,0.2756924551444085,0.4836478049760715,Low Risk
HOBBIES_1_054,460,0.12602739726027398,0.3634535623527736,4,1366.2,2.8839250056252683,C,1,0.0027043869860194952,0.2756905023080177,0.4835184667882112,Low Risk
FOODS_2_071,830,0.2273972602739726,0.6482178858276579,11,3718.4000000000005,2.8505967268324715,C,1,0.004879654779122133,0.27250446595009387,0.48321523621876483,Low Risk
HOUSEHOLD_1_323,988,0.2706849315068493,0.768409447923292,14,4761.24,2.838759600121474,C,1,0.0058085529177983935,0.27137288887979105,0.4831544325392768,Low Risk
HOUSEHOLD_2_327,859,0.23534246575342466,0.6697555052476121,16,2559.82,2.845876128234906,C,1,0.005050148741284231,0.2720531975585723,0.483131003889957,Low Risk
HOUSEHOLD_2_332,540,0.14794520547945206,0.4233877869674787,4,3651.64,2.8617878193172173,C,1,0.0031747151575011465,0.27357428499964515,0.48302470004714393,Low Risk
HOBBIES_2_134,499,0.13671232876712328,0.3906205573520626,3,2480.0299999999997,2.8572445577856285,C,1,0.0029336719696167997,0.2731399692489521,0.48282209236557067,Low Risk
HOUSEHOLD_2_168,510,0.13972602739726028,0.39893655773458775,4,3539.4,2.855134187708324,C,1,0.0029983420931955274,0.27293822718369976,0.48278097078306864,Low Risk
HOUSEHOLD_2_079,669,0.1832876712328767,0.5214974507184466,6,2990.43,2.845240201976577,C,1,0.003933119334015309,0.2719924058149425,0.4827776575446874,Low Risk
HOUSEHOLD_2_126,662,0.18136986301369862,0.5160969184530732,5,4611.11,2.8455494748545576,C,1,0.003891965619010664,0.27202197093709873,0.48277418096683283,Low Risk
HOUSEHOLD_2_013,540,0.14794520547945206,0.4220912548442938,5,3207.6000000000004,2.8530242225586524,C,1,0.0031747151575011465,0.2727365238277419,0.48277337169557294,Low Risk
FOODS_1_203,2121,0.5810958904109589,1.6009465219311372,27,4751.040000000001,2.7550470556570725,C,1,0.01246957564640728,0.2633703390950856,0.4827519744224479,Low Risk
HOBBIES_1_325,529,0.14493150684931508,0.41297510001887816,5,3406.2900000000004,2.8494501230036016,C,1,0.0031100450339224196,0.27239485568460053,0.4826514702155569,Low Risk
HOUSEHOLD_1_229,787,0.2156164383561644,0.6094419820326461,11,2245.52,2.8265098277244705,C,1,0.004626853386950745,0.2702018647031216,0.4824486154270217,Low Risk
HOUSEHOLD_2_339,599,0.16410958904109588,0.465498714804184,6,4079.66,2.8365113673376823,C,1,0.003521582183968864,0.2711579677482568,0.4824038649796677,Low Risk
HOUSEHOLD_2_128,508,0.13917808219178082,0.3949869250194303,3,3015.77,2.837996606930946,C,1,0.002986583888908486,0.2712999500982541,0.4822859601961488,Low Risk
HOUSEHOLD_2_261,651,0.17835616438356164,0.5045395831919255,6,4553.97,2.8288317644401353,C,1,0.0038272954954319373,0.2704238316052499,0.48227533813020457,Low Risk
HOBBIES_2_008,519,0.1421917808219178,0.4031944469595741,3,2010.83,2.8355678832417066,C,1,0.003051254012487213,0.27106777483275735,0.48223570865357335,Low Risk
HOBBIES_2_041,1495,0.4095890410958904,1.1357158425761937,24,2945.15,2.77281794341345,C,1,0.008789257704563359,0.2650691575326174,0.48215752457115424,Low Risk
FOODS_1_135,1579,0.4326027397260274,1.1967252606188648,15,4222.12,2.766337682874513,C,1,0.009283102284619094,0.264449673225785,0.48211983265312125,Low Risk
HOBBIES_2_105,544,0.14904109589041095,0.42170543485162404,4,1343.68,2.8294574213390216,C,1,0.003198231566075229,0.2704836416434409,0.48210456196285484,Low Risk
HOUSEHOLD_2_008,549,0.15041095890410958,0.42478191769400087,6,1360.18,2.8241420757433575,C,1,0.003227627076792832,0.26997551806382253,0.4819609435421846,Low Risk
HOBBIES_1_255,1575,0.4315068493150685,1.1913841505223497,16,2961.0,2.760985491686715,C,1,0.00925958587604501,0.26393802737017696,0.4819592839738666,Low Risk
HOBBIES_2_019,578,0.15835616438356165,0.4468059468277743,4,1947.8600000000001,2.821525442770547,C,1,0.003398121038954931,0.26972537950015574,0.4819370501617332,Low Risk
HOUSEHOLD_2_207,584,0.16,0.4511062496259951,5,4354.93,2.8194140601624693,C,1,0.003433395651816055,0.26952354064143025,0.4818870808879739,Low Risk
HOUSEHOLD_2_364,610,0.16712328767123288,0.469997287071856,5,3462.3799999999997,2.8122788488725807,C,1,0.0035862523075475914,0.26884144593343806,0.48172830947229567,Low Risk
HOUSEHOLD_2_334,718,0.1967123287671233,0.55122886408853,8,2139.64,2.8022080138205214,C,1,0.004221195339047821,0.2678787185501851,0.4816299741667699,Low Risk
HOUSEHOLD_2_077,585,0.16027397260273973,0.45009658414412274,7,2035.8,2.808294926711193,C,1,0.0034392747539595753,0.26846060055788684,0.481569962593554,Low Risk
FOODS_2_073,618,0.16931506849315067,0.4750166337314116,5,3668.0400000000004,2.805518953268046,C,1,0.0036332851246957563,0.2681952297485065,0.4815485544619607,Low Risk
HOBBIES_1_102,601,0.16465753424657534,0.4617578213037243,8,2992.9800000000005,2.804352824889507,C,1,0.0035333403882559056,0.2680837530222366,0.4814851280231478,Low Risk
HOBBIES_2_092,669,0.1832876712328767,0.5130205309812982,6,3324.93,2.7989909388366794,C,1,0.003933119334015309,0.2675711803803201,0.48145128991430064,Low Risk
HOBBIES_1_035,670,0.18356164383561643,0.5121204818694143,7,1420.4,2.7899100877960628,C,1,0.0039389984361588295,0.26670309109925744,0.48119262686062486,Low Risk
HOUSEHOLD_2_121,629,0.17232876712328768,0.48110508281132575,7,1239.1299999999999,2.791786251607852,C,1,0.0036979552482744836,0.2668824440791981,0.48117411979824176,Low Risk
FOODS_3_799,587,0.16082191780821917,0.44929149615723124,4,1279.66,2.7937205468039084,C,1,0.0034510329582466163,0.2670673541629113,0.4811555161363474,Low Risk
HOBBIES_2_148,987,0.2704109589041096,0.7484531199591277,11,868.5600000000001,2.767835752635072,C,1,0.005802673815654873,0.2645928820831496,0.4811186667696414,Low Risk
HOUSEHOLD_2_179,579,0.15863013698630138,0.4427031340107696,4,3456.6299999999997,2.790788323211242,C,1,0.0034040001410984514,0.2667870465288484,0.48105731400098406,Low Risk
HOBBIES_1_365,481,0.1317808219178082,0.36853997250493303,3,1909.5700000000002,2.7966130969709058,C,1,0.0028278481310334285,0.26734386919257924,0.48105151519708383,Low Risk
HOBBIES_1_418,992,0.2717808219178082,0.7514293358448972,12,3946.16,2.764835761929309,C,1,0.005832069326372476,0.2643060962121655,0.4810414496615614,Low Risk
FOODS_3_427,1473,0.40356164383561643,1.101899714703382,24,3651.08,2.730437174926914,C,1,0.008659917457405904,0.2610177431132193,0.4809032981711876,Low Risk
HOBBIES_2_113,669,0.1832876712328767,0.5092675108704396,6,3993.93,2.778514820145149,C,1,0.003933119334015309,0.2656137538049495,0.48086406194168946,Low Risk
HOBBIES_2_046,593,0.16246575342465752,0.4517430109433856,5,1761.21,2.7805429847274157,C,1,0.00348630757110774,0.26580763738769103,0.4807881834876397,Low Risk
HOUSEHOLD_2_337,562,0.15397260273972602,0.4283293008090426,4,3803.9399999999996,2.78185399991638,C,1,0.0033040554046586002,0.2659329646535783,0.4807711060174711,Low Risk
HOUSEHOLD_1_504,1000,0.273972602739726,0.7539114042033406,12,3380.0,2.751776625342193,C,1,0.005879102143520641,0.2630577003910577,0.4806810407603735,Low Risk
HOUSEHOLD_2_205,543,0.14876712328767122,0.41293800982739187,3,3171.12,2.775734320202542,C,1,0.003192352463931708,0.2653479502821986,0.4805620908238391,Low Risk
HOUSEHOLD_2_194,582,0.15945205479452054,0.4420978490271576,3,3649.14,2.772606785135954,C,1,0.0034216374475290134,0.26504897173323777,0.48054118275423,Low Risk
HOBBIES_1_127,1567,0.4293150684931507,1.1640291682519417,16,1910.6399999999999,2.711363410414542,C,1,0.009212553058896846,0.2591943754080731,0.48052207854009105,Low Risk
HOUSEHOLD_1_423,1217,0.33342465753424655,0.9108255768862821,11,3602.3199999999997,2.7317283119432454,C,1,0.00715486730866462,0.2611411701135354,0.48048881122666004,Low Risk
HOUSEHOLD_2_258,524,0.14356164383561643,0.3982607083828858,4,2084.72,2.774144247323537,C,1,0.003080649523204816,0.2651959463327671,0.4804829787567916,Low Risk
HOBBIES_1_305,589,0.16136986301369863,0.44664737234417917,5,1690.43,2.7678487420309916,C,1,0.0034627911625336578,0.26459412381207076,0.48041707449238136,Low Risk
HOBBIES_2_098,1345,0.3684931506849315,1.0027882083607127,17,1183.6,2.7213211602353913,C,1,0.007907392383035262,0.2601462923423251,0.48041610541760815,Low Risk
HOBBIES_2_139,588,0.1610958904109589,0.4458251935030813,4,2922.3599999999997,2.7674523066092633,C,1,0.003456912060390137,0.2645562263354249,0.48040394151874455,Low Risk
HOBBIES_1_091,2039,0.5586301369863014,1.4952150913996196,24,1427.3,2.6765743421327177,C,1,0.011987489270638588,0.2558686940222062,0.48035685498785347,Low Risk
HOUSEHOLD_2_445,651,0.17835616438356164,0.49133074619976974,8,3884.6499999999996,2.754773000966451,C,1,0.0038272954954319373,0.2633441406762051,0.48015143085149115,Low Risk
HOBBIES_1_290,603,0.1652054794520548,0.45558592544013327,5,3478.49,2.7576925835099275,C,1,0.003545098592542947,0.26362323988175684,0.48015050154229,Low Risk
HOBBIES_1_289,805,0.22054794520547946,0.6049623295256756,7,4000.85,2.7429968978493364,C,1,0.004732677225534117,0.2622183971921493,0.48008532232530504,Low Risk
HOUSEHOLD_2_460,553,0.1515068493150685,0.41788486980158707,4,3280.86,2.758191274458938,C,1,0.003251143485366915,0.2636709125355051,0.4800766168062616,Low Risk
HOBBIES_1_294,679,0.18602739726027398,0.510961618008808,13,2634.52,2.7467008920944758,C,1,0.003991910355450516,0.26257248269437167,0.4799693179149467,Low Risk
HOUSEHOLD_2_367,605,0.16575342465753426,0.4559881947871015,6,4519.349999999999,2.751003158632926,C,1,0.0035568567968299884,0.26298376038735427,0.47996218515525524,Low Risk
HOUSEHOLD_2_435,682,0.18684931506849314,0.513070800414744,7,4071.54,2.7459067764132192,C,1,0.004009547661881077,0.2624965687400804,0.47995183492058846,Low Risk
FOODS_2_007,1134,0.31068493150684934,0.8437352010693261,16,3199.79,2.7157261762813403,C,1,0.006666901830752408,0.2596114365698314,0.47988350152017517,Low Risk
FOODS_1_169,1362,0.3731506849315068,1.008020557597479,22,4725.4,2.701376677849338,C,1,0.008007337119475114,0.2582396878513764,0.4798741074912555,Low Risk
FOODS_3_436,1759,0.48191780821917807,1.2894693935464205,27,4390.84,2.675703971827422,C,1,0.010341340670452807,0.25578549046240734,0.4798380493398581,Low Risk
HOBBIES_2_116,876,0.24,0.6550518316629428,8,2599.7200000000003,2.7293826319289285,C,1,0.005150093477724081,0.2609169334568472,0.4798201080803714,Low Risk
HOUSEHOLD_2_455,532,0.14575342465753424,0.40089622059603625,5,4117.68,2.7505097841645343,C,1,0.003127682340352981,0.26293659596568875,0.4798192834918125,Low Risk
HOBBIES_2_141,862,0.23616438356164385,0.6446496073818528,16,431.0,2.729664810839632,C,1,0.005067786047714793,0.2609439085153112,0.47980350836890784,Low Risk
HOUSEHOLD_2_177,779,0.21342465753424658,0.5835842868307863,6,2321.42,2.7343808047912326,C,1,0.00457982056980258,0.2613947367230012,0.47979236718784113,Low Risk
HOBBIES_2_005,511,0.14,0.38449676691865226,3,2284.17,2.746405477990373,C,1,0.003004221195339048,0.2625442424098323,0.47966453908155143,Low Risk
HOUSEHOLD_2_394,614,0.16821917808219178,0.4607693783458792,4,3848.4799999999996,2.7391013533590542,C,1,0.003609768716121674,0.26184600033190003,0.47963673071440655,Low Risk
HOUSEHOLD_2_311,626,0.1715068493150685,0.46958367488031816,4,3717.4700000000003,2.737987880691951,C,1,0.0036803179418439212,0.2617395572592469,0.4796259625603273,Low Risk
HOBBIES_2_142,4913,1.3460273972602739,3.329776610613001,40,1129.99,2.4737807101032883,C,1,0.02888402883111691,0.2364825178317684,0.4796099639988656,Low Risk
HOUSEHOLD_2_484,607,0.1663013698630137,0.45458447548614644,4,4229.79,2.7334980815888543,C,1,0.003568615001117029,0.2613103522807608,0.47946369018456336,Low Risk
HOUSEHOLD_2_362,537,0.14712328767123287,0.4027838161523804,3,2115.7799999999997,2.737729849080426,C,1,0.003157077851070584,0.26171489057601,0.4794615905281242,Low Risk
HOBBIES_2_035,549,0.15041095890410958,0.4103432459426161,4,2454.0299999999997,2.7281472635529127,C,1,0.003227627076792832,0.26079883769240986,0.4792079394307608,Low Risk
HOBBIES_1_250,585,0.16027397260273973,0.43649609041678294,5,2851.89,2.7234371453354833,C,1,0.0034392747539595753,0.26034857117897403,0.4791363537798801,Low Risk
HOBBIES_2_069,781,0.21397260273972601,0.579613321472288,8,2319.57,2.708820260401858,C,1,0.00459157877408962,0.25895126149107667,0.4790628520795499,Low Risk
HOBBIES_2_136,876,0.24,0.6483235120427696,10,2522.5,2.7013479668448737,C,1,0.005150093477724081,0.2582369432060659,0.479016111005137,Low Risk
HOUSEHOLD_1_502,535,0.14657534246575343,0.3988824453415443,3,2263.05,2.7213475242927787,C,1,0.003145319646783543,0.26014881262985334,0.4789882396829911,Low Risk
HOBBIES_2_085,1509,0.41342465753424656,1.0939859252538666,12,1463.73,2.6461554852065032,C,1,0.008871565134572648,0.2529607855539672,0.478549705206562,Low Risk
HOBBIES_1_307,512,0.14027397260273972,0.37901218987425656,3,2032.64,2.7019423692207742,C,1,0.003010100297482568,0.2582937654498016,0.4783911597241852,Low Risk
FOODS_3_736,1106,0.303013698630137,0.8057186074945057,14,1924.44,2.659017104299228,C,1,0.00650228697073383,0.25419029957435657,0.4782077759635271,Low Risk
HOUSEHOLD_1_487,1837,0.5032876712328768,1.3112975952764099,13,3380.0800000000004,2.6054633765698942,C,1,0.010799910637647419,0.24907079956330627,0.4779612130602861,Low Risk
FOODS_3_510,1430,0.3917808219178082,1.0298043332730944,13,2833.81,2.628521549962793,C,1,0.008407116065234517,0.2512750591722053,0.47790465257123194,Low Risk
FOODS_3_210,783,0.21452054794520548,0.571792988256473,5,1706.46,2.6654462415531626,C,1,0.004603336978376662,0.25480489672077583,0.47782247010974577,Low Risk
HOBBIES_2_068,826,0.2263013698630137,0.601695573611057,8,1627.22,2.65882426595685,C,1,0.00485613837054805,0.25417186507991907,0.4777084010351402,Low Risk
HOUSEHOLD_2_516,544,0.14904109589041095,0.39831160651254255,3,3231.36,2.672495153990405,C,1,0.003198231566075229,0.25547874163933576,0.4776030919616233,Low Risk
FOODS_1_029,1003,0.27479452054794523,0.7260152445710228,12,4282.8099999999995,2.6420295540221668,C,1,0.005896739449951204,0.2525663647425802,0.4775389312577594,Low Risk
HOBBIES_2_094,828,0.22684931506849315,0.6014891466281438,6,1631.16,2.6514920111023246,C,1,0.004867896574835091,0.2534709338768012,0.4775016491354909,Low Risk
FOODS_3_165,681,0.1865753424657534,0.496063482117126,5,2446.4,2.658783714724684,C,1,0.004003668559737557,0.25416798856109724,0.47745149713625046,Low Risk
HOUSEHOLD_2_352,684,0.1873972602739726,0.49768449152342814,4,2031.48,2.655772505936422,C,1,0.004021305866168118,0.25388013029093726,0.4773704308471316,Low Risk
FOODS_2_277,3189,0.8736986301369863,2.1856037021893098,56,4078.0,2.501553312320784,C,1,0.018748456735687327,0.23913745602912354,0.4773657738294433,Low Risk
HOBBIES_2_114,955,0.26164383561643834,0.6899684712823795,11,1884.35,2.637052272440508,C,1,0.0056145425470622125,0.25209055859065205,0.4773115303413143,Low Risk
HOBBIES_2_020,567,0.15534246575342467,0.41317067750144343,3,2199.96,2.6597406929105265,C,1,0.003333450915376204,0.25425947145203165,0.47727787671022237,Low Risk
HOBBIES_1_219,641,0.1756164383561644,0.4648304832834856,4,1115.34,2.6468506458420005,C,1,0.0037685044739967314,0.2530272398426229,0.4770387232949859,Low Risk
HOBBIES_2_137,639,0.17506849315068493,0.4632659073044017,6,1897.8300000000002,2.646198062067396,C,1,0.00375674626970969,0.2529648557139552,0.4770164805950995,Low Risk
HOBBIES_2_011,1057,0.2895890410958904,0.7584193337963057,9,1025.29,2.618950395796136,C,1,0.006214210965701318,0.25036009907625056,0.4769722930125856,Low Risk
HOBBIES_2_042,1770,0.4849315068493151,1.2471585938449619,22,1309.8,2.5718242189458254,C,1,0.010406010794031535,0.24585504456117943,0.4768783166065633,Low Risk
FOODS_3_558,961,0.2632876712328767,0.6897401316069257,9,2856.1,2.6197205831064294,C,1,0.005649817159923336,0.25043372558388577,0.47682506282314274,Low Risk
FOODS_2_252,943,0.2583561643835616,0.6759725770378405,8,3684.35,2.616436804017092,C,1,0.005543993321339965,0.2501198107959346,0.47669914123518237,Low Risk
FOODS_3_260,1065,0.29178082191780824,0.7604670040885106,9,2098.05,2.606295366124942,C,1,0.006261243782849484,0.24915033409277523,0.4766234733626874,Low Risk
HOUSEHOLD_2_127,662,0.18136986301369862,0.4769080184548954,6,3791.6200000000003,2.629477745257354,C,1,0.003891965619010664,0.2513664672221885,0.4765775298523598,Low Risk
HOBBIES_1_346,999,0.2736986301369863,0.7134873130816803,8,3952.03,2.6068355282764095,C,1,0.005873223041377121,0.24920197121044485,0.4765225582755466,Low Risk
HOUSEHOLD_2_482,676,0.1852054794520548,0.48625985063311516,5,3873.4800000000005,2.625515465696554,C,1,0.003974273049019953,0.2509876907837336,0.4764885891498261,Low Risk
HOUSEHOLD_2_052,724,0.19835616438356166,0.5193937210690645,5,3851.7799999999997,2.61849044461614,C,1,0.004256469951908945,0.2503161297734417,0.4763717799176052,Low Risk
HOUSEHOLD_1_466,791,0.2167123287671233,0.5656613345409824,11,3132.36,2.610194527275077,C,1,0.004650369795524827,0.24952307668974422,0.47625203394558074,Low Risk
FOODS_1_009,1886,0.5167123287671233,1.3139094551904282,15,4223.6,2.542825827913607,C,1,0.01108798664267993,0.2430829263631671,0.47625127390175415,Low Risk
HOUSEHOLD_2_215,822,0.2252054794520548,0.5873614297297035,5,1545.36,2.60811340451754,C,1,0.004832621961973967,0.24932413053917826,0.47624702575034566,Low Risk
HOBBIES_2_029,916,0.25095890410958904,0.6530325665521566,6,2637.3199999999997,2.602149419121585,C,1,0.005385257563464908,0.24875399985742983,0.4762417772262685,Low Risk
HOBBIES_2_101,672,0.1841095890410959,0.4815813781465994,5,336.0,2.615732187849833,C,1,0.003950756640445871,0.2500524526001746,0.47620096277218615,Low Risk
FOODS_3_443,1124,0.30794520547945203,0.7963106194457783,8,2802.4,2.585884128983177,C,1,0.0066081108093172004,0.24719910990720692,0.4761421662149573,Low Risk
FOODS_3_457,1137,0.3115068493150685,0.8050295297693759,9,2808.23,2.5843076373423237,C,1,0.00668453913718297,0.2470484042642018,0.47611988302041547,Low Risk
HOBBIES_2_088,762,0.20876712328767122,0.5442641571399611,6,2110.7400000000002,2.607039597848895,C,1,0.004479875833362728,0.24922147936091152,0.4761104065582823,Low Risk
FOODS_3_693,846,0.23178082191780822,0.6018864617754774,6,2942.1,2.596791472199164,C,1,0.004973720413418463,0.2482418037789948,0.475964657257724,Low Risk
HOUSEHOLD_2_494,633,0.17342465753424657,0.4525201777964315,4,3760.0200000000004,2.609318560753515,C,1,0.003721471656848566,0.2494393381563693,0.4759482429439654,Low Risk
FOODS_3_633,1435,0.39315068493150684,1.0059876600315398,14,4132.8,2.5587839436342303,C,1,0.00843651157595212,0.24460845179476695,0.4759134890112158,Low Risk
HOUSEHOLD_2_099,652,0.17863013698630137,0.4651555993653886,6,3872.88,2.604015241846117,C,1,0.0038331745975754583,0.24893236427506918,0.4758296616617934,Low Risk
HOUSEHOLD_2_103,799,0.2189041095890411,0.5677202481829091,6,1574.03,2.5934654641647286,C,1,0.004697402612672993,0.2479238520902701,0.47578637641088295,Low Risk
FOODS_1_077,806,0.22082191780821916,0.5725083716758762,6,2635.48,2.5926247600706556,C,1,0.004738556327677636,0.24784348448933202,0.4757746122451029,Low Risk
HOUSEHOLD_2_306,685,0.18767123287671234,0.4878477195811564,5,2712.6,2.5994805495930233,C,1,0.00402718496831164,0.24849886770957974,0.4757578158033674,Low Risk
HOUSEHOLD_2_098,744,0.20383561643835615,0.5277569045823097,5,2581.6800000000003,2.5891299754374066,C,1,0.004374051994779357,0.24750939850265782,0.4755650351492312,Low Risk
HOBBIES_2_076,979,0.26821917808219176,0.6898261215768356,11,2819.52,2.5718747127226256,C,1,0.005755640998506707,0.24585987154338676,0.4754846537625681,Low Risk
HOBBIES_1_271,733,0.20082191780821917,0.5192373600555332,5,4229.41,2.5855612062792583,C,1,0.00430938187120063,0.24716823992193462,0.4754432865379406,Low Risk
HOUSEHOLD_2_224,638,0.1747945205479452,0.45290121557454244,5,2532.86,2.5910492740549844,C,1,0.003750867167566169,0.247692874979656,0.4754331226441667,Low Risk
HOUSEHOLD_2_237,586,0.16054794520547946,0.4161441004445139,3,3479.17,2.59202383382675,C,1,0.0034451538561030962,0.24778603859260823,0.4753693577346134,Low Risk
FOODS_1_136,853,0.2336986301369863,0.601372110752932,7,4145.58,2.573280427020166,C,1,0.005014874128423107,0.24599425162609853,0.47530273772635645,Low Risk
HOBBIES_1_111,949,0.26,0.6659432450221059,14,2750.93,2.5613201731619455,C,1,0.005579267934201089,0.24485090414394398,0.47512905162344354,Low Risk
HOBBIES_1_161,2148,0.5884931506849315,1.4629728601606597,16,1503.6,2.485964124574678,C,1,0.012628311404282336,0.23764719848362054,0.47508265296637087,Low Risk
HOUSEHOLD_2_007,1070,0.29315068493150687,0.7477615755271375,12,2760.6,2.5507754679196744,C,1,0.006290639293567086,0.24384287686193726,0.47504005484665135,Low Risk
HOUSEHOLD_2_137,863,0.23643835616438355,0.6048478897651833,7,2537.22,2.5581631490647965,C,1,0.005073665149858313,0.24454910657381168,0.474886831517101,Low Risk
FOODS_3_347,2410,0.6602739726027397,1.6245866920498844,16,4594.8,2.4604736207394517,C,1,0.014168636165884745,0.23521041881954796,0.4748137164956298,Low Risk
FOODS_3_338,1010,0.27671232876712326,0.7040034574972251,8,3716.8,2.544170910757299,C,1,0.005937893164955847,0.24321151034648847,0.4747448210534333,Low Risk
FOODS_3_359,967,0.26493150684931505,0.673421997204308,10,2688.2599999999998,2.54187206804108,C,1,0.0056850917727844594,0.24299175112878157,0.47460305287046983,Low Risk
HOUSEHOLD_2_318,688,0.1884931506849315,0.4821610006669977,7,2731.36,2.557976239003694,C,1,0.004044822274742201,0.24453123879689959,0.47457281832149256,Low Risk
HOBBIES_2_081,828,0.22684931506849315,0.5782598248899412,6,1631.16,2.5490922232467215,C,1,0.004867896574835091,0.24368196610021892,0.47456495880251626,Low Risk
FOODS_1_049,1754,0.48054794520547944,1.197320350597053,15,3928.9600000000005,2.4915731355069806,C,1,0.010311945159735205,0.23818339517332687,0.4745486020999186,Low Risk
HOUSEHOLD_2_015,740,0.20273972602739726,0.5176979110319044,8,3285.6000000000004,2.5535099665762853,C,1,0.004350535586205274,0.24410428286477406,0.4745364455352938,Low Risk
HOUSEHOLD_2_432,738,0.2021917808219178,0.5163223625454525,6,4036.3599999999997,2.55362686082778,C,1,0.004338777381918233,0.2441154574393031,0.4745362704463664,Low Risk
HOUSEHOLD_1_065,2583,0.7076712328767123,1.7263521996090312,56,2531.34,2.439483363752599,C,1,0.015185720836713816,0.23320384289229873,0.4745168691187038,Low Risk
FOODS_3_619,977,0.26767123287671235,0.6788277592596114,8,2830.66,2.5360504823926115,C,1,0.005743882794219667,0.2424352332344102,0.474453734808589,Low Risk
HOBBIES_1_114,624,0.17095890410958905,0.4371491526966224,3,3725.2799999999997,2.5570423194594096,C,1,0.0036685597375568806,0.24444196021032855,0.47443315598436564,Low Risk
HOUSEHOLD_2_252,677,0.18547945205479452,0.47330213521310943,4,4716.4,2.5517766521829386,C,1,0.003980152151163474,0.24393858565876927,0.47437562134297984,Low Risk
HOBBIES_2_093,924,0.25315068493150683,0.6420218404442081,6,1820.28,2.536125235520952,C,1,0.0054322903806130725,0.24244237930355594,0.4743624009052507,Low Risk
HOUSEHOLD_1_089,785,0.21506849315068494,0.5465884208955983,9,4011.38,2.541462084419024,C,1,0.004615095182663703,0.2429525585039795,0.474270296105993,Low Risk
HOBBIES_2_104,706,0.19342465753424656,0.4920419564100819,4,2096.82,2.543842975774503,C,1,0.004150646113325573,0.24318016120947725,0.47419924219684084,Low Risk
FOODS_3_149,1113,0.3049315068493151,0.7678828529648396,17,2744.9,2.5182142078361767,C,1,0.006543440685738474,0.24073016410737821,0.474182081437935,Low Risk
HOUSEHOLD_2_430,920,0.25205479452054796,0.6368835100570566,10,3637.7200000000003,2.526766099682887,C,1,0.0054087739720389905,0.24154768722406977,0.47408693835883264,Low Risk
HOUSEHOLD_1_340,735,0.20136986301369864,0.5110436048872659,8,3660.3,2.537835588895946,C,1,0.004321140075487672,0.2426058815375449,0.4740781064839098,Low Risk
HOBBIES_2_095,825,0.22602739726027396,0.5721516119426573,6,726.0,2.531337434655393,C,1,0.004850259268404529,0.24198468667181205,0.474050483782065,Low Risk
HOUSEHOLD_2_148,653,0.1789041095890411,0.4546208103884428,6,3876.3700000000003,2.541142355157452,C,1,0.0038390536997189788,0.24292199379770132,0.47402831424922615,Low Risk
HOBBIES_2_123,779,0.21342465753424658,0.5406831118127441,8,389.5,2.533367597068698,C,1,0.00457982056980258,0.24217876123838336,0.4740275745424558,Low Risk
HOBBIES_1_263,643,0.17616438356164382,0.4459636894679736,4,3195.71,2.5315201657202238,C,1,0.003780262678283772,0.24200215495512462,0.4737347252900226,Low Risk
HOBBIES_2_028,1826,0.5002739726027398,1.2295462477447574,15,1606.88,2.457745785470079,C,1,0.010735240514068692,0.23494964980712216,0.4737054670963573,Low Risk
HOUSEHOLD_2_333,787,0.2156164383561644,0.542850050990787,6,3919.26,2.5176654207323663,C,1,0.004626853386950745,0.24067770248233092,0.4735913667607845,Low Risk
HOUSEHOLD_2_038,642,0.17589041095890412,0.44329861602129633,4,3813.48,2.520311446226996,C,1,0.003774383576140252,0.24093065084135948,0.4734115103252499,Low Risk
FOODS_3_266,862,0.23616438356164385,0.5919035119298388,6,3193.58,2.506319975108946,C,1,0.005067786047714793,0.23959312795396143,0.4733982742005029,Low Risk
HOUSEHOLD_1_250,813,0.22273972602739725,0.5589189646825948,10,2178.84,2.509291784860358,C,1,0.004779710042682281,0.23987721985008653,0.4733970789678307,Low Risk
HOUSEHOLD_2_151,782,0.21424657534246574,0.5375612485468185,5,3472.0800000000004,2.5090774388694217,C,1,0.004597457876233142,0.23985672931937102,0.47333625615868125,Low Risk
HOUSEHOLD_2_031,682,0.18684931506849314,0.4689798632343281,6,4051.0800000000004,2.509936218189586,C,1,0.004009547661881077,0.23993882483214823,0.4731845117482088,Low Risk
HOUSEHOLD_2_040,844,0.23123287671232876,0.5779447459450796,6,3350.6800000000003,2.4994055956155696,C,1,0.004961962209131421,0.23893214379107267,0.47316823180006123,Low Risk
HOUSEHOLD_1_500,1049,0.2873972602739726,0.7146281660575856,10,4657.56,2.4865517694091395,C,1,0.006167178148553153,0.2377033747362191,0.4731611658654317,Low Risk
HOUSEHOLD_2_345,686,0.18794520547945207,0.47145704224296664,4,4006.24,2.5084813472111196,C,1,0.00403306407045516,0.2397997455876934,0.4731498428974446,Low Risk
HOBBIES_2_087,965,0.26438356164383564,0.657996715379058,8,936.05,2.4887958664596495,C,1,0.005673333568497419,0.23791790050990472,0.47307737022352064,Low Risk
FOODS_3_737,835,0.22876712328767124,0.5701008002621303,7,2905.8,2.4920573903673957,C,1,0.004909050289839735,0.23822968780071924,0.47294162142716767,Low Risk
HOBBIES_2_032,1880,0.5150684931506849,1.2502311359751304,19,1823.6,2.427310450164482,C,1,0.011052712029818806,0.23204016607854175,0.47292786343250814,Low Risk
FOODS_3_601,702,0.19232876712328767,0.4806434681323892,5,1389.96,2.499072163366411,C,1,0.00412712970475149,0.23890026913965942,0.4729082196533233,Low Risk
HOBBIES_1_088,1407,0.3854794520547945,0.9455772357880018,10,3615.99,2.452989986230424,C,1,0.008271896715933542,0.23449501638957523,0.47283007393165266,Low Risk
FOODS_1_089,1269,0.3476712328767123,0.8556880444732731,12,4385.64,2.4611988670823064,C,1,0.007460580620127694,0.2352797491690434,0.47282209893675137,Low Risk
HOUSEHOLD_2_263,746,0.20438356164383562,0.509576652488339,5,4080.62,2.4932369726306134,C,1,0.004385810199066398,0.2383424506589856,0.47281847825741563,Low Risk
FOODS_3_293,1061,0.2906849315068493,0.718274035784854,8,2100.7799999999997,2.4709709996368683,C,1,0.006237727374275401,0.23621392191186186,0.4727354947858412,Low Risk
HOBBIES_1_138,729,0.19972602739726028,0.497568691652131,4,4286.5199999999995,2.4912561379016163,C,1,0.004285865462626548,0.23815309160132592,0.4727316871191858,Low Risk
HOUSEHOLD_1_525,761,0.20849315068493152,0.5188517140895789,6,3219.03,2.4885791805873363,C,1,0.0044739967312192085,0.2378971862968567,0.4727113549084228,Low Risk
FOODS_3_379,2262,0.6197260273972602,1.4845675230917024,32,4654.27,2.395522307376089,C,1,0.01329852904864369,0.22900135992523438,0.47268996669216345,Low Risk
FOODS_2_160,871,0.23863013698630137,0.5911453019937775,5,2505.22,2.477244950949814,C,1,0.005120697967006479,0.23681368396723715,0.4725803145802731,Low Risk
HOUSEHOLD_2_399,1691,0.46328767123287673,1.1229659359351984,15,4514.97,2.4239063667436276,C,1,0.009941561724693406,0.2317147507274618,0.4724968937356466,Low Risk
HOUSEHOLD_1_300,776,0.2126027397260274,0.5268926458285146,4,3786.88,2.4782965944253585,C,1,0.004562183263372018,0.23691421644206098,0.4724429199116299,Low Risk
HOBBIES_1_080,7225,1.9794520547945205,4.118265994287055,56,4118.25,2.0805080801588587,C,1,0.04247651298693663,0.19888739012148043,0.47240917093252516,Low Risk
FOODS_3_763,916,0.25095890410958904,0.6185498391319533,8,3183.98,2.464745538025796,C,1,0.005385257563464908,0.2356187952579759,0.47230121584643225,Low Risk
HOUSEHOLD_2_048,733,0.20082191780821917,0.49712727340700136,4,2888.02,2.4754632304714255,C,1,0.00430938187120063,0.23664335935314307,0.47228582236730315,Low Risk
FOODS_1_001,1979,0.5421917808219178,1.2997040439042824,24,4432.96,2.3971297424207334,C,1,0.011634743142027348,0.2291550236210729,0.4722369300289301,Low Risk
FOODS_1_179,1185,0.32465753424657534,0.7908563549483458,11,4238.72,2.435971051106719,C,1,0.00696673604007196,0.23286808130497705,0.4719504452035147,Low Risk
FOODS_3_017,729,0.19972602739726028,0.49203013040511234,4,1443.42,2.4635253442779974,C,1,0.004285865462626548,0.2355021501210228,0.4719364046750948,Low Risk
HOUSEHOLD_2_105,756,0.20712328767123286,0.5090075983112073,6,3753.96,2.457510229941676,C,1,0.004444601220501604,0.23492713173823337,0.47181151988762055,Low Risk
HOUSEHOLD_2_330,704,0.19287671232876713,0.4741075458844237,4,2603.7400000000002,2.458085997838276,C,1,0.004138887909038532,0.23498217260799137,0.47173631815510897,Low Risk
HOUSEHOLD_1_035,894,0.24493150684931506,0.598946556916724,6,4139.22,2.445363459447475,C,1,0.005255917316307453,0.233765954088872,0.47170656142155387,Low Risk
FOODS_2_213,1190,0.32602739726027397,0.7894250706984582,8,4625.47,2.4213458050835066,C,1,0.006996131550789563,0.23146997233381686,0.47153983116538195,Low Risk
HOBBIES_2_133,1354,0.37095890410958904,0.8935875274305235,10,3899.52,2.408858548834129,C,1,0.007960304302326948,0.23027624574899766,0.47147096501539737,Low Risk
HOBBIES_1_366,729,0.19972602739726028,0.4875539829369858,6,2894.13,2.441113906337446,C,1,0.004285865462626548,0.23335971556699528,0.4712936743088866,Low Risk
HOBBIES_1_406,809,0.22164383561643836,0.5399090838749862,5,3138.92,2.4359309717474655,C,1,0.004756193634108199,0.232864249895123,0.4712861330587694,Low Risk
HOBBIES_2_103,1007,0.2758904109589041,0.6685960298882636,6,2517.5,2.4234116276982745,C,1,0.005920255858525286,0.2316674558582614,0.471276313515036,Low Risk
HOBBIES_2_107,1331,0.3646575342465753,0.8759195648631869,22,665.5,2.402033367205584,C,1,0.007825084953025974,0.22962378850831114,0.47123466203840114,Low Risk
HOBBIES_1_400,3194,0.8750684931506849,1.9988370990814863,18,3640.99,2.2842064532396447,C,1,0.01877785224640493,0.21836005556334487,0.47114137234292497,Low Risk
HOUSEHOLD_1_493,1041,0.2852054794520548,0.6881730186224909,12,2895.83,2.41290251486272,C,1,0.006120145331404988,0.23066283105324936,0.47103489291539635,Low Risk
FOODS_2_310,1018,0.2789041095890411,0.6728651402536634,7,3963.32,2.4125321826383805,C,1,0.005984925982104013,0.23062742892706722,0.47098370647275134,Low Risk
HOUSEHOLD_2_190,1733,0.4747945205479452,1.1235271526677477,14,1698.34,2.366343974170386,C,1,0.01018848401472127,0.2262120400496134,0.4709201572193004,Low Risk
HOUSEHOLD_2_480,910,0.2493150684931507,0.6021618329202081,6,4775.81,2.4152644946799553,C,1,0.005349982950603784,0.23088862589915723,0.47087158265492834,Low Risk
HOUSEHOLD_2_277,1026,0.2810958904109589,0.6752070247647631,7,3416.58,2.402052281083222,C,1,0.006031958799252178,0.22962559659153675,0.4706972666172367,Low Risk
HOBBIES_2_126,1792,0.49095890410958903,1.1517143968988166,28,896.0,2.345846846361987,C,1,0.01053535104118899,0.2242526050953941,0.47043638684097494,Low Risk
HOUSEHOLD_1_139,767,0.21013698630136987,0.5058780090281838,7,3819.6600000000003,2.4073725331849687,C,1,0.004509271344080332,0.23013418921148177,0.47039303816666866,Low Risk
FOODS_1_126,1269,0.3476712328767123,0.8253660764625835,10,2842.5600000000004,2.373984380684342,C,1,0.007460580620127694,0.22694242919134255,0.4703209029434411,Low Risk
HOUSEHOLD_2_436,920,0.25205479452054796,0.6032954146762951,6,1812.4,2.393508982139649,C,1,0.0054087739720389905,0.2288088949184603,0.4702653006671498,Low Risk
HOUSEHOLD_2_365,740,0.20273972602739726,0.4865898592006747,6,3603.8,2.4000716028141387,C,1,0.004350535586205274,0.2294362524907543,0.4701360364230879,Low Risk
FOODS_3_380,816,0.22356164383561644,0.5352915568841988,6,1615.68,2.3943801257687816,C,1,0.004797347349112843,0.22889217240460488,0.47010685592611534,Low Risk
HOBBIES_2_147,1523,0.41726027397260274,0.9807006688037881,13,1477.31,2.3503331852487372,C,1,0.008953872564581937,0.22468147929246912,0.47009060555711535,Low Risk
HOUSEHOLD_2_053,904,0.24767123287671233,0.5904383843754476,6,1780.31,2.383960290896442,C,1,0.00531470833774266,0.22789608217884708,0.46996323715497695,Low Risk
FOODS_2_259,1036,0.28383561643835614,0.6736529144972987,9,3653.64,2.373391059763649,C,1,0.006090749820687384,0.2268857103299517,0.4698929380451918,Low Risk
HOBBIES_2_149,1648,0.4515068493150685,1.0545438246389132,19,1598.09,2.3356098057840007,C,1,0.009688760332522018,0.22327398919741212,0.46988882485898026,Low Risk
HOBBIES_1_122,2520,0.6904109589041096,1.5753795980425334,31,4354.7,2.281799814625098,C,1,0.014815337401672018,0.21812999153351606,0.46988359868055646,Low Risk
HOBBIES_1_113,797,0.21835616438356165,0.5206005915095082,5,1170.12,2.384180877051073,C,1,0.004685644408385951,0.22791716924167074,0.469780844095017,Low Risk
HOUSEHOLD_2_009,757,0.2073972602739726,0.49386487433907167,5,4337.610000000001,2.3812507151091302,C,1,0.004450480322645126,0.22763705869231793,0.46962626170448896,Low Risk
HOUSEHOLD_2_241,898,0.24602739726027398,0.5836606391083449,7,4458.71,2.372340014193161,C,1,0.005279433724881536,0.22678523501221243,0.46961940062112817,Low Risk
HOBBIES_2_063,1008,0.27616438356164386,0.652928622072906,6,974.47,2.3642752684187567,C,1,0.005926134960668807,0.22601428091000964,0.46958212476120353,Low Risk
FOODS_3_364,1510,0.4136986301369863,0.9648970553111247,18,4197.8,2.3323670542288775,C,1,0.00887744423671617,0.22296399646065643,0.46955243220921183,Low Risk
HOUSEHOLD_2_351,708,0.19397260273972602,0.46194371633003384,3,4205.52,2.3814894980291292,C,1,0.004162404317612614,0.22765988528559922,0.46954668688096357,Low Risk
HOBBIES_2_071,1087,0.2978082191780822,0.702203099634319,8,1054.3899999999999,2.357903692424346,C,1,0.006390584030006937,0.22540518636595372,0.4695387311187882,Low Risk
HOBBIES_1_265,864,0.23671232876712328,0.5607712429683905,6,3430.08,2.368998885225261,C,1,0.005079544252001834,0.22646583782898486,0.46946361462429603,Low Risk
FOODS_3_268,1128,0.30904109589041096,0.7263964907919902,14,2462.5400000000004,2.3504850987506773,C,1,0.006631627217891283,0.22469600155278296,0.46939828863120225,Low Risk
HOUSEHOLD_2_417,808,0.22136986301369863,0.5243150932281333,5,3207.11,2.368502586983523,C,1,0.004750314531964678,0.2264183939074916,0.46935061253183696,Low Risk
HOUSEHOLD_2_407,712,0.19506849315068492,0.46266805006212663,4,3526.82,2.3718235712454527,C,1,0.004185920726186697,0.22673586534573723,0.4692765358215772,Low Risk
FOODS_3_784,2109,0.5778082191780822,1.320662620684888,12,3097.3199999999997,2.285641804409597,C,1,0.012399026420685034,0.21849726880025663,0.4692688885662825,Low Risk
FOODS_3_442,1289,0.35315068493150686,0.8237015105235804,9,3196.72,2.332436395198657,C,1,0.007578162662998107,0.22297062515133032,0.46916463634429856,Low Risk
HOBBIES_1_293,926,0.2536986301369863,0.5971236133475191,6,3407.6800000000003,2.353672989976722,C,1,0.0054440485849001135,0.22500074988420532,0.46913343954073167,Low Risk
HOBBIES_1_359,783,0.21452054794520548,0.5067455123029878,5,1150.01,2.362223652497964,C,1,0.004603336978376662,0.22581815548280773,0.4691264477383554,Low Risk
FOODS_1_068,1116,0.30575342465753425,0.715635805571523,9,3986.38,2.3405651347097303,C,1,0.0065610779921690355,0.2237476967723217,0.46909263242934723,Low Risk
HOBBIES_1_221,808,0.22136986301369863,0.5216951601690936,6,2399.76,2.3566674933381084,C,1,0.004750314531964678,0.2252870111892855,0.4690111977163751,Low Risk
FOODS_3_216,1009,0.27643835616438356,0.6475439397550093,5,2535.28,2.342453300402165,C,1,0.005932014062812327,0.22392819707908165,0.46895806334256823,Low Risk
HOUSEHOLD_2_023,1074,0.29424657534246573,0.6869529868638696,8,4263.780000000001,2.334616761688198,C,1,0.006314155702141168,0.22317905856466272,0.4688479642800412,Low Risk
HOBBIES_2_044,691,0.1893150684931507,0.44610407794766044,4,3088.77,2.35641083141673,C,1,0.004062459581172764,0.2252624754423815,0.4687974805070663,Low Risk
FOODS_2_273,1513,0.4145205479452055,0.9549786478537873,10,3896.8,2.3038149799513046,C,1,0.00889508154314673,0.22023454417456506,0.4687388877153136,Low Risk
HOBBIES_2_007,1335,0.36575342465753424,0.8461735285814382,8,1294.95,2.313508149305056,C,1,0.007848601361600056,0.22116116838389085,0.4687029309236473,Low Risk
HOUSEHOLD_2_165,722,0.1978082191780822,0.4650522844020621,4,4216.48,2.3510260915062697,C,1,0.004244711747621903,0.22474771807254104,0.4686977289460489,Low Risk
FOODS_3_680,1215,0.33287671232876714,0.7719661299664906,6,3043.28,2.319075205249128,C,1,0.007143109104377579,0.2216933543618911,0.46865093903988064,Low Risk
HOBBIES_1_363,898,0.24602739726027398,0.5751469594891954,5,2586.24,2.3377354144048588,C,1,0.005279433724881536,0.2234771880001728,0.4686269865175163,Low Risk
HOUSEHOLD_2_285,783,0.21452054794520548,0.5029456696891411,5,3656.61,2.344510465345294,C,1,0.004603336978376662,0.22412485296832824,0.4686184569840115,Low Risk
HOBBIES_2_145,1239,0.33945205479452056,0.7860141729681241,7,3568.3199999999997,2.315538120527565,C,1,0.007284207555822075,0.22135522467346588,0.46859182966878643,Low Risk
HOUSEHOLD_2_041,729,0.19972602739726028,0.46863817504991295,4,3623.1299999999997,2.34640512885073,C,1,0.004285865462626548,0.22430597443733297,0.46857755196998785,Low Risk
FOODS_3_001,1561,0.4276712328767123,0.9812443938993523,14,3869.68,2.2943895180862497,C,1,0.009177278446035721,0.21933351161962916,0.4685532370196995,Low Risk
HOUSEHOLD_1_507,1949,0.533972602739726,1.2120125198965286,13,3449.73,2.269802820740036,C,1,0.011458370077721729,0.21698313186694787,0.4685324505834009,Low Risk
HOUSEHOLD_2_043,861,0.23589041095890412,0.5510144997578355,5,4277.17,2.3358918979281063,C,1,0.005061906945571272,0.22330095596137234,0.4685088588720831,Low Risk
HOUSEHOLD_2_206,825,0.22602739726027396,0.5272844430429451,5,2367.75,2.332834202553636,C,1,0.004850259268404529,0.22300865377873988,0.4683576739141433,Low Risk
FOODS_3_543,1051,0.28794520547945207,0.6676097810007626,7,3898.0,2.3185306381092134,C,1,0.006178936352840194,0.2216412961467674,0.46834606974988235,Low Risk
HOBBIES_2_038,1026,0.2810958904109589,0.6520821924040046,7,995.22,2.319785577265708,C,1,0.006031958799252178,0.22176126279144268,0.4683379664772085,Low Risk
FOODS_3_486,1388,0.3802739726027397,0.8734975710239006,10,3989.46,2.29702171054556,C,1,0.00816019377520665,0.21958513760153342,0.46832359941302204,Low Risk
HOBBIES_1_408,5420,1.484931506849315,3.041220026100907,33,3251.85,2.0480540766177695,C,1,0.03186473361788188,0.1957849306189979,0.468294899271064,Low Risk
HOBBIES_1_009,2463,0.6747945205479452,1.5018925756596915,17,4285.73,2.2257035733487105,C,1,0.01448022857949134,0.21276743844877452,0.46817430010847977,Low Risk
FOODS_3_193,999,0.2736986301369863,0.6337487307159398,7,2496.99,2.315498365478659,C,1,0.005873223041377121,0.2213514242662498,0.4681673941922881,Low Risk
HOUSEHOLD_2_133,927,0.25397260273972605,0.587987775216336,6,4607.19,2.3151622217255947,C,1,0.005449927687043635,0.22131929040703038,0.4680307654282222,Low Risk
FOODS_1_133,1356,0.3715068493150685,0.8502956319076372,8,4714.88,2.2887751153856017,C,1,0.00797206250661399,0.2187967995006656,0.4680306586021839,Low Risk
HOBBIES_1_401,801,0.21945205479452054,0.5094930295829757,5,1576.97,2.321659872631537,C,1,0.004709160816960034,0.22194043715619596,0.46799487939194684,Low Risk
HOBBIES_1_239,1016,0.27835616438356164,0.6414029004695053,8,3017.52,2.304252545978046,C,1,0.005973167777816972,0.22027637355551982,0.4678748624000011,Low Risk
HOUSEHOLD_1_036,969,0.2654794520547945,0.6122326623267097,5,2887.62,2.3061395433359033,C,1,0.005696849977071501,0.22045676217465066,0.46784608364551666,Low Risk
HOBBIES_2_058,1076,0.2947945205479452,0.677072571160851,6,538.0,2.2967610452947085,C,1,0.00632591390642821,0.2195602191540005,0.46776583991812865,Low Risk
FOODS_3_500,1508,0.41315068493150686,0.9357210011705391,10,3736.3,2.2648419458040236,C,1,0.008865686032429128,0.21650889411793264,0.4676123740451086,Low Risk
HOUSEHOLD_1_120,801,0.21945205479452054,0.5062554443974644,4,3572.31,2.306906831524026,C,1,0.004709160816960034,0.22053011153900165,0.46757178170678854,Low Risk
HOUSEHOLD_2_017,887,0.243013698630137,0.5592949720880552,5,3299.6400000000003,2.30149565740857,C,1,0.0052147636013028095,0.22001282717583118,0.4675682772331402,Low Risk
HOUSEHOLD_2_373,904,0.24767123287671233,0.5696501466038147,5,4212.64,2.30002548130965,C,1,0.00531470833774266,0.2198722848294103,0.4675560979501459,Low Risk
HOBBIES_1_003,886,0.24273972602739727,0.5581879136837885,6,2631.42,2.2995326015189934,C,1,0.005208884499159288,0.21982516769675303,0.4675102156587737,Low Risk
HOBBIES_1_216,1919,0.5257534246575343,1.1745542734678172,14,3328.31,2.2340401762154936,C,1,0.011281997013416112,0.2135643808891649,0.46745391337077435,Low Risk
FOODS_3_343,972,0.2663013698630137,0.6103059061824408,8,3516.58,2.291786581857931,C,1,0.005714487283502064,0.21908468240428508,0.46743975090633616,Low Risk
FOODS_1_008,1114,0.3052054794520548,0.6964658653028444,6,3943.56,2.2819572785954954,C,1,0.0065493197878819945,0.21814504439411733,0.46740830925459986,Low Risk
FOODS_3_512,879,0.24082191780821918,0.5528563895951544,5,1740.42,2.295706282164179,C,1,0.005167730784154644,0.21945938845392876,0.467388135771425,Low Risk
FOODS_3_027,1896,0.5194520547945205,1.159175733659227,16,3766.35,2.2315355632152842,C,1,0.011146777664115134,0.2133249509404776,0.46734151858137785,Low Risk
FOODS_3_043,1479,0.4052054794520548,0.9133012849116192,10,3691.2,2.253921358977289,C,1,0.00869519207026703,0.21546493421540805,0.4672480378857025,Low Risk
HOBBIES_2_045,964,0.2641095890410959,0.6022244223787303,12,2379.5800000000004,2.280206578508678,C,1,0.005667454466353898,0.21797768519254868,0.4670935418976708,Low Risk
FOODS_3_548,866,0.23726027397260274,0.5421485738374024,6,2231.1800000000003,2.285037291577966,C,1,0.005091302456288875,0.2184394800415757,0.4670592347493594,Low Risk
HOUSEHOLD_2_117,796,0.21808219178082192,0.49894560662744775,5,1964.8700000000001,2.2878787238570153,C,1,0.0046797653062424305,0.21871110842676508,0.4670172621199023,Low Risk
HOBBIES_1_224,777,0.21287671232876712,0.4870464546405735,4,3078.6600000000003,2.287927360924187,C,1,0.004568062365515538,0.21871575791572653,0.46698514608437264,Low Risk
HOUSEHOLD_2_129,822,0.2252054794520548,0.5142211877692165,5,4710.06,2.2833422571260833,C,1,0.004832621961973967,0.21827744222902595,0.4669330192573,Low Risk
HOUSEHOLD_2_377,883,0.24191780821917808,0.5513844593048095,6,4388.51,2.279222283649552,C,1,0.005191247192728727,0.21788359094821072,0.46692245144228184,Low Risk
FOODS_3_204,1827,0.5005479452054794,1.1100698681234153,13,4530.96,2.2177093698141577,C,1,0.01074111961621221,0.2120032278733627,0.46682330424687246,Low Risk
HOUSEHOLD_2_067,1749,0.4791780821917808,1.0642445581965745,16,1696.53,2.2209792095011416,C,1,0.010282549649017602,0.2123158101159706,0.46677950792949646,Low Risk
HOBBIES_2_022,845,0.23150684931506849,0.5254229298655434,4,4199.65,2.2695783361056017,C,1,0.004967841311274942,0.21696167212666098,0.4665788540313808,Low Risk
HOUSEHOLD_2_302,1036,0.28383561643835614,0.6407095403470818,6,3087.2799999999997,2.257326083269159,C,1,0.006090749820687384,0.2157904108309286,0.46656434819548487,Low Risk
HOUSEHOLD_2_371,4481,1.2276712328767123,2.497233613596614,40,3495.1800000000003,2.034122448031163,C,1,0.026344256705115993,0.19445312841349027,0.4662392155355819,Low Risk
FOODS_1_030,1165,0.31917808219178084,0.7137911578352039,10,4048.19,2.2363413957926985,C,1,0.006849153997201548,0.21378436732429176,0.466190056396448,Low Risk
HOBBIES_1_322,790,0.21643835616438356,0.48800736852225796,3,3136.3,2.254717588742078,C,1,0.004644490693381307,0.21554105026675444,0.46605566228804074,Low Risk
FOODS_2_287,1313,0.3597260273972603,0.794727715613472,8,3275.0,2.20925831073052,C,1,0.007719261114442602,0.2111953439237946,0.46567438151147117,Low Risk
FOODS_2_268,1019,0.2791780821917808,0.621730700481072,6,3759.3999999999996,2.2270039811147333,C,1,0.0059908050842475335,0.21289175169184457,0.46566476703282766,Low Risk
HOBBIES_1_368,931,0.2550684931506849,0.5666175266011032,5,3928.8199999999997,2.2214328379098034,C,1,0.005473444095617717,0.21235917498974546,0.465349785725609,Low Risk
HOUSEHOLD_2_288,893,0.24465753424657535,0.5431556299479473,4,3545.21,2.220065004826436,C,1,0.005250038214163933,0.21222841618391955,0.46524353631942506,Low Risk
HOUSEHOLD_1_501,806,0.22082191780821916,0.49108733174567815,4,3191.7599999999998,2.2239066512056147,C,1,0.004738556327677636,0.2125956606226271,0.4652002650850915,Low Risk
HOUSEHOLD_2_338,910,0.2493150684931507,0.5523122842409359,4,4477.2,2.215318502724633,C,1,0.005349982950603784,0.21177467153171822,0.46513739634469664,Low Risk
HOUSEHOLD_1_099,1707,0.4676712328767123,1.0127557522001729,15,4045.59,2.165529288535812,C,1,0.010035627358989734,0.2070150424004255,0.46511520092782455,Low Risk
HOUSEHOLD_2_093,1371,0.3756164383561644,0.8204080061306988,12,4326.27,2.1841642759861783,C,1,0.008060249038766799,0.2087964649549906,0.4650570141981272,Low Risk
FOODS_3_521,1509,0.41342465753424656,0.8993073355026673,13,3832.86,2.17526293875728,C,1,0.008871565134572648,0.2079455364020423,0.4650451304609845,Low Risk
HOBBIES_2_067,899,0.2463013698630137,0.5449323244978087,5,2670.03,2.2124616066929943,C,1,0.005285312827025056,0.2115015648800307,0.4650360633121168,Low Risk
FOODS_3_506,971,0.26602739726027397,0.5873162406004806,6,3859.62,2.2077284018452668,C,1,0.005708608181358542,0.21104909138663142,0.46502730987039703,Low Risk
FOODS_2_269,1423,0.38986301369863013,0.8496488936007943,9,3675.0,2.1793523975002804,C,1,0.008365962350229872,0.20833647060900906,0.4650107298877717,Low Risk
HOUSEHOLD_1_470,1376,0.376986301369863,0.8226158653747866,8,4100.48,2.1820842359142234,C,1,0.008089644549484402,0.20859762230438783,0.4650061800561617,Low Risk
HOBBIES_2_140,1226,0.3358904109589041,0.7359161523016876,8,3026.73,2.190941236460979,C,1,0.007207779227956306,0.2094443124662036,0.46499562750824797,Low Risk
FOODS_2_366,1528,0.41863013698630136,0.9091859628336134,13,3937.98,2.1718120185488803,C,1,0.00898326807529954,0.20761564366078764,0.4649796735208262,Low Risk
HOBBIES_1_107,937,0.2567123287671233,0.5668422162242825,6,3729.2599999999998,2.2080833396143342,C,1,0.005508718708478841,0.21108302187083314,0.4649775221737936,Low Risk
FOODS_3_040,1260,0.3452054794520548,0.7551850721881349,6,3170.68,2.1876392964180096,C,1,0.007407668700836009,0.20912866157123874,0.4649608990816224,Low Risk
HOUSEHOLD_1_337,903,0.2473972602739726,0.5459435286941765,4,4487.91,2.206748482540138,C,1,0.005308829235599139,0.21095541542594404,0.46487927339846297,Low Risk
FOODS_3_465,2192,0.6005479452054795,1.275826526344642,18,3814.08,2.1244374184114703,C,1,0.012886991898597247,0.2030868409758883,0.4647921498623457,Low Risk
FOODS_2_148,1545,0.4232876712328767,0.9152974390944928,9,3935.34,2.1623531732653065,C,1,0.009083212811739391,0.20671141979837937,0.46473838978303567,Low Risk
FOODS_3_050,1122,0.30739726027397263,0.6726664898926114,8,2447.5600000000004,2.1882644279037713,C,1,0.00659635260503016,0.20918842138225396,0.4647354321961853,Low Risk
HOBBIES_2_089,1035,0.28356164383561644,0.6219502073825353,5,3073.9500000000003,2.193350972894931,C,1,0.006084870718543864,0.20967467263389533,0.46472786300573177,Low Risk
FOODS_2_017,1253,0.34328767123287673,0.7482253687935354,7,4605.96,2.179587067914129,C,1,0.007366514985831364,0.20835890406485297,0.4647176257152053,Low Risk
FOODS_2_205,1436,0.3934246575342466,0.8526781743424379,10,3718.52,2.1673226576252773,C,1,0.008442390678095641,0.20718648057032726,0.46468866137452686,Low Risk
FOODS_3_408,1461,0.4002739726027397,0.8643545116727913,7,4353.78,2.159407233131888,C,1,0.008589368231683657,0.20642980092355864,0.4645057507465727,Low Risk
FOODS_3_235,2502,0.6854794520547945,1.4362234676360301,16,4353.48,2.095210094672866,C,1,0.014709513563088646,0.20029283782154209,0.46450070541538924,Low Risk
HOBBIES_2_018,1323,0.36246575342465753,0.7854978030745957,15,4447.46,2.1670952239019456,C,1,0.007778052135877809,0.2071647389101576,0.4644828373138106,Low Risk
FOODS_3_778,1070,0.29315068493150687,0.6395070311107104,7,2439.6,2.1814959472468156,C,1,0.006290639293567086,0.20854138450420115,0.4644496071393305,Low Risk
HOBBIES_1_207,898,0.24602739726027398,0.5392430464107026,4,2496.44,2.191800801112544,C,1,0.005279433724881536,0.20952648305319668,0.46444177503342343,Low Risk
FOODS_2_394,1475,0.4041095890410959,0.8711034063004098,8,4380.75,2.155611818980675,C,1,0.008671675661692945,0.20606697608179828,0.4644215955230474,Low Risk
FOODS_3_315,2286,0.6263013698630137,1.3185726718934254,22,3977.64,2.1053325688587066,C,1,0.013439627500088185,0.20126050167807477,0.4644100387534489,Low Risk
FOODS_2_223,1684,0.46136986301369864,0.9881530574625449,10,3667.32,2.1417806768042094,C,1,0.00990040800968876,0.2047447799336024,0.46439355638298735,Low Risk
HOBBIES_1_036,1867,0.5115068493150685,1.0888226955037767,14,2091.0400000000004,2.1286571176158464,C,1,0.010976283701953037,0.2034902255961451,0.46433995278942947,Low Risk
HOBBIES_1_041,923,0.25287671232876713,0.5524292485772495,5,3895.06,2.184579368696599,C,1,0.005426411278469552,0.20883614598609127,0.4642787671793682,Low Risk
HOBBIES_1_002,1028,0.28164383561643835,0.613288074894642,6,4081.1600000000003,2.1775306161142445,C,1,0.006043717003539219,0.20816231634895307,0.4642618100057477,Low Risk
FOODS_3_164,1559,0.42712328767123287,0.9141131486825275,10,4296.68,2.1401622788269568,C,1,0.00916552024174868,0.20459006822979153,0.46412667654146206,Low Risk
HOUSEHOLD_2_016,1188,0.3254794520547945,0.7029925484283364,12,1924.5600000000002,2.1598676782520436,C,1,0.0069843733465025214,0.20647381744486673,0.4640374572374108,Low Risk
FOODS_3_088,1347,0.36904109589041095,0.7928672231202315,11,3744.66,2.1484523863317335,C,1,0.007919150587322303,0.20538256591878185,0.4639905149518313,Low Risk
FOODS_3_597,1282,0.3512328767123288,0.755670887728494,6,3638.4199999999996,2.151481076606087,C,1,0.007537008947993463,0.2056720953418574,0.4639627312869553,Low Risk
FOODS_3_068,1441,0.3947945205479452,0.8454253756195229,11,3410.3,2.141431381687202,C,1,0.008471786188813245,0.20471138886203377,0.4639549525152541,Low Risk
FOODS_3_749,2436,0.6673972602739726,1.3878283362188166,16,4238.64,2.0794636400651396,C,1,0.014321492821616282,0.19878754625816691,0.46393271172393497,Low Risk
FOODS_1_057,1475,0.4041095890410959,0.8638373405858951,20,3298.5400000000004,2.1376313851786555,C,1,0.008671675661692945,0.20434812596713653,0.46390594048864886,Low Risk
FOODS_2_386,1586,0.4345205479452055,0.9248036700623765,8,4117.18,2.128331270950614,C,1,0.009324255999623738,0.20345907609307617,0.46383499962781,Low Risk
FOODS_3_374,1553,0.42547945205479454,0.9061512046803994,8,3872.25,2.1297178989590844,C,1,0.009130245628887557,0.20359163161079036,0.4638165631719034,Low Risk
HOUSEHOLD_2_281,822,0.2252054794520548,0.4896520584701426,4,4331.94,2.17424575841365,C,1,0.004832621961973967,0.2078482984505262,0.4638042761237501,Low Risk
HOBBIES_1_119,2194,0.6010958904109589,1.2528067273930366,20,3798.05,2.0842044462099287,C,1,0.012898750102884287,0.19924074640201686,0.46364184895147037,Low Risk
HOBBIES_1_061,1134,0.31068493150684934,0.6670582021219371,6,3209.2200000000003,2.1470568234083514,C,1,0.006666901830752408,0.20524915626263643,0.4635748174280167,Low Risk
HOBBIES_2_054,898,0.24602739726027398,0.5315652665227313,4,3565.06,2.160593789318451,C,1,0.005279433724881536,0.20654323045811737,0.46354679925489967,Low Risk
FOODS_3_145,1053,0.28849315068493153,0.6201195776466363,11,3137.94,2.1495123061825474,C,1,0.006190694557127236,0.20548388957855357,0.46350237524070426,Low Risk
FOODS_1_070,2086,0.5715068493150685,1.1916670472154676,13,2037.3999999999999,2.0851316981478702,C,1,0.012263807071384056,0.19932938759484906,0.46347795839987,Low Risk
FOODS_2_188,1344,0.3682191780821918,0.7829915411658543,7,3453.08,2.1264279205769108,C,1,0.007901513280891743,0.20327712419780467,0.4633535912436089,Low Risk
HOBBIES_1_202,2407,0.6594520547945205,1.3586400136877785,16,4185.49,2.0602559409889456,C,1,0.014150998859454183,0.19695137499984078,0.46333071215778854,Low Risk
HOBBIES_1_185,1207,0.3306849315068493,0.7050425757482787,5,3910.6800000000003,2.132067441160909,C,1,0.007096076287229414,0.20381623747555846,0.4632736941288364,Low Risk
HOUSEHOLD_1_471,1272,0.34849315068493153,0.7415767445476716,5,3291.84,2.1279521364772025,C,1,0.007478217926558256,0.20342283251073154,0.463270315131187,Low Risk
HOUSEHOLD_2_386,1025,0.2808219178082192,0.6017143532041581,4,4069.25,2.142690135800173,C,1,0.006026079697108657,0.2048317201997108,0.46325733996904583,Low Risk
FOODS_3_012,1896,0.5194520547945205,1.0846747411474076,11,4697.6,2.0881132938755473,C,1,0.011146777664115134,0.1996144149871146,0.463228357795369,Low Risk
HOBBIES_1_156,2269,0.6216438356164383,1.2827769164689848,18,4169.26,2.063523907056763,C,1,0.013339682763648334,0.19726377813272558,0.4631810382689122,Low Risk
FOODS_3_718,3010,0.8246575342465754,1.6615343229565804,13,4420.62,2.014817368369275,C,1,0.01769609745199713,0.19260764800096192,0.4630911236358878,Low Risk
HOUSEHOLD_1_271,1180,0.3232876712328767,0.6858633108810513,7,3516.4,2.1215263429795232,C,1,0.0069373405293543565,0.2028085550126526,0.4629237686626021,Low Risk
HOBBIES_1_259,1241,0.34,0.7198893066762514,14,1203.77,2.1173214902242687,C,1,0.007295965760109117,0.2024065896474069,0.46291076662225483,Low Risk
HOUSEHOLD_1_463,1135,0.31095890410958904,0.6588690501738239,7,3382.2999999999997,2.118829985140491,C,1,0.006672780932895928,0.2025507951036414,0.4627670728109612,Low Risk
FOODS_1_056,1257,0.3443835616438356,0.7261527747602783,7,2815.1600000000003,2.108558176511548,C,1,0.007390031394405446,0.20156885553343712,0.4626876660783528,Low Risk
FOODS_3_153,2227,0.6101369863013698,1.2496340852758732,17,3874.98,2.048120525934862,C,1,0.013092760473620468,0.19579128288043726,0.4626652130062173,Low Risk
FOODS_3_325,1819,0.4983561643835616,1.0320288862645706,8,4568.14,2.0708660994313814,C,1,0.010694086799064046,0.19796565931890497,0.4625979238353907,Low Risk
FOODS_3_254,1911,0.5235616438356164,1.0792740496626338,18,3325.14,2.061407787163063,C,1,0.011234964196267945,0.19706148641040264,0.4624889351820012,Low Risk
FOODS_3_255,1100,0.3013698630136986,0.6361049668299147,6,4378.0,2.1107119353901718,C,1,0.006467012357872705,0.20177474537659879,0.46247252732034144,Low Risk
HOBBIES_1_130,1617,0.443013698630137,0.9200198458002028,8,4414.41,2.076730016803179,C,1,0.009506508166072878,0.19852622393919508,0.4624098196315804,Low Risk
FOODS_2_341,1362,0.3731506849315068,0.7792472647163454,6,3400.5,2.088291127910911,C,1,0.008007337119475114,0.1996314151360232,0.46229162567664955,Low Risk
HOBBIES_1_167,6166,1.6893150684931506,3.0278547581074315,31,4192.88,1.792356449414876,C,1,0.036250543816948276,0.1713413659822503,0.4622775729397596,Low Risk
HOUSEHOLD_2_231,953,0.26109589041095893,0.5515805080384921,6,3782.9300000000003,2.1125591336206675,C,1,0.0056027843427751715,0.20195132937480764,0.46226623411527484,Low Risk
HOUSEHOLD_2_070,1436,0.3934246575342466,0.8185707975894094,8,4264.92,2.0806291164354764,C,1,0.008442390678095641,0.19889896065533036,0.4622024054000278,Low Risk
FOODS_3_425,1718,0.4706849315068493,0.9711321433312992,24,4260.64,2.0632318528284297,C,1,0.010100297482568462,0.19723585903748095,0.4622008469560149,Low Risk
FOODS_2_319,1391,0.3810958904109589,0.7913092647918714,7,3926.9199999999996,2.0764046128614884,C,1,0.008177831081637213,0.19849511675854278,0.462001884352054,Low Risk
HOBBIES_1_399,1270,0.34794520547945207,0.7250196487714752,11,2501.9,2.0837178882014835,C,1,0.007466459722271215,0.19919423360383778,0.4619982079978327,Low Risk
FOODS_3_582,1999,0.5476712328767124,1.1159430601658498,13,3957.18,2.0376148922488,C,1,0.011752325184897763,0.19478699066676147,0.4619617947554978,Low Risk
HOUSEHOLD_1_472,922,0.25260273972602737,0.5310579506905715,3,4443.04,2.1023443818010694,C,1,0.005420532176326031,0.20097484418375597,0.4619186129080246,Low Risk
HOUSEHOLD_2_471,1086,0.29753424657534244,0.6213692145576534,7,3779.2799999999997,2.0883956106219475,C,1,0.006384704927863416,0.19964140322206286,0.4618078324449779,Low Risk
HOBBIES_2_117,1525,0.4178082191780822,0.860484555977157,8,4392.0,2.059520412666638,C,1,0.008965630768868978,0.19688106173848927,0.4617540077522075,Low Risk
FOODS_2_132,1602,0.4389041095890411,0.8998760026085834,9,4126.54,2.0502792818485203,C,1,0.009418321633920068,0.19599765041809375,0.46162479161560416,Low Risk
FOODS_3_188,1146,0.31397260273972605,0.6522065330968946,5,2269.08,2.0772721167571246,C,1,0.006737451056474656,0.19857804630222914,0.4615946492076111,Low Risk
FOODS_2_303,1854,0.5079452054794521,1.0312026451309406,12,4032.6400000000003,2.0301454448370726,C,1,0.01089985537408727,0.19407294446067574,0.4614918399504289,Low Risk
HOBBIES_1_006,2561,0.7016438356164384,1.3929401662151908,13,2473.84,1.9852524821106778,C,1,0.015056380589556363,0.18978137535953973,0.46145132678472883,Low Risk
HOUSEHOLD_2_424,905,0.24794520547945206,0.5173370239399291,4,2606.4,2.086497389370985,C,1,0.00532058743988618,0.19945994164828793,0.4614341587264522,Low Risk
FOODS_3_669,3583,0.9816438356164383,1.8864570588420786,17,2682.05,1.9217327001879954,C,1,0.021064822980234457,0.1837091645528779,0.4614321962599337,Low Risk
HOBBIES_1_232,6060,1.6602739726027398,2.936840383882333,28,2908.74,1.7688890100941446,C,1,0.03562735898973509,0.16909798235694945,0.46141760240400537,Low Risk
FOODS_3_161,1113,0.3049315068493151,0.6320245113721926,9,2203.74,2.072676969010335,C,1,0.006543440685738474,0.19813877045836326,0.4614046633432305,Low Risk
FOODS_3_798,1289,0.35315068493150686,0.7276003286016463,7,2552.22,2.0603112485616824,C,1,0.007578162662998107,0.19695666215969393,0.46136044744680765,Low Risk
HOBBIES_1_316,2465,0.6753424657534246,1.341444763563083,14,2317.1,1.9863178040589264,C,1,0.014491986783778379,0.189883215435984,0.46131256066592874,Low Risk
HOUSEHOLD_2_308,1194,0.3271232876712329,0.6710991124848082,12,4641.85,2.051517387411683,C,1,0.007019647959363646,0.19611600784554176,0.46094069674147164,Low Risk
HOBBIES_1_131,5480,1.5013698630136987,2.6808136115383956,30,3726.4,1.7855784091450992,C,1,0.03221747974649312,0.17069341524740322,0.4608732684981689,Low Risk
FOODS_2_155,1636,0.4482191780821918,0.9050138082123145,8,4087.5,2.0191322738233177,C,1,0.00961821110679977,0.19302013391849318,0.4607915035075879,Low Risk
HOUSEHOLD_1_230,1120,0.30684931506849317,0.6287025199768022,7,3673.6,2.0488966052815427,C,1,0.006584594400743118,0.19586547264074655,0.46073502011244694,Low Risk
FOODS_1_060,1754,0.48054794520547944,0.9657208991519286,11,2946.72,2.0096244480641614,C,1,0.010311945159735205,0.192111227738795,0.4607269518695591,Low Risk
HOBBIES_2_091,2263,0.62,1.2234508607907106,20,2195.11,1.9733078399850172,C,1,0.013304408150787211,0.18863952029011535,0.46058317853227076,Low Risk
HOUSEHOLD_2_154,1146,0.31397260273972605,0.6407610996793017,8,2154.48,2.0408185111949835,C,1,0.006737451056474656,0.19509324249881466,0.4605492080665868,Low Risk
HOUSEHOLD_1_279,3853,1.0556164383561644,1.9766872214233489,25,3737.41,1.872543046507974,C,1,0.02265218055898503,0.17900685076006054,0.46049770939571366,Low Risk
HOUSEHOLD_2_112,1116,0.30575342465753425,0.6235488339194627,6,4430.52,2.039384627066343,C,1,0.0065610779921690355,0.19495616950457753,0.46045517424902394,Low Risk
FOODS_3_316,1721,0.4715068493150685,0.9416428959387134,7,4322.66,1.9970927194516583,C,1,0.010117934788999023,0.19091324979234015,0.46030935537440176,Low Risk
HOUSEHOLD_2_286,1293,0.35424657534246573,0.716435709283369,10,2767.02,2.022420989082983,C,1,0.007601679071572189,0.19333452058254186,0.46028085989623424,Low Risk
HOBBIES_1_318,1079,0.29561643835616436,0.6014575023739241,6,4426.76,2.034587473276018,C,1,0.006343551212858772,0.1944975827745052,0.46025234019620925,Low Risk
FOODS_3_223,2157,0.5909589041095891,1.162620249156091,22,4270.86,1.9673453451180956,C,1,0.012681223323574024,0.18806953209636404,0.4602252266259814,Low Risk
HOBBIES_2_121,2382,0.6526027397260274,1.2704345365854701,16,2310.54,1.9467195879668202,C,1,0.01400402130586617,0.18609780074467258,0.46003054661516163,Low Risk
HOBBIES_1_106,1081,0.2961643835616438,0.5989042477651946,4,2778.1699999999996,2.022202131677114,C,1,0.006355309417145813,0.19331359878047,0.45990067245928473,Low Risk
HOBBIES_2_120,1735,0.47534246575342465,0.9420421223863519,10,4285.450000000001,1.9818177214467922,C,1,0.010200242219008313,0.1894530273994203,0.45989598088552863,Low Risk
HOUSEHOLD_2_354,2044,0.56,1.0982634090953518,12,1982.68,1.9611846590988424,C,1,0.012016884781356192,0.18748059770316833,0.4598492447453574,Low Risk
HOUSEHOLD_2_310,1138,0.3117808219178082,0.6284550267533527,5,1615.9599999999998,2.0156949452106656,C,1,0.006690418239326489,0.19269154047380535,0.45981458761393956,Low Risk
FOODS_3_567,1769,0.4846575342465753,0.9569581647068625,10,3078.06,1.9745038446467202,C,1,0.010400131691888014,0.1887538530571965,0.4597461954247254,Low Risk
HOUSEHOLD_2_024,1722,0.47178082191780824,0.9322917105494417,12,3822.84,1.9761119300264007,C,1,0.010123813891142544,0.18890757892219423,0.45970941784400104,Low Risk
FOODS_2_230,1962,0.5375342465753424,1.0513478811905987,8,4273.360000000001,1.955871440543163,C,1,0.011534798405587498,0.18697267745918475,0.4595522427594317,Low Risk
HOBBIES_1_380,2311,0.6331506849315068,1.2225375995344656,18,4007.03,1.9308793761578535,C,1,0.013586605053676202,0.1845835464066571,0.4594510454381,Low Risk
HOUSEHOLD_2_511,1387,0.38,0.7542589407754172,7,3800.38,1.9848919494089927,C,1,0.008154314673063129,0.18974691002447305,0.4593703674092609,Low Risk
HOUSEHOLD_2_496,1581,0.4331506849315068,0.854146747808478,13,2339.88,1.971939044592628,C,1,0.009294860488906133,0.1885086694917941,0.45934105899421007,Low Risk
FOODS_3_309,1166,0.31945205479452055,0.6380462488336957,6,2308.68,1.9973145868293218,C,1,0.006855033099345068,0.19093445933443104,0.45933684773013284,Low Risk
FOODS_2_094,2149,0.5887671232876712,1.1394588740443738,12,2742.58,1.935330335161454,C,1,0.012634190506425858,0.18500903844305244,0.45929296868484354,Low Risk
FOODS_3_623,1517,0.4156164383561644,0.8198198879477262,8,4520.66,1.9725396117397498,C,1,0.008918597951720814,0.18856608106045028,0.45924540370365136,Low Risk
FOODS_3_507,1237,0.3389041095890411,0.6728040447732856,6,2449.2599999999998,1.9852342469058144,C,1,0.007272449351535033,0.18977963215443602,0.4591156244517913,Low Risk
FOODS_3_240,1987,0.5443835616438356,1.0531647048736426,10,1987.0,1.9346004895766458,C,1,0.011681775959175515,0.18493926842632505,0.4589863133156502,Low Risk
FOODS_3_802,1299,0.3558904109589041,0.7024793339482578,6,2182.3199999999997,1.9738641793003395,C,1,0.007636953684433313,0.18869270387325146,0.4588988972673055,Low Risk
HOBBIES_1_382,1271,0.34821917808219177,0.681030087368148,6,2503.87,1.955751234377451,C,1,0.007472338824414735,0.1869611862802737,0.45833005753140654,Low Risk
FOODS_3_022,1191,0.3263013698630137,0.6386593308533416,6,2358.18,1.9572683103397956,C,1,0.007002010652933085,0.18710621204664502,0.45823246680987345,Low Risk
FOODS_2_015,1944,0.5326027397260275,1.0162586575656676,9,4776.92,1.908098816931423,C,1,0.011428974567004127,0.18240582548681974,0.4581504400161472,Low Risk
HOUSEHOLD_2_418,1222,0.33479452054794523,0.6515115329602931,7,3397.16,1.946004169644083,C,1,0.007184262819382225,0.18602940991052433,0.457964101818972,Low Risk
FOODS_3_564,2514,0.6887671232876712,1.2855457856993235,17,4374.36,1.8664447564846982,C,1,0.014780062788810892,0.17842388114869495,0.4579611831812518,Low Risk
FOODS_3_710,1545,0.4232876712328767,0.8148761686100497,11,4567.53,1.9251119840949396,C,1,0.009083212811739391,0.1840322091798809,0.4579346265974861,Low Risk
FOODS_1_066,3092,0.8471232876712329,1.5475202978368963,17,4203.04,1.826794659477578,C,1,0.018178183827765825,0.1746335068708851,0.45784350720959527,Low Risk
HOUSEHOLD_1_367,1164,0.3189041095890411,0.61958437267124,5,4621.08,1.9428547768471014,C,1,0.006843274895058027,0.1857283418590072,0.4577714850262196,Low Risk
FOODS_3_056,1773,0.48575342465753424,0.9249383080435916,7,3085.02,1.9041313166154028,C,1,0.010423648100462098,0.18202654996720766,0.45773505942030096,Low Risk
FOODS_3_078,1366,0.37424657534246575,0.7213570799159831,6,4055.46,1.927491465368476,C,1,0.008030853528049196,0.1842596770877683,0.45768715918474523,Low Risk
FOODS_3_180,1297,0.35534246575342465,0.6861829439654925,7,3863.14,1.9310468353693506,C,1,0.007625195480146272,0.18459955476819345,0.457667425074502,Low Risk
FOODS_3_478,2723,0.746027397260274,1.3746687881571835,17,4730.62,1.8426518827666984,C,1,0.016008795136806708,0.17614938743132297,0.45764745477043894,Low Risk
FOODS_3_358,1398,0.383013698630137,0.7356085858599429,7,4024.44,1.9205803565012816,C,1,0.008218984796641857,0.1835990055823076,0.45754539711368486,Low Risk
HOUSEHOLD_2_469,1336,0.36602739726027395,0.7029256867094664,7,3966.9300000000003,1.9204182309053537,C,1,0.007854480463743577,0.1835835070908797,0.45743139626638696,Low Risk
FOODS_2_358,1897,0.5197260273972603,0.9800811100079474,8,4737.0,1.8857649190980539,C,1,0.011152656766258656,0.18027080342481488,0.4574270380573221,Low Risk
FOODS_1_091,1892,0.5183561643835617,0.9775880039972948,7,4237.56,1.8859388026374873,C,1,0.011123261255541054,0.1802874259237481,0.45742320615378673,Low Risk
FOODS_3_137,1763,0.483013698630137,0.9141629217167941,13,4423.46,1.8926231788237655,C,1,0.01036485707902689,0.1809264227856,0.4573873839593881,Low Risk
FOODS_3_453,1413,0.3871232876712329,0.7407037447003627,10,4091.88,1.9133536221913119,C,1,0.008307171328794667,0.18290816167753338,0.4573645999018984,Low Risk
FOODS_3_375,1898,0.52,0.9792363398397806,9,3302.52,1.8831468073841935,C,1,0.011158535868402177,0.18002052350003014,0.45735371781052975,Low Risk
FOODS_3_270,1477,0.40465753424657536,0.7724569432779814,6,4400.98,1.9089152626707055,C,1,0.008683433865979988,0.18248387409610434,0.45735019238862534,Low Risk
FOODS_1_117,2027,0.5553424657534246,1.0390196095116764,13,4539.700000000001,1.8709529228996642,C,1,0.011916940044916339,0.1788548419611314,0.4572315346018143,Low Risk
HOBBIES_1_326,1497,0.41013698630136985,0.7805221551077842,7,2949.09,1.903076730890723,C,1,0.0088010159088504,0.18192573622635216,0.4572180256405608,Low Risk
HOBBIES_2_100,1583,0.4336986301369863,0.8224806352200066,8,1393.04,1.8964335556241467,C,1,0.009306618693193176,0.1812906779905831,0.4571791890051329,Low Risk
FOODS_3_670,1404,0.38465753424657534,0.7336303117668024,8,2779.92,1.9072297991088523,C,1,0.00825425940950298,0.18232275121840022,0.45717310318837096,Low Risk
HOBBIES_1_115,5745,1.573972602739726,2.5746475331150376,32,3905.96,1.6357638809172996,C,1,0.03377544181452609,0.1563718075566353,0.4570441748113484,Low Risk
FOODS_3_397,1388,0.3802739726027397,0.7238980769953809,7,2748.24,1.9036224647212827,C,1,0.00816019377520665,0.18197790597195235,0.4570414299241477,Low Risk
FOODS_3_471,1484,0.40657534246575344,0.769492683039985,10,3710.0,1.8926201435956502,C,1,0.008724587580984633,0.1809261326311882,0.45689521606365185,Low Risk
HOBBIES_1_013,1137,0.3115068493150685,0.596145634028663,5,2239.89,1.9137480775766227,C,1,0.00668453913718297,0.1829458698714366,0.4568891227025859,Low Risk
HOUSEHOLD_1_269,1424,0.39013698630136984,0.7396763551081443,6,4298.72,1.895940095607252,C,1,0.008371841452373394,0.18124350539085834,0.4568846040529695,Low Risk
HOUSEHOLD_2_313,2071,0.5673972602739726,1.052202830174377,10,4079.87,1.8544376292305536,C,1,0.01217562053923125,0.1772760527767662,0.4568355019947993,Low Risk
HOBBIES_1_092,1199,0.3284931506849315,0.6262584944942605,5,2853.62,1.9064583026722692,C,1,0.007049043470081249,0.18224899956406956,0.4567894129102453,Low Risk
HOBBIES_1_047,2371,0.6495890410958904,1.1913206242218166,16,4112.84,1.8339604717037665,C,1,0.013939351182287441,0.17531852689333002,0.4567773634226852,Low Risk
FOODS_3_036,1517,0.4156164383561644,0.7839353512709063,10,4368.96,1.886199098311673,C,1,0.008918597951720814,0.18031230904138287,0.45676927209793117,Low Risk
FOODS_1_168,2088,0.572054794520548,1.0586461140035117,16,4677.120000000001,1.8506026418164836,C,1,0.0122755652756711,0.17690944490573363,0.4567555030544214,Low Risk
FOODS_3_556,1462,0.4005479452054794,0.7561565897293844,8,3657.88,1.8878054394748653,C,1,0.008595247333827178,0.18046586816698246,0.4567183346502429,Low Risk
HOBBIES_1_172,1391,0.3810958904109589,0.7194772196281225,6,4145.18,1.88791650010255,C,1,0.008177831081637213,0.180476485072822,0.4565962948463378,Low Risk
FOODS_1_131,1614,0.4421917808219178,0.8284312231677183,12,4633.5199999999995,1.87346590121572,C,1,0.009488870859642316,0.17909507159709323,0.4565751827370207,Low Risk
FOODS_3_627,1647,0.45123287671232876,0.8440820460275693,7,4742.47,1.870612913175852,C,1,0.009682881230378497,0.17882233853217103,0.45655156592876484,Low Risk
HOBBIES_1_171,1579,0.4326027397260274,0.8099680904047971,7,4419.84,1.872313825191583,C,1,0.009283102284619094,0.17898493821388395,0.45648041214955093,Low Risk
HOBBIES_1_038,1165,0.31917808219178084,0.605346946635275,4,3736.3,1.8965805624195309,C,1,0.006849153997201548,0.18130473119140597,0.4564461655565823,Low Risk
FOODS_1_121,2832,0.7758904109589041,1.391620220886092,20,4248.0,1.793578321410394,C,1,0.016649617270450456,0.17145817155227844,0.45643233664681865,Low Risk
FOODS_3_371,1514,0.4147945205479452,0.775763504582801,6,3801.74,1.8702356616428162,C,1,0.008900960645290251,0.17878627495061594,0.4563061706787719,Low Risk
HOUSEHOLD_2_413,1263,0.346027397260274,0.6521603110614179,8,4647.84,1.8847071538987927,C,1,0.007425306007266571,0.18016968574022202,0.4562784975242466,Low Risk
HOUSEHOLD_1_405,1421,0.3893150684931507,0.7279758456972814,5,4234.58,1.86988869584453,C,1,0.008354204145942831,0.17875310655163656,0.45613219320927384,Low Risk
FOODS_3_373,2084,0.570958904109589,1.0396525395915186,11,3626.16,1.8208885650235331,C,1,0.012252048867097017,0.17406891030768107,0.45589628775243346,Low Risk
FOODS_1_102,1891,0.5180821917808219,0.9488575547354484,7,3361.3,1.8314807375908972,C,1,0.011117382153397533,0.17508147525646922,0.45585965722296007,Low Risk
HOBBIES_1_424,2265,0.6205479452054794,1.1219744986339855,11,3941.01,1.80803837528214,C,1,0.013316166355074252,0.17284048888283549,0.45584699657137295,Low Risk
FOODS_3_539,1614,0.4421917808219178,0.8171065101851561,11,4737.92,1.847855490815254,C,1,0.009488870859642316,0.1766468293945925,0.45584071007627047,Low Risk
HOBBIES_2_036,3588,0.983013698630137,1.6952650233521664,15,3192.09,1.724558900567282,C,1,0.02109421849095206,0.16486021953753088,0.4557863314085449,Low Risk
HOBBIES_2_115,1930,0.5287671232876713,0.9626456322727152,8,4767.1,1.8205474392722332,C,1,0.011346667136994839,0.17403630019141847,0.45561489019852397,Low Risk
FOODS_3_447,2364,0.6476712328767124,1.159623218389003,13,4113.36,1.790450400642919,C,1,0.013898197467282797,0.17115915613201513,0.4555172060797894,Low Risk
FOODS_3_622,1512,0.41424657534246573,0.7628786797319994,8,3894.36,1.8416052784535701,C,1,0.008889202441003208,0.17604933667818576,0.4554815617357567,Low Risk
HOUSEHOLD_1_312,1978,0.5419178082191781,0.9821769568147061,10,4687.860000000001,1.8124094501383605,C,1,0.01162886403988383,0.17325834434731074,0.4554661625161584,Low Risk
FOODS_3_284,1509,0.41342465753424656,0.7562912695888024,10,2987.82,1.8293327594427626,C,1,0.008871565134572648,0.17487613802562904,0.4551243109480605,Low Risk
HOBBIES_2_003,1628,0.44602739726027396,0.811311406432699,9,3207.16,1.818972133586825,C,1,0.009571178289651604,0.1738857079205197,0.4550370658630514,Low Risk
FOODS_1_213,1905,0.5219178082191781,0.9386127287516034,8,4267.200000000001,1.7983918424899488,C,1,0.011199689583406822,0.17191832292296394,0.4549354037519112,Low Risk
FOODS_1_156,2084,0.570958904109589,1.0194224615270848,12,4668.160000000001,1.785456806417399,C,1,0.012252048867097017,0.17068179056332985,0.4548801518291281,Low Risk
FOODS_3_155,2325,0.636986301369863,1.1264291612588688,16,4603.5,1.768372661761235,C,1,0.013668912483685491,0.16904862173523144,0.4548152602656751,Low Risk
HOUSEHOLD_1_424,1494,0.4093150684931507,0.7415336125672712,6,4437.18,1.811645037396613,C,1,0.008783378602419838,0.17318526986294241,0.4545905945396087,Low Risk
FOODS_2_284,1854,0.5079452054794521,0.906459506969304,7,4579.38,1.7845615967842283,C,1,0.01089985537408727,0.17059621247341475,0.4544488203542506,Low Risk
HOUSEHOLD_1_054,1082,0.2964383561643836,0.5418252443401455,3,4241.44,1.8277838649182354,C,1,0.006361188519289334,0.17472807054514458,0.4543267777193302,Low Risk
FOODS_3_517,1480,0.4054794520547945,0.7306263452598396,7,4274.7,1.8018825406746044,C,1,0.008701071172410549,0.1722520182631882,0.45428592683067964,Low Risk
FOODS_3_197,2215,0.6068493150684932,1.0650053705649678,11,4385.7,1.7549749898700373,C,1,0.013022211247898222,0.1677678634331821,0.4542370224043241,Low Risk
FOODS_3_781,1613,0.4419178082191781,0.7911864770552224,7,4000.24,1.790347576721365,C,1,0.009482991757498794,0.1711493266189289,0.4541896955129283,Low Risk
HOBBIES_2_109,1435,0.39315068493150684,0.7075579080452739,7,1391.95,1.7997117521709056,C,1,0.00843651157595212,0.1720445004630298,0.4541443036116946,Low Risk
FOODS_3_667,1509,0.41342465753424656,0.7405460037071928,9,2987.82,1.79124778895378,C,1,0.008871565134572648,0.17123538293525273,0.4540320844209476,Low Risk
HOBBIES_1_313,1801,0.4934246575342466,0.8694350407916812,9,2215.23,1.7620421426372217,C,1,0.010588262960480675,0.16844345204678063,0.45370951450217845,Low Risk
HOUSEHOLD_2_319,2042,0.5594520547945205,0.976231492313812,7,4043.16,1.7449779367999088,C,1,0.012005126577069149,0.16681218928176425,0.45364519475765,Low Risk
HOBBIES_1_044,1453,0.39808219178082194,0.7086720731385546,6,2150.44,1.7802154624609252,C,1,0.008542335414535493,0.1701807412138111,0.453616922988504,Low Risk
FOODS_3_033,1819,0.4983561643835616,0.875739539800094,8,4547.5,1.757256360786335,C,1,0.010694086799064046,0.16798595242392844,0.45360401176689774,Low Risk
FOODS_3_366,2515,0.689041095890411,1.1747855257324356,11,4376.099999999999,1.7049571248204334,C,1,0.014785941890954413,0.16298637628875123,0.4533316954539117,Low Risk
HOBBIES_1_072,1854,0.5079452054794521,0.8859720357207823,8,3652.38,1.7442275784147008,C,1,0.01089985537408727,0.16674045833185205,0.45329209411178184,Low Risk
HOUSEHOLD_2_184,1803,0.49397260273972604,0.8615229616469045,9,3551.91,1.7440703327849147,C,1,0.010600021164767716,0.16672542634364956,0.45319763425252524,Low Risk
FOODS_3_662,1584,0.43397260273972604,0.759445391466676,6,3977.62,1.7499846457407622,C,1,0.009312497795336697,0.1672908085593535,0.45298099190640706,Low Risk
FOODS_1_073,2149,0.5887671232876712,1.008560162583117,9,4555.88,1.713003533470627,C,1,0.012634190506425858,0.16375557744281052,0.45291693038477093,Low Risk
FOODS_3_243,2566,0.703013698630137,1.1852370014502407,12,3793.2400000000002,1.6859372779787134,C,1,0.015085776100273965,0.16116816287495322,0.45287618169256816,Low Risk
FOODS_3_484,1444,0.3956164383561644,0.6875014363598839,6,2859.12,1.737797952017712,C,1,0.008489423495243805,0.16612581442551566,0.45238457137622784,Low Risk
HOUSEHOLD_2_123,1524,0.41753424657534244,0.7230454243872735,6,3017.52,1.731703280192617,C,1,0.008959751666725456,0.1655431906979272,0.4523508827093958,Low Risk
FOODS_2_009,3263,0.893972602739726,1.4469676476425706,10,4678.36,1.6185816469185972,C,1,0.019183510294307853,0.15472926182030844,0.45217383163438496,Low Risk
HOUSEHOLD_2_493,1405,0.38493150684931504,0.665513323531092,5,2725.7,1.7289136162907375,C,1,0.008260138511646501,0.16527651114111502,0.4520609948958285,Low Risk
HOUSEHOLD_1_069,2261,0.6194520547945206,1.0367882221139821,9,4454.17,1.673718270993381,C,1,0.013292649946500172,0.1600000797358561,0.4519878189047069,Low Risk
HOUSEHOLD_1_512,1715,0.46986301369863015,0.7996273679134962,7,3207.05,1.7018308413319307,C,1,0.0100826601761379,0.16268751738513154,0.45183105326838086,Low Risk
FOODS_3_717,1803,0.49397260273972604,0.8379802214476693,8,3569.94,1.6964103207343277,C,1,0.010600021164767716,0.16216933953951862,0.45183080821128596,Low Risk
FOODS_3_159,1589,0.43534246575342467,0.7405642530984986,5,4735.22,1.7011073151727627,C,1,0.009341893306054299,0.16261835147760448,0.45158807343509766,Low Risk
FOODS_3_182,2177,0.5964383561643836,0.9855844626292531,13,4310.46,1.6524498339902498,C,1,0.012798805366444437,0.15796691102680072,0.4512297149179736,Low Risk
HOUSEHOLD_1_200,2190,0.6,0.9905002320966424,11,4421.2,1.6508337201610708,C,1,0.012875233694310205,0.15781241767746457,0.45120629541153245,Low Risk
FOODS_1_118,3357,0.9197260273972603,1.4501377001575761,12,3289.86,1.5767061678805936,C,1,0.019736145895798793,0.1507261508420904,0.4511386890213668,Low Risk
HOUSEHOLD_2_267,1842,0.5046575342465753,0.8383159236288891,8,3633.5099999999998,1.6611580462787432,C,1,0.010829306148365022,0.15879937768780497,0.450888605150851,Low Risk
FOODS_1_160,1808,0.49534246575342467,0.8201392214356534,8,4049.9200000000005,1.655701414955827,C,1,0.01062941667548532,0.15827774781622714,0.45067214934751376,Low Risk
FOODS_1_014,3369,0.9230136986301369,1.4214971370099778,11,3301.62,1.5400607153714512,C,1,0.01980669512152104,0.14722300731726087,0.4501089107316346,Low Risk
FOODS_3_817,1639,0.44904109589041097,0.7390419245530573,5,4734.44,1.6458224677356066,C,1,0.00963584841323033,0.15733336406279924,0.4500907637428089,Low Risk
HOUSEHOLD_2_287,1671,0.4578082191780822,0.7451317226637685,6,3284.43,1.6276066952260653,C,1,0.009823979681822992,0.15559201660636798,0.4496247988864573,Low Risk
FOODS_3_237,4533,1.2419178082191782,1.7933364200014157,20,4533.0,1.4440057209365027,C,1,0.02664997001657907,0.13804057378888857,0.4494071631416403,Low Risk
HOBBIES_1_248,4976,1.3632876712328768,1.928730191126567,25,4677.44,1.414763906272502,C,1,0.029254412266158714,0.1352451853660303,0.4493498792896567,Low Risk
FOODS_1_052,3506,0.9605479452054795,1.4426383848645772,11,3435.88,1.5018910738036813,C,1,0.020612132115183368,0.14357415804544912,0.4492558870481898,Low Risk
HOBBIES_1_149,1829,0.5010958904109589,0.7988234045023993,6,2853.2400000000002,1.5941527755241975,C,1,0.010752877820499253,0.1523939695320543,0.4489440542057661,Low Risk
HOUSEHOLD_2_113,1959,0.5367123287671233,0.8508343152744621,6,3682.9199999999996,1.5852706741969305,C,1,0.011517161099156936,0.15154487984640413,0.44891861228366836,Low Risk
HOUSEHOLD_2_074,3305,0.9054794520547945,1.352645308862023,9,3199.83,1.4938442896660769,C,1,0.01943043258433572,0.14280492099645056,0.44867060607423587,Low Risk
FOODS_1_149,3638,0.9967123287671232,1.464474774642633,13,3565.24,1.4693053676321084,C,1,0.021388173598128092,0.14045910835276315,0.4485541845852674,Low Risk
HOBBIES_1_411,2005,0.5493150684931507,0.8601311007403111,7,2686.7000000000003,1.565824697108297,C,1,0.011787599797758886,0.149685930261731,0.44844205901784695,Low Risk
HOUSEHOLD_2_075,2430,0.6657534246575343,1.0242629548778222,10,4471.2,1.538501969260926,C,1,0.014286218208755159,0.14707399806863508,0.4484080648832171,Low Risk
FOODS_3_579,2142,0.5868493150684931,0.8685877707936549,9,4241.16,1.480086537533539,C,1,0.012593036791421213,0.14148974061254657,0.44622483322119033,Low Risk
FOODS_1_155,4498,1.2323287671232876,1.6417231559119696,18,4408.04,1.3322119873451954,C,1,0.026444201441555844,0.12735358626023957,0.4461393363105386,Low Risk
HOUSEHOLD_2_410,2672,0.7320547945205479,1.04724639772611,9,3687.3599999999997,1.4305573921034063,C,1,0.015708960927487154,0.13675497290676855,0.44573918015027675,Low Risk
FOODS_3_437,4444,1.2175342465753425,1.5697257283404908,14,4444.0,1.28926618101773,C,1,0.026126729925805732,0.12324815671704838,0.4448124659928563,Low Risk
HOBBIES_2_043,4382,1.2005479452054795,1.4589663714924872,12,4250.54,1.2152504007182972,C,1,0.025762225592907452,0.11617257478975537,0.44258044011479886,Low Risk
HOUSEHOLD_2_470,3568,0.9775342465753425,1.229285230608038,9,3406.06,1.2575367409527294,C,1,0.020976636448081648,0.1202149622850123,0.4423574796199282,Low Risk
HOUSEHOLD_2_170,2635,0.7219178082191781,0.9470420372210298,7,3860.79,1.3118419111410848,C,1,0.01549143414817689,0.12540629687864682,0.44226931930804714,Low Risk
HOUSEHOLD_1_266,4137,1.1334246575342466,1.3574618634862758,11,4137.0,1.1976639598078092,C,1,0.024321845567744894,0.11449138865663278,0.4416439702673133,Low Risk
HOBBIES_1_335,0,0.0,0.0,0,0.0,,C,1,0.0,,,Low Risk
